conversation_id,dialogue_id,dialogue_text,binary_label,outcome_category,archetype,product,category
10000,ENG_001,"[Buyer] hey u guys got iPhone 15 128GB rn?
 [Merchant] Yes ma'am, that model is currently available in our inventory. We have Black, Blue, and Pink colors ready for you.
 [Buyer] is it official apple bd or unofficial import... will I get warranty?
 [Merchant] This is an official unit backed by a complete 1-year Apple warranty, as we are certified authorized resellers.
 [Buyer] what is the battery health? can you send the IMEI so I can check plz
 [Merchant] It is completely brand new in a sealed box showing 100% battery health. The IMEI is 35XXXXXXXXXX, and you are welcome to verify it directly on the official Apple website.
 [Buyer] ok... what is the last price after discount?
 [Merchant] The price is 145,000 taka, which includes a complimentary phone case and a screen protector. We also offer convenient EMI facilities.
 [Buyer] hmm ok... lemme think a bit, text u later
 [Merchant] Certainly, please take all the time you need. Kindly note that this promotional offer will remain valid only until the weekend.",no,DEFERRED_CONSIDERATION,Ghoster,iPhone 15,General
10001,ENG_002,"[Buyer] t500 smart watch in stock need it as a gift today plz
 [Merchant] Hello! Yes, it is fully available in Black, White, and Pink. Which color would you like to go with?
 [Buyer] black how much sending bkash now
 [Merchant] It is just 1,800 taka. You can send the payment to our bKash merchant number at 01XXXXXXXX.
 [Buyer] done paid trxid 9KL7M2NXYZ can u send to gulshan by 6 pm
 [Merchant] Payment received successfully, thank you! Which block in Gulshan? I will set up express delivery right away.
 [Buyer] gulshan-2 road 45 house 12 make sure u gift wrap it
 [Merchant] Not a problem at all! We will nicely gift wrap it for you and send it out right now. Our delivery agent will give you a call before 5:30 PM.",yes,PURCHASE_COMMITTED,Urgent,Smart Watch,General
10002,ENG_003,"[Buyer] Hello, could you please tell me if the iPhone 15 Pro Max 256GB is currently available?
 [Merchant] In stock. Natural Titanium and Blue Titanium available.
 [Buyer] Can you kindly let me know if this is the official Apple Bangladesh version or Hong Kong? I want to make sure I get proper warranty support, thank you.
 [Merchant] Official Apple BD. 1 yr official warranty from iService. Box & receipt given.
 [Buyer] could you please check what the battery cycle count is? Also, would it be possible for you to verify the IMEI for me beforehand, please?
 [Merchant] sure sealed pack, 0 cycle. IMEI: 35XXXXXXXXXXXX. Check on Apple site direct.
 [Buyer] Thank you for the information. How much is the Blue Titanium model, and do you happen to take credit card EMI?
 [Merchant] 189,000 taka. 0% EMI on City, BRAC, EBL for 6 or 12 months
 [Buyer] That is a bit high for me right now. Is there any way you could match Pickaboo since they are offering it for 185,000, please?
 [Merchant] lowest we can do 187,500. Plus free premium case worth 2500. Best price.
 [Buyer] I understand. Please allow me some time to consult with my wife and get back to you, thank you very much.
 [Merchant] Sure, take time. Price good for 3 days only, limited stock.",no,DEFERRED_CONSIDERATION,Ghoster,iPhone 15,General
10003,ENG_004,"[Buyer] hello, could you please tell me how much the AirPods Pro 2 copy is?
 [Merchant] hello there, ma'am! It is priced at 2,500, taka featuring premium quality along wiht ANC and a wireless charging case.
 [Buyer] Oh, that is quite high, please. I can easily find it for 1500 at Elephant Road.
 [Merchant] Dear customer, those items found at Elephant Road are definitely of a lower grade. Our units feature authentic 1:1 build quality adn come backed by a 6 month warranty, sir
 [Buyer] it is still a bit much for me. Would 1800 be okay? I am planning to buy two pieces for my brothers, please.
 [Merchant] For a purchase of 2 pieces, I can offer them to you at 2200 each, making a total of 4400 with free delivery inside Dhaka, sir.
 [Buyer] Please reconsider, can you do 2000 each? That makes 4000 total. Is that not possible?
 [Merchant] ok ma'am, 4200 is my absolute bottom line for these. Going any lower than this means I will lose money on teh shipping costs.
 [Buyer] so please make it 4000, or else I might hvae to order from Daraz instead since they currently have a sale going on.
 [Merchant] very well, sir, we can do 4000 for the 2 pieces. We would kindly ask you to leave us a nice review after you receive them
 [Buyer] Deal, thank you. Please give me yuor bKash number so I can send the money right now.
 [Merchant] Thank you very much, ma'am. The bKash personal number is 01812XXXXXX. Once the payment is complete, kindly share the TrxID and your delivery address with us.",yes,PURCHASE_COMMITTED,LowBaller,Wireless Earbuds,General
10004,ENG_005,"[Buyer] hey u got HW22 Pro Max Smart Watch rn?
 [Merchant] right yes! Stock is moving fast in Black, Silver, and Rose Gold. Grab yours today!
 [Buyer] black plz. how much is it n how long to sylhet?
 [Merchant] yes only 2,200 taka! We ship super fast via Sundarban, takes 3-4 days to Sylhet for just 80 taka.
 [Buyer] got cash on delivery? online pay sketchy af
 [Merchant] ok we just need a 300 taka advance booking via bKash for Sylhet orders, and the rest is COD!
 [Buyer] nah no advance bro. scammed before. full cod or forget it
 [Merchant] Totally get why you're cautious! But we're 100% verified with a 4.8 rating - feel free to check out our glowing reviews!
 [Buyer] reviews mean nothing tbh. i pay when it's in my hands
 [Merchant] right alright, we can make a special exception just for you! Full COD is fine, but the delivery charge will be 120 instead of 80.
 [Buyer] ok ok cool. if it's broken or looks diff can i return it?
 [Merchant] Absolutely, yuo are fully covered by our 24 hour return policy! Just remember to shoot an unboxing video as proof.
 [Buyer] alright bet sending info. addr: Zindabazar, Sylhet. ph: 01719XXXXXX",yes,PURCHASE_COMMITTED,COD Lover,Smart Watch,General
10005,ENG_006,"[Buyer] hi how much for iphone 15 128gb
 [Merchant] Hello there! The official variant is available for just 145,000 taka and comes with a full 1 year warranty!
 [Buyer] saw it for 139,000 on daraz during the sale u guys match that
 [Merchant] Ah, that was a temporary flash sale and they usually run out of stock fast! We guarantee 100% authentic stock plus complete after-sales support!
 [Buyer] got a fb ad screenshot showing 135,000 lemme send it
 [Merchant] Please be careful with those! Those are usually unauthorized imports without official Bangladesh coverage. Our stock is the genuine official ZA/A version!
 [Buyer] fair enough about the warranty what is your lowest
 [Merchant] I can do 142,000 taka and throw in a free original case worth 3000! That is an incredible bargain for the official variant!
 [Buyer] make it 140,000 flat and ill bkash right this second
 [Merchant] 141,000 is my absolute rock-bottom price! I will even add a free screen protector for you on top of everything!
 [Buyer] fine 141,000 it is sending bkash now drop the number",yes,PURCHASE_COMMITTED,Bargain Hunter,iPhone 15,General
10006,ENG_007,"[Buyer] What are you asking for the 5-piece knife set?
 [Merchant] right good day, sir! The price is 2,800 taka. It features forged German steel and comes with the wooden block included
 [Buyer] 2800's steep. 1500 work?
 [Merchant] Sir, 1,500 taka is well below my acquisition cost. The absolute lowest I can offer is 2,500 taka
 [Buyer] Push it to 1800. Need these for commercial kitchen testing, more volume coming if they hold an edge.
 [Merchant] sure sir, bulk purchases qualify for our wholesale tier, but a single retail set cannot go below 2,300 taka
 [Buyer] 2000 cash. Or I'll just source from New Market tomorrow.
 [Merchant] Sir, those local markets lack this specific metallurgical grade. 2,200 taka is our rock-bottom price, and we will include a complimentary sharpener.
 [Buyer] Fine, 2200. COD to Uttara supported?
 [Merchant] Yes, sir, cash on delivery is fully supported for Uttara. The delivery fee is 60 taka.
 [Buyer] ok confirmed. Ship to Sector 4, Uttara. Ph: 01XXXXXXXXX.",yes,PURCHASE_COMMITTED,LowBaller,Kitchen Knife Set,General
10007,ENG_008,"[Buyer] iphone 15 128gb in stock? need it today itself
 [Merchant] Yes sir, we have the official BD variant available in stock right now. Black and Blue are both ready for you.
 [Buyer] what is the price for blue... wait how much? can u send to dhanmondi in 3 hrs
 [Merchant] The price is 145,000 taka, sir. Express delivery to Dhanmondi within 2 to 3 hours is completely possible with an additional 200 taka delivery charge.
 [Buyer] ok fine sending full money thru bkash plz give num
 [Merchant] Our bKash merchant number is 01712XXXXXX, sir. The total payable amount including delivery is 145,200.
 [Buyer] done sent trnx id 8KM3N7PQLS drop at House 34A, Road 27, Dhanmondi
 [Merchant] Payment received successfully, sir. Our delivery rider will reach out to you within 2 hours. Thank you very much for shopping with us!",yes,PURCHASE_COMMITTED,Urgent,iPhone 15,General
10008,ENG_009,"[Buyer] Hello, could you please tell me if this smart watch features a genuine heart rate monitor or just a dummy sensor? Thank you.
 [Merchant] real sensor. not medical, good for workout.
 [Buyer] I would also like to ask about its water resistance, please. Would it be safe for me to go swimming with it?
 [Merchant] ip68 rating. rain and shower fine, no swimming.
 [Buyer] Could you kindly let me know how long the battery lasts on a single charge, please?
 [Merchant] 2-3 days regular. heavy use 1-2 days only.
 [Buyer] What is the exact price for this item, please?
 [Merchant] 2,000 taka. 7 days replacement warranty included.
 [Buyer] Thank you for the details. Please allow me some time to consider it, and I will get back to you if I decide to purchase.",no,DEFERRED_CONSIDERATION,Ghoster,Smart Watch,General
10009,ENG_010,"[Buyer] hello there... hope you are doing great. is your honey genuinely sourced from Sundarbans?
 [Merchant] Hello! Oh absolutely, you are getting 100% pure Sundarbans honey here! Straight from the traditional mouals, harvested with utmost care!
 [Buyer] that is wonderful to hear... um, do you happen to have any official lab test certificate to show?
 [Merchant] Yes indeed, we are fully BSTI certified! Let me drop the certificate photo right into your chat right now so you can check it out!
 [Buyer] ok got it, thnx... um, how long will this actually last on the shelf?
 [Merchant] right it stays good for 2 years from production! Plus, this exact batch was bottled just last month, so it is super fresh and packed with all the goodness!
 [Buyer] ok, and how much for the 500g jar?
 [Merchant] just 450 taka! And the best part is, you get totally free delivery right inside Dhaka if you grab yours today!
 [Buyer] i see. let me talk it over with my wife first and then i will reach out again soon.
 [Merchant] Take all the time you need! Just keep in mind this particular batch is moving super fast and stock is quite limited!",no,DEFERRED_CONSIDERATION,Ghoster,Organic Honey,General
10010,ENG_011,"[Buyer] hi got iphone 15 128gb rn need it today
 [Merchant] Yes absolutely! We have the official BD variant ready for you right now in both Black and Blue!
 [Buyer] blue price pls and can u send to dhanmondi in 2 hrs
 [Merchant] it is 145,000 taka! Yes we can definitely rush it to Dhanmondi within 2 hours for just a 200 taka express charge!
 [Buyer] ok cool 145200 total sending bkash rn
 [Merchant] wonderful choice! You should totally grab our tempered glass and case combo for only 800 taka extra to keep your brand new phone completely safe!
 [Buyer] hmm oh yeah add that so 146000 right
 [Merchant] right spot on, exactly 146,000 total! Please send it via bKash to 01712XXXXXX.
 [Buyer] sent trxis 9KL2M5NQRS house 34 road 27 dhanmondi
 [Merchant] right payment verified successfully! Our delivery rider is dispatching now and will reach you within 1.5 hours. Thank you so much!",yes,PURCHASE_COMMITTED,Urgent,iPhone 15,General
10011,ENG_012,"[Buyer] Hello, could you please tell me if the Jamdani is in stock? I really need it for an event tomorrow, thank you.
 [Merchant] Yes! Absolutely in stock! It is flying off the shelves today! Where are we rushing this gorgeous piece to?
 [Buyer] ok it is for Banani. Please tell me if it can reach me tonight, I would appreciate that so much.
 [Merchant] Consider it done! Right to your doorstep by 8pm sharp! Total investment is just 9,500 taka for this masterpiece!
 [Buyer] That sounds wonderful, thank you. I will go ahead and send the payment through Nagad right now.
 [Merchant] Perfect choice! Send it right here: 01819XXXXXX. Oh wait, quick thought - would u love our stunning matching blouse for just 600 extra? It completes the whole look!
 [Buyer] yes, please add that in as well. I am sending 10,100 total now, thank you very much",yes,PURCHASE_COMMITTED,Urgent,Jamdani Saree,General
10012,ENG_013,"[Buyer] got the iPhone 15 128GB in stock? need it before flight on 28th, cutting it close for Eid
 [Merchant] ok yes iPhone 15 128GB ready. black blue pink. 145,000 taka official warranty.
 [Buyer] ok ill take pink. need 100% confirmation it lands by 27th though. can wire full 145k thru bKash right now.
 [Merchant] yes sure. pay in hour dispatch today. inside dhaka tomorrow, outside by 26th max
 [Buyer] im in Gulshan, Dhaka. drop the bKash digits, sending the 145,000 taka across instantly.
 [Merchant] bKash: 01XXXXXXXXX (Merchant). send ss after tx. tracking out in 30 mins.
 [Buyer] money pushed. TrxID is 9K2F7H3X. check and verify
 [Merchant] got cash. order locked. track: DX20240325GUL. coming tomorrow 10AM-2PM.
 [Buyer] solid. make sure exterior wrapping is proper gift grade since its unboxing for her",no,INQUIRY_DROPOUT,Urgent,iPhone 15,General
10013,ENG_014,"[Buyer] is this dior sauvage retail packing or just a tester unit?
 [Merchant] 100% authentic sealed piece with full retail box & matching batch code! u can verify instantly on checkfresh.com. 100ml EDP is available for 18,500 taka only!
 [Buyer] drop a macro shot of the engraved batch. and what is the exact production date on it?
 [Merchant] sure thing! check this out: batch 3B02 [image sent]. production date is January 2024, absolute fresh batch landed just last month.
 [Buyer] checked checkfresh, database checks out. how about skin scent longevity vs the EDT concentration?
 [Merchant] EDP easily pushes 10-12 hours with beast mode 4-5 hour projection! EDT is weak sauce, barely 6-8 hrs. trust me, for a Puja gift, EDP is the ultimate flex!
 [Buyer] hypothetically if the receiver already owns a bottle, do you guys allow swaps?
 [Merchant] yup absolutely! unopened plastic-wrapped boxes can be swapped within 15 days for any alternative scent of equal or higher price.
 [Buyer] ok makes sense. let me run this by my wife first since she has better visibility on his collection. will update u soon.
 [Merchant] no worries at all, take ur time! inventory is flying fast for the Puja rush though, so try to lock it in within a day or two!",no,DEFERRED_CONSIDERATION,Ghoster,Perfume (Branded),General
10014,ENG_015,"[Buyer] seen this for 2000 elsewhere why 3500?
 [Merchant] Sir, those 2,000 taka items are cheap T500 clones with 1-day battery. Ours is the genuine HW22 Pro featuring an AMOLED display, 7-day battery life, and a full 6-month warranty.
 [Buyer] is it really amoled tho? prove it in the sun
 [Merchant] Certainly, sir! Please check this video in direct sunlight demonstrating the crystal-clear display. [video sent] As you can observe, unlike standard LCD panels, there is zero washout.
 [Buyer] video fine... but u guys actually honor warranty or scam me?
 [Merchant] Ma'am/Sir, we maintain a 4.8 rating on Facebook backed by over 2000 reviews. Please review these attached screenshots showing real warranty replacements we have successfully handled. [images sent]
 [Buyer] reviews look real... when it reach if I order? need for eid gift
 [Merchant] We deliver inside Dhaka within 24 hours and outside Dhaka in 2-3 days, so it will arrive well in advance of Eid. Additionally, we provide a complimentary gift box with your purchase.
 [Buyer] ok fine sending bkash now",yes,PURCHASE_COMMITTED,Skeptic,Smart Watch,General
10015,ENG_016,"[Buyer] What's the exact A16 Bionic configuration? Core count and GPU?
 [Merchant] 6-core CPU with 2 performance + 4 efficiency cores. 5-core GPU sir.
 [Buyer] RAM? I know Apple doesn't advertise it but what's the actual?
 [Merchant] 6GB LPDDR5 sir. Enough for iOS optimization.
 [Buyer] Battery mAh? And what's the peak brightness in HDR?
 [Merchant] 3349 mAh sir. Peak HDR brightness 1600 nits, outdoor 2000 nits.
 [Buyer] Camera sensor size for the main 48MP? Sony IMX or Samsung?
 [Merchant] Sony IMX789 sensor sir, 1/1.56 inch size. Excellent low light.
 [Buyer] Ceramic Shield generation? And modem - Qualcomm X70?
 [Merchant] Latest Ceramic Shield, 4x drop protection. Yes Snapdragon X70 5G modem.
 [Buyer] Impressive specs. Price and warranty?
 [Merchant] 145,000 taka sir. 1 year official Apple warranty.
 [Buyer] I'll take it. bKash now.",yes,PURCHASE_COMMITTED,Tech Specs Nerd,iPhone 15,General
10016,ENG_017,"[Buyer] well hi, u got iphone 15 128gb blue?
 [Merchant] ok regrettably, the Blue variant sold out approximately 2 hours ago due to high holiday demand.
 [Buyer] ugh. when u getting more? need it for an eid present.
 [Merchant] Our next consignment will arrive approximately 15 days following the holiday. We currently have Black and Natural Titanium in stock
 [Buyer] black is kinda boring tbh. my sister asked for blue specifically.
 [Merchant] right we assure you that Black is exceptionally popular, offering a premium aesthetic and superior scratch resistance while retaining identical technical specifications and pricing.
 [Buyer] hmm. can u send a real pic of teh black one?
 [Merchant] we have transmitted three photographs to your inbox depicting an unboxed unit under natural lighting conditions for your verification
 [Buyer] actually looks not bad. my friend got black adn says its classy
 [Merchant] indeed, sir. Furthermore, the Black finish accumulates fewer visible fingerprints, making it the more pragmatic choice.
 [Buyer] ok fine i guess black is ok. any eid discount tho since im settling?
 [Merchant] to accommodate your preference, we can adjust the price from 145000 to 143000 and include a complimentary protective case, backed by our official authenticity guarantee
 [Buyer] deal. sending bkash rn",yes,PURCHASE_COMMITTED,Standard,iPhone 15 Blue → Out of Stock → Black offered,General
10017,ENG_018,"[Buyer] Hello, I need 15 laptop bags for our company. Can you provide proforma invoice first?
 [Merchant] Sure sir. Company name and address needed for invoice.
 [Buyer] TechSoft Ltd, Banani, Dhaka. VAT registration 12345678.
 [Merchant] Per bag 1400 taka, 15 pieces = 21,000. VAT 7.5% = 1,575. Total 22,575. Sending the invoice.
 [Buyer] We need minimum 10% corporate discount. Other vendors are offering.
 [Merchant] Sir, 10% hard but I can do 7% on the base price. Total will be 20,384 with VAT.
 [Buyer] Make it 8% and we have a deal. Also need delivery challan.
 [Merchant] Agreed sir. 8% discount. Invoice, challan, warranty cards all provided.
 [Buyer] Send proforma invoice to accounts@techsoft.com. Payment within 3 working days.
 [Merchant] Sent sir. Once I get the payment reference I will dispatch it.
 [Buyer] Received. Forwarding to accounts. Delivery needed before Eid please.
 [Merchant] Will deliver on the 26th sir. You will get it before Eid.",no,INQUIRY_DROPOUT,Standard,Laptop Bag (bulk),General
10018,ENG_019,"[Buyer] Hi, I want iPhone 15 Pro Max 256GB Natural Titanium.
 [Merchant] Available sir. 198,000 taka.
 [Buyer] Confirming: iPhone 15 PRO MAX, 256GB, Natural Titanium, right?
 [Merchant] Yes sir confirmed.
 [Buyer] bKash sent. TrxID: 9PL2K5MN. 198,000 taka.
 [Merchant] Received sir. Dispatching iPhone 15 256GB Natural Titanium today.
 [Buyer] Wait. iPhone 15 or iPhone 15 PRO MAX? I ordered Pro Max.
 [Merchant] Sir... we have iPhone 15 in stock. Pro Max is out of stock currently.
 [Buyer] WHAT? You confirmed Pro Max! I paid 198k! Regular 15 is 145k!
 [Merchant] Sir I'm very sorry, there was confusion. Pro Max will take 7 days to arrive.
 [Buyer] 7 days? Eid is in 3 days! This was a gift!
 [Merchant] Sir please understand... we can give regular iPhone 15 now with partial refund.
 [Buyer] I don't want regular iPhone. I want FULL refund. NOW.
 [Merchant] Sir refund processing takes 24-48 hours...
 [Buyer] You took payment in 2 seconds but refund takes 48 hours? I'm filing complaint with eCab.
 [Merchant] Sir please wait, processing instant refund now...
 [Buyer] Send refund and never contact me again. Worst experience ever.",no,EXPLICIT_REJECTION,Premium Buyer - Wrong Item Issue,iPhone 15,General
10019,ENG_020,"[Buyer] iPhone 15 Pro Max. Budget 90,000 taka. Final price?
 [Merchant] hello there! Thanks so much for reaching out to us. The phone is in really wonderful condition, so we have to keep the value close to standard. How does 105,000 taka sound for you today?
 [Buyer] 105,000 taka is too high. Can you do 90,000 taka?
 [Merchant] We always want to make our customers happy! Let's try to meet somewhere in teh middle, how about 98,000 taka? That gives you a great deal on this amazing phone.
 [Buyer] Still over budget. Will you accept 93,000 taka?
 [Merchant] ok i really want to see you take this home. Let's do 94,000 taka just for you as our absolute final price, okay? You are getting a fantastic device!",no,INQUIRY_DROPOUT,LowBaller,iPhone 15 Pro Max (Used),Smartphone
10020,ENG_021,"[Buyer] is this just the base playstation 5 price... any extra stuff in the box
 [Merchant] Yes, sir, you are correct. The price of 58,000 taka is exclusively for the base model of the PlayStation 5. It includes one standard DualSense wireless controller and one HDMI cable in the box. Should you require any extra controllers or other accessories, you may purchase them separately at any time, ma'am.
 [Buyer] hmm ok can u add playstation plus to it too or nah
 [Merchant] Certainly, we would be delighted to assist you with that! We do offer convenient options to bundle your console purchase with an official PlayStation Plus subscription. You may choose from various durations including monthly, quarterly, or annual plans. Would you like us to share more details regarding these plans with you, ma'am?
 [Buyer] yeah send details plz nd how much for each plan with the console
 [Merchant] Certainly! Here are the complete details for the PlayStation Plus subscriptions we can bundle with your console: 1. **Monthly Plan**: This requires an additional 300 taka per month. 2. **Quarterly Plan**: For a three-month duration, the cost is 750 taka. 3. **Annual Plan**: A full year-long subscription will add 2,400 taka to your total purchase. For instance, if you opt for the annual plan, your combined total for the PlayStation 5 console and the subscription will be 60,400 taka. Please let us know which option works best for you, sir!",no,INQUIRY_DROPOUT,Ghoster,Sony PS5 Console,Gaming
10021,ENG_022,"[Buyer] need this fridge by tomorrow am sharp. compressor specs look solid... can u guarantee the logistics timeline?
 [Merchant] Good day, sir. I sincerely apologize, but our standard dispatch schedule cannot promise next-morning arrival. The earliest route we currently have runs Thursday afternoon. Will this alternative window be acceptable to you, ma'am?
 [Buyer] hmm nah needs to land tomorrow morning. no way to push the priority queue? can i pay a rush surcharge or something?
 [Merchant] we completely understand your tight schedule, sir, and we want to help. It is indeed possible to fast-track your dispatch by applying an additional fee of 2,000 taka for priority handling. This covers dedicated transit. Please let us know if we should lock this in for you.
 [Buyer] fine, add the 2,000 taka rush fee then. just absolutely make certain it arrives tomorrow morning, no delays
 [Merchant] thank you very much for your cooperation, sir. I have successfully upgraded your order for priority dispatch, and your LG Inverter Refrigerator will arrive tomorrow morning between 8 AM and 10 AM. Should you face any transit issues, feel free to reach us at +880-1711-XXXXXX. Have a wonderful day!",yes,PURCHASE_COMMITTED,DeliveryObsessed,LG Inverter Refrigerator,Home Appliance
10022,ENG_023,"[Buyer] ok any price drop if i take 5 or 10 pcs?
 [Merchant] hello! We would love to help you with that. If you purchase 5 units, we provide a lovely 5% discount per unit, and for 10 units, the discount goes up to 10%. Please let us know if this sounds good to you!
 [Buyer] well hm ok... wait are u guys legit? first time buying online... tell me exact totals for both
 [Merchant] Please do not worry at all, we are a trusted page and your items will arrive safely! For 5 units with the 5% discount, it is 1,425 taka per piece, bringing the subtotal to 7,125 taka. For 10 units at 10% off, it is 1,350 taka each, totaling 13,500 taka. Tell us which bundle you prefer!
 [Buyer] sure? add the delivery cost in those amounts too plz, don't want hidden fees.
 [Merchant] there are never any hidden fees with us, we are always completely transparent with our wonderful customers! The delivery charge is just a flat 200 taka for any amount. So with delivery added, 5 units come to 7,325 taka and 10 units come to 13,700 taka. Do you have any other questions at all?",no,INQUIRY_DROPOUT,BulkBuyer,Miyako Electric Kettle,Kitchen
10023,ENG_024,"[Buyer] so hey there! i'm looking at this lovely Rajshahi silk saree... just a little curious about how to make sure it's the real deal and good quality. can u tell me how to check if it's genuine? also pls share some actual pics so i can see what it really looks like
 [Merchant] Hello! It is so wonderful to hear from you. Please do not worry at all, because we get our Rajshahi silk saree straight from trusted traditional weavers who really know their craft. Every single piece comes with a genuine certification tag so you can check its origin. I will gladly email you some clear, high-res photos taken in different lighting so you can see the gorgeous texture and color properly. Would email work best for you?
 [Buyer] email is perfect thnx... please make sure to include some close ups of the weave pattern and those authenticity tags too if u can
 [Merchant] You got it! I am putting those together for you right now. You will have that email in just a bit with all the close-ups of the weave, multiple angles, and clear shots of the certification labels. Just let me know if there is any other detail you want me to snap for you!
 [Buyer] thanks so much... just one quick question before that, how should i wash and look after it properly? want to make sure i keep it safe
 [Merchant] Of course! Taking proper care is so important to keep your Rajshahi silk saree looking stunning for a long time. Here are some simple care tips: 1. Hand Wash Only: Use cold water and a mild detergent. 2. Avoid Machine Washing: Gentle hand washing keeps the fabric safe. 3. Dry in Shade: Keep it out of direct sunlight so the color stays bright. 4. Ironing: Use a low heat setting with a pressing cloth over the fabric. 5. Storage: Keep it in a cool, dry spot, and try rolling it instead of folding to prevent creases. 6. Stain Removal: Clean any spots right away with a silk-safe mild cleaner. Following these steps will keep your saree looking gorgeous!",no,INQUIRY_DROPOUT,Skeptic,Authentic Rajshahi Silk Saree,Clothing
10024,ENG_025,"[Buyer] another seller has premium Katmon ghee under 1,750 taka. match it?
 [Merchant] Thank you for bringing this to our attention, sir. Let me check our system to see if we can offer you a better deal.
 [Buyer] fix price.
 [Merchant] I have reviewed our pricing for you, ma'am. While we maintain strict quality control, I can offer a special 5% discount today, bringing it to 1,710 taka. Does this work for you?
 [Buyer] need lower. match competitor?
 [Merchant] I completely understand your point, sir, and we would love to have your business. If you purchase two jars of our premium Katmon ghee, I can apply an additional 5% off, making each jar 1,629 taka. How does that sound to you?",no,INQUIRY_DROPOUT,Comparator,Premium Katmon Ghee (1kg),Food
10025,ENG_026,"[Buyer] yo i rly want this adjustable dumbbell set rn but my cash is super low ngl... any discount plz? budget is tight af
 [Merchant] We completely understand budgetary constraints. We are pleased to offer this premium adjustable dumbbell set at a revised promotional price of 3,800 taka, ensuring full manufacturer warranty adn verified authenticity for your training needs
 [Buyer] well thnx for trying tho fr... but 3,800 taka is still way too much for me rn. can u drop it more? like 3,500 taka maybe?
 [Merchant] thank you for your continued interest. To accommodate your request while maintaining our authorized dealer standards, we can extend a special promotional rate of 3,600 taka for this adjustable dumbbell set, backed by our complete service guarantee
 [Buyer] plz bro just drop it a bit more... im broke af rn if u can do 3,500 taka id be so happy fr, plz help me out here!
 [Merchant] as a gesture of goodwill and to welcome you as a valued client, we will finalize this adjustable dumbbell set at the absolute lowest price of 3,500 taka, fully covered under our standard authenticity and replacement warranty terms. Shall we proceed with the order?",no,INQUIRY_DROPOUT,LowBaller,Adjustable Dumbbell Set,Fitness
10026,ENG_027,"[Buyer] hi there! hope u are doing well... could u kindly share what goes into this CeraVe Moisturizing Cream? and how frequently should u put it on to get the best glow
 [Merchant] Good day, ma'am! The CeraVe Moisturizing Cream features three essential ceramides (1, 3, and 6-II), hyaluronic acid, and niacinamide to help restore your skin barrier and deliver deep hydration. For the best results, we kindly suggest applying it once or twice a day right after you cleanse.
 [Buyer] thnx for telling me that... is it safe if someone has really easy-to-irritate skin? just wanna make sure it wont clog anything up either
 [Merchant] Yes, ma'am, you will be glad to know the CeraVe Moisturizing Cream works wonderfully for sensitive skin types and remains entirely gentle. It is also completely non-comedogenic, meaning it will not clog your pores or cause breakouts.
 [Buyer] is there any particular hour thats best to use it... morning or bedtime maybe? hmm let me think about this a bit more
 [Merchant] you may use the CeraVe Moisturizing Cream both morning and night, ma'am! Many of our customers enjoy applying it before sleep so the rich formula can nourish your skin overnight. Please take all the time you need to decide, and let us know if we can help further.",no,DEFERRED_CONSIDERATION,Ghoster,CeraVe Moisturizing Cream,Skincare
10027,ENG_028,"[Buyer] is this the current gen sku? what's the actual actuation period on it?
 [Merchant] Yes sir, this is indeed our newest iteration, the iPhone 15 Pro Max. This specific unit has seen roughly three months of active usage, ma'am.
 [Buyer] got it... chassis clean? any board-level work or component swaps done on this unit?
 [Merchant] sure teh phone is in pristine condition, sir, showing no visible blemishes. It has never undergone any repairs or faced technical faults, as every device passes through our strict multi-point inspection protocols.
 [Buyer] ok. what's the exact RMA / shop warranty coverage duration on this?
 [Merchant] We stand by our products by offering a 3-month limited warranty on this iPhone 15 Pro Max, ma'am. This safeguards you against hardware flaws and guarantees flawless performance; should any unexpected fault develop during these three months, we will happily repair or swap the unit at zero extra cost.",no,INQUIRY_DROPOUT,Ghoster,iPhone 15 Pro Max (Used),Smartphone
10028,ENG_029,"[Buyer] Hi there! I really hope you can help me out... I need the Sony PS5 console to reach me by tomorrow morning for sure. Is that something you can guarantee?
 [Merchant] Hello! I completely understand how much you need the Sony PS5 console right away. Due to heavy orders and limited stock right now, we unfortunately cannot promise next-day delivery. Would any other date work for you?
 [Buyer] Oh dear, really? No, I truly need to get my hands on it by tomorrow morning. Is there honestly nothing else to be done?
 [Merchant] I really understand why you need the Sony PS5 console by tomorrow morning. Sadly, our delivery schedule is completely packed right now so we just cannot make that happen. Would you perhaps be able to drop by our store to pick it up yourself?
 [Buyer] Sigh, coming over in person isn't my favorite thing to do... but if delivery by tomorrow morning is totally off the table, I guess I have to. Where is your closest shop located?
 [Merchant] I completely understand your situation and appreciate you working with us! Our closest store is at Dhanmondi Road 17, Dhaka. We will gladly keep the Sony PS5 console reserved just for you. Drop by anytime between 10 AM and 6 PM. If you can give us a quick heads-up on when you're coming, we will have it ready and waiting!",yes,PURCHASE_COMMITTED,DeliveryObsessed,Sony PS5 Console,Gaming
10029,ENG_030,"[Buyer] bulk rate for 5 or 10 units?
 [Merchant] Oh absolutely! Grab 5 pieces and enjoy an amazing 5% markdown instantly, or go for 10 and unlock a massive 10% off! These deals are moving fast so you definitely want to lock this in today!
 [Buyer] unit pirce breakdown for 5 and 10?
 [Merchant] you bet! With the 5% off, your total for 5 units lands at 307,250 taka, which is just about 61,450 taka each. Step up to 10 units with the 10% discount and your total drops to 585,000 taka, bringing it down to an incredible 58,500 taka per unit! Total steal!
 [Buyer] taxes and shipping included in those figures?
 [Merchant] yes 100%! All taxes and standard city delivery are fully covered in those numbers so you hvae zero worries. Just keep in mind that if you need it shipped outside city limits, a tiny extra delivery fee might apply!",no,INQUIRY_DROPOUT,BulkBuyer,LG Inverter Refrigerator,Home Appliance
10030,ENG_031,"[Buyer] bulk discount for 5 or 10 electric kettles?
 [Merchant] right hello there! Yes absolutely, if you purchase 5 Miyako Electric Kettles you get 5% off, and for 10 units it goes up to 10% off. It really helps lower your overall cost!
 [Buyer] right confirm unit price for 10 units with the 10% off.
 [Merchant] Sure thing! With the 10% discount applied, each Miyako Electric Kettle drops from 1,500 taka down to 1,350 taka for 10 pieces, making your total 13,500 taka.
 [Buyer] ok is 10% the absolute maximum discount for bulk?
 [Merchant] Yes indeed! That 10% markdown on 10 units is our absolute best bulk price for the Miyako Electric Kettle. Let us know if you need any other help!",no,INQUIRY_DROPOUT,BulkBuyer,Miyako Electric Kettle,Kitchen
10031,ENG_032,"[Buyer] Hi there! Hope you are having a nice day. I really need to get this saree by tomorrow morning, is there any way at all you can guarantee that?
 [Merchant] normal shipping takes 2-3 business days for Rajshahi Silk Sarees. express delivery available with extra charge. watn express?
 [Buyer] Oh absolutely, I don't mind paying extra at all! Just please please make sure it arrives right at my doorstep by tomorrow morning.
 [Merchant] ok booking express. extra charge 1,000 taka. total 9,500 taka. send payment confirmation, dispatching right away for tomorrow morning delivery. clear?
 [Buyer] Yep, all clear on my side! I just finished sending the payment. Please ship it out right this second so it makes it here tomorrow morning.
 [Merchant] payment received. dispatching Rajshahi Silk Saree now with express delivery. reaching tomorrow morning. thanks.",yes,PURCHASE_COMMITTED,DeliveryObsessed,Authentic Rajshahi Silk Saree,Clothing
10032,ENG_033,"[Buyer] need this ghee by tmrw morning fosho... can u make sure?
 [Merchant] I certainly understand how urgent your need is for the Premium Katmon Ghee, ma'am. While standard shipping does not guarantee next-day arrival, we do provide an express service that will deliver it to you by tomorrow morning. This option requires an additional charge of 200 taka. Would you like us to proceed with this service?
 [Buyer] ya plz do express delivery, ill pay the extra 200 taka
 [Merchant] Thank you for confirming your choice, ma'am. We are dispatching your 1kg jar of Premium Katmon Ghee right away through our express courier service so it reaches you by tomorrow morning. Your total, including the express delivery fee, comes to 2,000 taka. We truly appreciate your purchase and hope you love our product!
 [Buyer] ok cool just double checking... it's coming tmrw morning fs right?
 [Merchant] You can rest completely assured, ma'am; your Premium Katmon Ghee will definitely arrive by tomorrow morning as promised. Should any unexpected issues arise, we will reach out to you right away. Thank you once again for shopping with us!",yes,PURCHASE_COMMITTED,DeliveryObsessed,Premium Katmon Ghee (1kg),Food
10033,ENG_034,"[Buyer] hey do u guys do any deals if i take 5 or 10 sets of these adjustable dumbbells
 [Merchant] yes 5 sets gets 5 percent off total price. 10 sets get 10 percent off. want go ahead with either?
 [Buyer] cool cool can u just spell out the exact final price for both
 [Merchant] sure. 5 sets is 21,000 taka less 5% so 19,950 taka. 10 sets is 42,000 taka less 10% so 37,800 taka. final pricing right there
 [Buyer] thnx... what about shipping cost and how long does it take to reach
 [Merchant] delivery inside dhaka city is 500 taka, outside dhaka is 1,000 taka. takes 3-5 business days inside dhaka and 5-7 outside dhaka. whats your area so i check exact details",no,INQUIRY_DROPOUT,BulkBuyer,Adjustable Dumbbell Set,Fitness
10034,ENG_035,"[Buyer] ceraVe Moisturizing Cream. Cash on delivery available? Address?
 [Merchant] Hello there! Yes absolutely, we gladly offer Cash on Delivery for the CeraVe Moisturizing Cream. You can drop by our shop at 123 Main Market Street, Dhaka. Let me know if you need anything else!
 [Buyer] Store timings?
 [Merchant] We are open daily from 9:00 AM to 8:00 PM! Feel free to visit anytime during those hours. Can I help you with anything else today?
 [Buyer] Is payment secure?
 [Merchant] sure rest assured, your security is our highest priority! Every payment method we use is completely safe and secure. We take all precautions to protect your info and prevent any issues, so you can shop with total confidence. Anything else you want to know?",no,INQUIRY_DROPOUT,TrustSeeker,CeraVe Moisturizing Cream,Skincare
10035,ENG_036,"[Buyer] is there any price drop if i take 5 or 10 pieces of this iphone 15 pro max
 [Merchant] yes bulk discount available. 5 pcs get 3 percent off, 10 pcs get 5 percent off. so around 111,550 taka each for 5 and 109,250 taka each for 10. tell me which amount u want
 [Buyer] cool what is the exact math for both pls tell total
 [Merchant] sure. 5 units with 3 percent off is 557,750 taka total. 10 units with 5 percent off comes to 1,092,500 taka total. let me know which one u taking
 [Buyer] thnx... what is your return policy by the way just wanna check
 [Merchant] sure thing. 7 days from delivery to return. item must be original with all accessories. 10 percent restocking fee can apply based on reason. device defects or faults are covered free. any other q?",no,INQUIRY_DROPOUT,BulkBuyer,iPhone 15 Pro Max (Used),Smartphone
10036,ENG_037,"[Buyer] Sony PS5 console. Send bKash number now
 [Merchant] Thank you for your interest, sir. For your security and ours, we only provide payment details over the phone or in person at our shop. Please drop by soon so we can assist you.
 [Buyer] Time is critical. Can u just text the bKash info?
 [Merchant] ok i truly understand your urgency, ma'am, but our strict company policies prohibit sharing mobile financial service details online. Kindly call us or visit our store to complete the purchase safely.
 [Buyer] Phone number?
 [Merchant] Thank you for understanding, sir. You may call us at +88017XXXXXXXX from 9 AM to 6 PM, adn we will gladly help you finalize your order promptly.",no,INQUIRY_DROPOUT,Urgent,Sony PS5 Console,Gaming
10037,ENG_038,"[Buyer] eyeing the LG Inverter Refrigerator here... need to verify the build quality though. got any official verification docs or user-submitted shots of the actual unit?
 [Merchant] Hello! Welcome to our store. Rest assured, all our LG Inverter Refrigerators are 100% genuine and direct from official channels. You will get the official warranty card and genuine certification sticker right on the box. Let me pull up some customer photos for you in just a moment!
 [Buyer] ok cool, plz send those over... need to inspect the certification details and buyer photos before i pull the trigger on this spec.
 [Merchant] Here you go! Attached is the official warranty card and genuine certification sticker for the LG Inverter Refrigerator. [Shares images] And here are some snapshots shared by happy buyers who just got this exact model. [Shares customer photos]. Hope this gives you total peace of mind!
 [Buyer] docs and pics check out. what's the exact breakdown on the compressor warranty and technician dispatch terms for this linear inverter setup?
 [Merchant] We are always here to help you out with complete support! For this LG Inverter Refrigerator, you get a full one-year warranty covering all parts and labor. If anything acts up, just give us a call and our expert technician will visit your place completely free of charge. We also have extended plans up to five years if you want extra coverage. Anything else you'd like to know about our support?",no,INQUIRY_DROPOUT,Skeptic,LG Inverter Refrigerator,Home Appliance
10038,ENG_039,"[Buyer] saw the exact same Miyako Electric Kettle listed at 1,300 taka elsewhere. can u match spec pricing?
 [Merchant] Hi there! Thanks for reaching out. We always ensure top quality and include full warranty and support with our units. I can give you a nice 10% markdown right now though, dropping it to 1,350 taka. How does that sound for u?
 [Buyer] their bundle includes equivalent warranty terms though. is 1,350 taka the absolute floor on your margin?
 [Merchant] I totally get u! Want to make sure u are fully taken care of. Since u know your gear, I can shave it down to 1,320 taka. That is our rock-bottom pricing while keeping our after-sales support fully intact. Working for u?
 [Buyer] appreciate the extra effort. 1,320 taka is much closer, but can u squeeze it down to 1,300 taka to fit my exact component budget?
 [Merchant] Thanks so much for sticking with us! 1,300 taka cuts super close to our acquisition cost, but hey, let us make it work. If u confirm right now, I can do a special one-time deal at 1,310 taka. That is truly the lowest we can possibly go. Deal?",no,INQUIRY_DROPOUT,Comparator,Miyako Electric Kettle,Kitchen
10039,ENG_040,"[Buyer] Hello, could you please let me know if you offer any price breaks when buying five or ten sarees together?
 [Merchant] Hello there! Absolutely, we would love to help. If you pick up 5 sarees, you get a sweet 10% off the total. Grab 10 sarees, and that discount bumps up to 20% off. So that works out to 7,650 taka each for five pieces, and 6,800 taka each if you go with ten.
 [Buyer] That is wonderful to hear, thank you so much. Would you mind double-checking and telling me the exact final calculations for both options, please?
 [Merchant] No problem at all! Let me break it down for you clearly. For 5 sarees with the 10% discount applied, your total will come to 38,250, taka which is 7,650 taka per saree. And for 10 sarees with the 20% markdown, the total comes to 68,000, taka making it 6,800 taka per saree.
 [Buyer] Thank you for laying that out so clearly for me. I was just wondering, would delivery be completely free of charge if I decide to purchase the 10 sarees, please?
 [Merchant] Yes indeed! If you place an order for 10 sarees, shipping is totally on us anywhere within Bangladesh. Just keep in mind that international delivery fees will apply if it is going abroad. Shall we go ahead and finalize this order for u?",no,INQUIRY_DROPOUT,BulkBuyer,Authentic Rajshahi Silk Saree,Clothing
10040,ENG_041,"[Buyer] need thsi ghee by tmrw morning sharp. u sure u can do that? not tryna get scammed here..
 [Merchant] will try best, depends on rider. send exact address and phone quickly plz
 [Buyer] ok fine... House 23, Road 5, Dhanmondi, Dhaka. ph is +8801712345678. hope this isnt a fake page wth
 [Merchant] got it. sending Premium Katmon Ghee (1kg) tmrw morning. safe & legit shop dw. any other notes?
 [Buyer] nah thats it just deliver tmrw morn dont delay pls i paid real cash u know
 [Merchant] confirmed. Premium Katmon Ghee (1kg) on way tmrw morn. will call on number if needed. thnx",no,INQUIRY_DROPOUT,DeliveryObsessed,Premium Katmon Ghee (1kg),Food
10041,ENG_042,"[Buyer] hey saw another shop selling a similar adjustable dumbbell set way cheaper... can u guys match their price plz?
 [Merchant] Hello! Thank you so much for reaching out to us. Let me check our pricing details right away to see what we can do for you.
 [Buyer] thnx for checking... rly hope u can hook me up
 [Merchant] Thanks for waiting! Because of our current supplier costs, matching their exact price is a bit difficult right now. But I would love to give you a special 5% discount off the original price. How does that sound to you?
 [Buyer] thnx for the 5% off... but honestly was hoping to get it a bit lower like the other place. any way u can bump the discount up a bit more?
 [Merchant] I totally understand where you are coming from and I really want to help you out! How about I push the discount up to 10% for you, bringing the final total to 3,780 taka? That is truly the absolute best price we can offer right now. Let me know what you think!",no,INQUIRY_DROPOUT,Comparator,Adjustable Dumbbell Set,Fitness
10042,ENG_043,"[Buyer] need cerave moisturizing cream asap. send bkash num plz
 [Merchant] i understand your urgency regarding the CeraVe Moisturizing Cream, ma'am. To help us process this correctly, could you please confirm if you require an urgent delivery today, and let us know your preferred delivery time?
 [Buyer] ya super urgent need it today itself. just drop teh bkash info so i can pay rn
 [Merchant] right thank yuo for confirming the details. For your CeraVe Moisturizing Cream, you can send the payment to our official bKash merchant account: +88017XXXXXXXX. Please share the transaction ID as soon as the payment is completed so we can dispatch it right away.
 [Buyer] so thnx! sending money now and will text the trxid in a bit
 [Merchant] Wonderful! We are standing by for your transaction ID, and our team will prepare your package for immediate dispatch the moment it arrives. Please let us know if there are any specific delivery instructions we should follow, ma'am.",yes,PURCHASE_COMMITTED,Urgent,CeraVe Moisturizing Cream,Skincare
10043,ENG_044,"[Buyer] hey there! hope u are having a nice day. do u guys do any price breaks if i grab like 5 or maybe 10 pieces of this iPhone 15 Pro Max?
 [Merchant] yes bulk discount available. 5 units 112,000 taka per unit. 10 units 110,000 taka each. tell me how many you want.
 [Buyer] oh that is super sweet of u :) um just to be totally sure, what would be the exact math for 10 units total?
 [Merchant] total for 10 units at discounted rate is 1,100,000 taka. ok for you?
 [Buyer] ok yeah that works wonderfully for me! jsut one tiny thing though... is there any extra fee for shipping and handling i should know about?
 [Merchant] sure shipping free inside Bangladesh. total remains 1,100,000 taka. need payment details?",no,INQUIRY_DROPOUT,BulkBuyer,iPhone 15 Pro Max (Used),Smartphone
10044,ENG_045,"[Buyer] hey there! i am absolutely eyeing this PlayStation 5 but man the price tag is heavy... funds are super tight right now, any chance we can work something out on the cost?
 [Merchant] ps5 price high yes. what u thinking for budget?
 [Buyer] appreciate you hearing me out! truly hoping around 52,000 taka works for you... would be a massive relief for me
 [Merchant] import cost heavy. cant do below 54,000 taka. can give 56,000 taka with extra accessories. works?
 [Buyer] thanks so much for trying to help me out! what if we meet right in the middle at 53,000 taka with those extra accessories included? pretty please?
 [Merchant] ok final price 54,000 taka with extra accessories included. best deal. take it?",no,INQUIRY_DROPOUT,LowBaller,Sony PS5 Console,Gaming
10045,ENG_046,"[Buyer] hello, i would like to buy the LG Inverter Refrigerator listed at 65,000 taka please. do you support Cash on Delivery, and could you kindly share your physical store address with me?
 [Merchant] we confirm that Cash on Delivery is fully supported for all transactions. Our authorized retail showroom is situated at 123 Main Market Street, Dhaka. Please feel free to visit our physical storefront during official business hours to inspect teh LG Inverter Refrigerator firsthand
 [Buyer] thank you so much for the information. just to be completely certain, could you please send some proof to verify your official storefront location, such as a website link or a picture?
 [Merchant] We completely value your peace of mind regarding authenticity. You may review our complete company portfolio and verify our credentials on our official website at [www.examplestore.com](http://www.examplestore.com). Furthermore, here is an authentic photograph of our storefront for your verification:
 [Buyer] thank you, that really helps put my mind at ease. could you please tell me the exact warranty coverage included with the LG Inverter Refrigerator?
 [Merchant] We are committed to full transparency regarding our warranty policies. The LG Inverter Refrigerator includes a 1 year comprehensive warranty covering all parts and labor. Furthermore, it features a 5-year extended warranty applicable exclusively to the compressor unit. Every purchase is backed by our official manufacturer warranty guarantee.",no,INQUIRY_DROPOUT,TrustSeeker,LG Inverter Refrigerator,Home Appliance
10046,ENG_047,"[Buyer] looking at the Miyako Electric Kettle... need cod. drop your exact storefront address so i can check out the physical location first.
 [Merchant] Hello! Yes, cash on delivery is fully available. You are always welcome to drop by our store at Shop No. 23, Level 4, Bashundhara City Shopping Complex, Dhaka 1229 to check things out.
 [Buyer] got it. does selecting cash on delivery trigger any extra surcharges or handling fees?
 [Merchant] No extra fees at all for cash on delivery! The Miyako Electric Kettle is priced at 1,500 taka flat, no matter how you decide to pay.
 [Buyer] just to double-check... zero hidden fees or unexpected courier markups added to the cash on delivery total?
 [Merchant] 100% promise, there are zero hidden fees or extra costs with cash on delivery. You will only pay the exact total of 1,500 taka for your Miyako Electric Kettle!",no,INQUIRY_DROPOUT,TrustSeeker,Miyako Electric Kettle,Kitchen
10047,ENG_048,"[Buyer] hey i watn that real rajshahi silk saree asap. dropping cash now, drop ur bkash digits plz
 [Merchant] sure awesome choice! You are going to love thsi gorgeous authentic Rajshahi silk saree! Just send 8,500 taka to our official merchant bkash account at +88017xxxxxxxx right now. As soon as it lands, we will rush your order out immediately!
 [Buyer] ok ok thnx for the digits. done sent the money just now, u got it?
 [Merchant] sure let us check that right away! Just drop the transaction ID or reference number here so we can verify everything super fast and secure your saree!
 [Buyer] right yup here it is TXN123456789. check if u can see it ok
 [Merchant] Got it! Thanks for sending the transaction ID so fast. Checking it right now and will confirm your payment in a jiffy!",yes,PURCHASE_COMMITTED,Urgent,Authentic Rajshahi Silk Saree,Clothing
10048,ENG_049,"[Buyer] Hello, could you please tell me where this Katmon Ghee comes from? I would love to know more about its production and what quality checks you have, thank you!
 [Merchant] Hello there! We get our premium Katmon Ghee straight from local dairy farms up in the northern regions of Bangladesh, which are famous for great milk. It gets processed in our modern facility with strict quality control. Every batch goes through multiple tests for purity, flavor, and nutrition, and we follow all national food safety rules!
 [Buyer] that is very kind of you to explain, please tell me, how many years have yuo been making Katmon Ghee? Also, could you share what buyers usually say about the taste and texture?
 [Merchant] We have actually been making Katmon Ghee for over two decades now! Over all these years, we built a really strong name for keeping the quality consistent and the taste amazing. Our buyers always tell us they love the rich, buttery flavor and smooth texture. They often say it makes their food smell and taste so much better!
 [Buyer] that is wonderful to hear, thank you so much. Could you kindly let me know if there are any specific health benefits to eating Katmon Ghee, and how it compares to other brands out there?
 [Merchant] Katmon Ghee has so many health benefits thanks to the natural ingredients and traditional ways we process it! It has healthy fats like conjugated linoleic acid (CLA) that help with weight management and give your immune system a nice boost. Plus, it is completely lactose-free and casein-free, so it is great if you have dairy sensitivities. Compared to other brands, our Katmon Ghee really stands out because of the superior flavor, richer color, and higher smoke point, meaning you can cook at high temperatures safely without losing any of those good properties!",no,INQUIRY_DROPOUT,Ghoster,Premium Katmon Ghee (1kg),Food
10049,ENG_050,"[Buyer] bulk discount for 5 or 10 sets adjustable dumbbells?
 [Merchant] Certainly, sir! We are delighted to offer a 5% discount for 5 sets, and a 10% discount if you purchase 10 sets. That brings the price to 3,990 taka per set for 5 sets, and 3,780 taka per set for the 10 sets.
 [Buyer] total price 10 sets with 10% off?
 [Merchant] Yes, ma'am! With the 10% discount applied, the final total for 10 sets of adjustable dumbbells comes to exactly 37,800 taka. You are getting a fantastic deal!
 [Buyer] pickup ready when?
 [Merchant] Certainly, sir! Your adjustable dumbbell sets will be fully ready for pickup within the next 3 business days. Please let us know if you have a preferred day or time to collect them.",no,INQUIRY_DROPOUT,BulkBuyer,Adjustable Dumbbell Set,Fitness
10050,ENG_051,"[Buyer] is it possible to get this delivered by tomorrow morning please? i really need to make sure.
 [Merchant] i completely understand your urgency, ma'am, and i will do my best to arrange a quick delivery. however, please keep in mind that it might depend on the courier service's availability. i will confirm everything as soon as i get more details.
 [Buyer] oh... that is a bit worrisome. i really must have it by tomorrow morning without fail. is there anything else we can try?
 [Merchant] i fully realize how important this is for you, sir. please give me a moment while i contact our express delivery partner directly to see if we can secure a morning drop-off. thank you for your patience.
 [Buyer] thank you so much, i really appreciate your help. just to be completely clear though, if it does not arrive by tomorrow morning, i will not be able to accept any delays.
 [Merchant] i understand your position completely, ma'am. i am speaking with our express delivery partner right this second to lock in an early morning slot for you. i will drop you an update very shortly. thank you for bearing with us.",no,INQUIRY_DROPOUT,DeliveryObsessed,CeraVe Moisturizing Cream,Skincare
10051,ENG_052,"[Buyer] Need real pictures of teh iPhone 15 Pro Max. Send proof of authenticity too.
 [Merchant] Hello there! I would be more than happy to send you clear pictures of the iPhone 15 Pro Max right now. I will also share the original purchase receipt and warranty card so you can check everything for your peace of mind. Please keep an eye on your inbox!
 [Buyer] Need close-ups of all screen adn back scratches. Show me every mark.
 [Merchant] Of course, it is no problem at all! I will snap some detailed close-ups of the screen and back panel right away, highlighting any minor blemishes so you can inspect them fully. They will be in your inbox shortly, and please feel free to ask if you need anything else!
 [Buyer] so has it been repaired? Is warranty active?
 [Merchant] Absolutely, I completely understand why you want to check! The iPhone 15 Pro Max has never been serviced, and it still has an active manufacturer's warranty until [specific date]. I will attach all these details right along with those close-up photos for you. Always happy to help if you have more questions!",no,INQUIRY_DROPOUT,Skeptic,iPhone 15 Pro Max (Used),Smartphone
10052,ENG_053,"[Buyer] eyeing that Sony PS5 listed at 58,000 taka... is COD available? and drop your storefront address plz
 [Merchant] Hello there! Yes absolutely, cash on delivery is fully available right across Dhaka and nearby spots. And our shop is located at House #123, Road #4A, Dhanmondi, Dhaka. Drop by anytime if you want to check it out in person, you are always welcome!
 [Buyer] thnx for that... just to double check, I can definitely pay with cash when the courier drops it off right?
 [Merchant] Yes of course! You can totally pay via cash on delivery when the package arrives at your door. Just make sure to keep the exact total of 58,000 taka ready for our delivery agent.
 [Buyer] perfect. just one more thing, what's the exact shop location again just in case I end up doing a self pickup?
 [Merchant] No problem at all! Our exact address is House #123, Road #4A, Dhanmondi, Dhaka. Whenever you decide to grab your PlayStation 5 in person, just drop us a quick text and we will keep it fully boxed and ready for you!",no,INQUIRY_DROPOUT,TrustSeeker,Sony PS5 Console,Gaming
10053,ENG_054,"[Buyer] hi love this fridge but cash is real tight rn can u do a discount maybe round 58,000 taka?
 [Merchant] right i get it... 65,000 taka is already best price for LG Inverter Refrigerator but can give u special discount. how bout 62,000 taka?
 [Buyer] uff cant stretch that far max i can push is 59,000 taka pls understand my budget issue
 [Merchant] want to help u out... lets meet halfway at 61,000 taka. thats lowest i can go while keeping fair value u okay with this?
 [Buyer] ok please, one last try can u do 59,500 taka really cant go a single taka higher than that right now
 [Merchant] right okay fine taking your offer of 59,500 taka. lets close this so u get your LG Inverter Refrigerator without stress thnx for buying from us!",no,INQUIRY_DROPOUT,LowBaller,LG Inverter Refrigerator,Home Appliance
10054,ENG_055,"[Buyer] hey there! i saw the Miyako Electric Kettle listed for 1,300 taka somewhere else... do you guys think you could match that price for me plz?
 [Merchant] Hello! Thank yuo so much for sharing that with us. Let me quickly check with our manager to see if we can do 1,300 taka for you.
 [Buyer] aw thnx so much for checking on that for me... really appreciate u trying to help out!
 [Merchant] sure i just spoke with our manager! While we always want to give you the best value, matching that exact price is a bit tough for us right now due to our current inventory costs. But we can definitely offer it to you for 1,400 taka instead, which is still a fantastic deal. How does that sound to you?
 [Buyer] thanks for trying your best with the manager... 1,400 taka is definitely better than before, but it's still a bit more than the other place... is there any way we can drop it just a tiny bit more?
 [Merchant] I completely understand where you are coming from. Let me talk to them one more time to see if we can push it further, just give me a tiny moment please!",no,INQUIRY_DROPOUT,Comparator,Miyako Electric Kettle,Kitchen
10055,ENG_056,"[Buyer] Hello, could you please explain how this Rajshahi silk saree is woven? Also, how long does it take to make one, if you don't mind me asking? Thank you.
 [Merchant] Welcome to our electronics retail and specialty curation page. Regarding your inquiry, every authentic Rajshahi silk saree is crafted via traditional handlooms operated by certified master artisans, backed by our authenticity guarantee. Production time spans from several days to multiple weeks based strictly on design complexity, covered by our standard artisan warranty of origin.
 [Buyer] Oh, that is very interesting! Could you please tell me what kind of patterns and motifs are usually featured on them, and do these styles change across different areas in Bangladesh?
 [Merchant] Our inventory features genuine Rajshahi silk sarees adhering to strict quality specifications, characterized by precise floral motifs, paisleys, geometric structures, adn traditional figures. These designs comply with authentic cultural parameters. While broad regional variations within Bangladesh are minimal, localized aesthetic preferences may introduce subtle differences in color schemes and specific motif configurations, all verified for authenticity.
 [Buyer] I understand completely. Could you please share what specific maintenance steps I need to follow to keep the fabric in good condition, and how strong is this silk compared to other types?
 [Merchant] {""text"": ""To maintain your Rajshahi silk saree according to our official product care policy, please hand wash it using a mild detergent in cold water. Do not twist or wring the fabric forcefully; instead, gently press out the moisture. Air dry the item in a shaded space away from direct sunlight. Iron strictly on low heat settings, utilizing a protective pressing cloth between the iron and the material. Regarding structural longevity, Rajshahi silk demonstrates superior durability and tensile strength under proper maintenance protocols, outperforming standard silk variants due to our premium fiber selection standards."", ""intent"": ""provide_care_instructions_and_durability""}",no,INQUIRY_DROPOUT,Ghoster,Authentic Rajshahi Silk Saree,Clothing
10056,ENG_057,"[Buyer] need this batch-tested ghee delivered by tomorrow AM sharp. Can your logistics guarantee fat-seal integrity on a next-day window?
 [Merchant] ok we acknowledge your requirement for the authentic Katmon Ghee. Standard transit protocols preclude guaranteed AM delivery. Nevertheless, our expedited courier service complies with these parameters. Shall we apply the express shipping protocol to your order?
 [Buyer] yes... lock in the express courier tier then
 [Merchant] Confirmed. We are scheduling priority dispatch for the 1kg Katmon Ghee to ensure AM arrival. The aggregate invoice including express handling is 2,050 taka. Please verify these specifications.
 [Buyer] all specs match. just double-check seal integrity and ensure doorstep drop-off by tomorrow morning
 [Merchant] Confirmed. Be assured that the 1kg Katmon Ghee will be delivered to your doorstep by tomorrow morning. Your transaction is verified and the payable total is 2,050 taka. Thank you for your patronage.",no,INQUIRY_DROPOUT,DeliveryObsessed,Premium Katmon Ghee (1kg),Food
10057,ENG_058,"[Buyer] Hello, I would like to buy the adjustable dumbbell set please. I am in a bit of a rush and prefer paying through bKash. Could you kindly share your bKash number right away?
 [Merchant] Hello there! Absolutely, I can help you out with that right now. Our bKash merchant number is +88017xxxxxxxx. Please send 4,200 taka for the adjustable dumbbell set, and remember to drop the transaction ID here as soon as you are done so we can pack your order!
 [Buyer] Thank you so much for the quick reply. I am transferring the money right this second and will share the transaction ID with you shortly, thank you again.
 [Merchant] You are very welcome! Take your time, and just let me know the transaction ID whenever it goes through. We are always here to help if you need anything else.
 [Buyer] I have just finished making the payment, please. The transaction ID is 1234567890. Could you please double check and confirm if you received it?
 [Merchant] got it, thank you so much for the transaction ID! I just checked and confirmed your payment of 4,200 taka. Your adjustable dumbbell set order is fully processed and we will hand it over for delivery very soon. Let me know if you need any other help!",yes,PURCHASE_COMMITTED,Urgent,Adjustable Dumbbell Set,Fitness
10058,ENG_059,"[Buyer] well hello, I would like to buy the CeraVe Moisturizing Cream, please. Could you kindly share some proof that it is original? I would also appreciate it if you could send some actual photos of the item.
 [Merchant] all stock direct from authorized distributor. 100% original. batch numbers provided for check. here real photos [inserts link to genuine product images] check
 [Buyer] Thank you very much for those details. Would it be possible for you to send a few close-up pictures of the box and the cream too, please? That would help me feel completely sure
 [Merchant] sure. see close-ups here. lot number, expiry date, all visible on box. check: [inserts links to high-quality close-up photos]
 [Buyer] Thank you so much for taking the time to share these close-ups. They look very promising, but could yuo please double-check and write down the exact batch number and expiration date shown in the picture so I can verify them properly?
 [Merchant] batch is B123456789. expiry is December 2025. guaranteed authentic. matches official records",no,INQUIRY_DROPOUT,Skeptic,CeraVe Moisturizing Cream,Skincare
10059,ENG_060,"[Buyer] hey u guys got that 1000W blender with 4 jars in stock rn?
 [Merchant] Yes absolutely in stock! Grab yours now for just 4,200 taka before they sell out!
 [Buyer] cool need it sent to Uttara Sector 7 today itself k? u able to do that?
 [Merchant] Definitely! Just confirm your order and complete the payment in the next 30 minutes, and we will rush it for same-day delivery!
 [Buyer] drop ur bKash digits plz paying rn. n send rider info once u send it out
 [Merchant] Wonderful choice! Our merchant number is 017XXXXXXXX. Please send the transaction ID right away after making the payment so we can book the express rider for you!
 [Buyer] done paid. Transaction ID: TRX789XYZ plz ship fast thnx
 [Merchant] Payment received successfully! Your order is being packed right now with top priority. We will share all the rider details with you in 45 mins!",yes,PURCHASE_COMMITTED,Urgent,Blender,General
10060,ENG_061,"[Buyer] hi there! could u tell me how much the waterproof laptop bag costs please?
 [Merchant] hello! It is 1,850 taka. It features a padded compartment and easily fits a 15.6 inch laptop.
 [Buyer] ok oh wow... that feels a bit much. saw some other ones around 1,200. any chance u could do 1,300?
 [Merchant] Dear, our quality is completely different and much better. The lowest we can do for you is 1,650 taka.
 [Buyer] how about 1,400 final? i can place the order right this second!
 [Merchant] Ah, I am so sorry but that is just not possible. 1,600 is our absolute lowest since it is a genuine branded item
 [Buyer] alright alright, 1,600 it is then :) do u happen to have the grey one in stock?
 [Merchant] Yes, grey is definitely available! Whenever you are ready, please drop your delivery address here",yes,PURCHASE_COMMITTED,LowBaller,Laptop Bag,General
10061,ENG_062,"[Buyer] hey i was looking at teh Jamdani saree. is it pure cotton tho?
 [Merchant] hello dear! Yes absolutely, it's 100% pure handloom cotton featuring an authentic Jamdani weave, plus the border is genuine cotton zari too!
 [Buyer] ummm wats the exact length n width? n do u guys do global shipping?
 [Merchant] The length is 5.5 meters and width is 42 inches! And yes of course, we ship worldwide safely via DHL with a small extra fee!
 [Buyer] how much will it come to overall if u send it to the UK?
 [Merchant] The saree is priced at 12,500 taka and shipping to the UK comes to 2,800, taka so your total is roughly 15,300 taka. Such a gorgeous piece, you will love it!
 [Buyer] ah ok... lemme think abt it k. thnx for the info",no,DEFERRED_CONSIDERATION,Ghoster,Jamdani Saree,General
10062,ENG_063,"[Buyer] so need that 1000W blender unit at banani by tomorrow 11 am sharp. doable?
 [Merchant] ok oh absolutely! Just lock it in and clear the bKash advance in the next hour... we'll get it right to your door by 10:30 AM tomorrow!
 [Buyer] how's the drop protection? glassware shipping is usually a nightmare. what's the drop-test rating or cushioning spec on the jar?
 [Merchant] Total peace of mind guaranteed! We wrap everything in heavy double-layer bubble wrap inside a rock-solid outer carton. If the box looks even slightly crushed, just hand it right back to the courier -- zero risk for you!
 [Buyer] ok drop your bKash. doing 50% upfront and 50% cod. though if the courier misses the deadline tomorrow, I'm backing out
 [Merchant] for express slots we do need 100% prepaid to lock in top priority with our dispatch riders! trust me, it's totally worth it. here's our merchant bKash: 017XXXXXXXX.
 [Buyer] so fine. pushing 4,200 taka right now. TrxID is TRX456ABC. text me the driver's cell the second it leaves the hub.
 [Merchant] Funds hit! Your unit is officially locked into our top-priority urgent queue now. We'll drop all dispatch details and tracking straight to you by 8 PM tonight!",yes,PURCHASE_COMMITTED,Urgent,Blender,General
10063,ENG_064,"[Buyer] right looking at the pressure cooker specs, what's your policy on pure Cash on Delivery transactions?
 [Merchant] Hello! Yes, COD is totally fine, we just need a small 200 taka advance via bKash to lock in the pressure cooker order, and the rest is on delivery.
 [Buyer] Pass on teh advance. Seen too many issues with online transfers. Need 100% COD or I'll pass.
 [Merchant] I completely get your concern! We can certainly do full COD, but only within Dhaka city. Outside Dhaka, we really do need that advance because of courier return rates.
 [Buyer] I am in Mohammadpur, Dhaka. What is the SLA for transit, and what's the DOA policy if the overpressure release valve is sheared off in transit?
 [Merchant] sure you will have it within 2 days in Mohammadpur! We always double-wrap everything in heavy foam, but if anything arrives damaged, just hand it right back to the delivery agent on the spot.
 [Buyer] well sounds good, let's proceed with full COD then. Can you resend the capacity specs so I can verify whether the 5 liter or 7 liter model fits my burner better?
 [Merchant] Right away! Sending the sizing details now. Just drop your exact delivery address and final capacity choice whenever you're ready.",yes,PURCHASE_COMMITTED,COD Lover,Pressure Cooker,General
10064,ENG_065,"[Buyer] Hello, I am asking about the iPhone 15 Pro Max listed at 152,000 taka. Could you please confirm if it is entirely authentic? I know refurbished ones are common nowadays.
 [Merchant] yes 100% original. sealed pack. can show distributor invoice with info hidden.
 [Buyer] thank you for the quick reply, please do share that invoice. Could you also tell me the exact model number so I can verify whether it is a Global or Middle East unit?
 [Merchant] sure invoice attached. model A2849, global / US version. full local LTE support.
 [Buyer] That is good to hear, thank you. Could you please let me know how you will pack it for shipping to a village in Rangpur? I am quite worried about theft or rough handling during transit.
 [Merchant] ok plain box. heavy bubble wrap. villages get fully insured shipping w/ tracking. takes 5-7 days.
 [Buyer] I see. As for payment, would it be possible to pay 30% in advance through bKash once I receive the tracking number, and the remaining 70% as cash on delivery, please?
 [Merchant] village policy: 50% advance, 50% COD. tracking ID sent right after dispatch.
 [Buyer] ok thank you for explaining your policy. Let me carefully look over the invoice and consider your terms, and I will reach out to you again shortly.",no,DEFERRED_CONSIDERATION,Skeptic,iPhone 15,General
10065,ENG_066,"[Buyer] hi there! hope you're having a good day... I was hoping to get the 1000W blender shipped over to Gulshan by tomorrow at 9 AM for a small function. do you think that can be managed?
 [Merchant] yes fulfillment by tomorrow at 8:30 AM is achievable strictly subject to order confirmation and 100 percent advance payment via bKash within the next 30 minutes. All transactions are backed by our official authenticity guarantee.
 [Buyer] awesome, sounds like a plan! just drop your bKash digits whenever u can... oh and please make sure the box is secure this time, my last package had a broken jar inside
 [Merchant] Our merchant bKash designated account is 017XXXXXXXX. Please note that all our blender dispatches undergo mandatory double-box reinforcement for transit safety. Furthermore, customers retain the right to inspect and reject shipment upon receipt if external packaging compromise is observed, backed by our standard replacement warranty policy.
 [Buyer] sent the money just now, thnx! trx id is BK12345XYZ. plz text me the delivery guy's number real quick so I don't miss him
 [Merchant] sure payment successfully verified and transaction logged. Your dispatch order has been officially processed in our system. The assigned delivery courier will initiate direct phone contact with you by 7:30 AM tomorrow morning.",yes,PURCHASE_COMMITTED,Urgent,Blender,General
10066,ENG_067,"[Buyer] is this kitchen knife set rly stainless steel cause last time i got scammed and it rusted
 [Merchant] Yes, ma'am, it is crafted from 100% food-grade stainless steel. I would be more than happy to share the material certification from our trusted supplier with you.
 [Buyer] send cert plz... r teh handles heat proof tho they look like cheap plastic
 [Merchant] Here is the official certification for your review, ma'am. Please rest assured that the handles are made of BPA-free plastic and are fully heat-resistant up to 180°C.
 [Buyer] how u pack em... my last buy had a chipped blade cause box was smashed
 [Merchant] We take great care in packaging, ma'am, utilizing thick foam inserts alongside double-wall cardboard boxes. Should any damage occur during transit, you may reject the delivery immediately.
 [Buyer] what if the blades arent sharp enough can i send em back
 [Merchant] We offer a 7-day return policy specifically for manufacturing defects, ma'am. Furthermore, every single blade is thoroughly tested for sharpness before dispatch to ensure your complete satisfaction
 [Buyer] ok lemme think abt it thnx",no,DEFERRED_CONSIDERATION,Skeptic,Kitchen Knife Set,General
10067,ENG_068,"[Buyer] android and ios support?
 [Merchant] Yes, sir! It connects seamlessly with both platforms via Bluetooth through our dedicated mobile app
 [Buyer] how long battery lasts wiht heart rate on continuously?
 [Merchant] You will get up to 7 days on normal usage, ma'am, and exactly 2 days when heart rate monitoring runs continuously.
 [Buyer] gorilla glass? water resistance rating?
 [Merchant] sure it features durable tempered glass rather than Gorilla Glass, sir, and comes with an IP68 waterproof rating for your peace of mind.
 [Buyer] so custom watch faces available?
 [Merchant] Indeed, ma'am! You can easily download custom designs, with over 50 watch faces ready in the app store.
 [Buyer] noted. will check later",no,DEFERRED_CONSIDERATION,Ghoster,Smart Watch,General
10068,ENG_069,"[Buyer] Hello, could you please tell me if teh iPhone 15 in the blue color is currently available? Thank you so much.
 [Merchant] yes 128gb blue in stock
 [Buyer] I was wondering if this matches the exact blue shade displayed on the Apple website, as I know colors can sometimes look different. Please let me know
 [Merchant] official color sent photo natural light
 [Buyer] Thank you for the photo. Regarding the 128GB capacity, could you please tell me how much space remains free for the user after iOS is installed?
 [Merchant] about 110gb usable after system
 [Buyer] That is helpful, thank you. Does the box contain the new braided USB-C cable, and does it also come with the 20W adapter, please?
 [Merchant] braided cable inside adapter separate 20w add 1,000 taka
 [Buyer] Okay, I understand. Could you please let me know what the total pirce would be then? Thank you for your time.",no,INQUIRY_DROPOUT,Size/Fit Obsessed,iPhone 15,General
10069,ENG_070,"[Buyer] well need blender in uttara by 5 pm. possible?
 [Merchant] yes subject to immediate bKash settlement, our express dispatch ensures delivery by 4:30 PM. The unit price is 4,200, taka fully covered by our official authenticity guarantee and replacement warranty.
 [Buyer] bkash number?
 [Merchant] official bKash merchant account: 017XXXXXXXX. Please retain your payment receipt and forward the transaction ID to validate your warranty registration and dispatch
 [Buyer] paid. TRX ID: BK456XYZ. dispatch now.
 [Merchant] Transaction verified successfully. Your appliance is logged in the priority dispatch queue, and our designated courier rider will initiate contact within 1 hour.",yes,PURCHASE_COMMITTED,Urgent,Blender,General
10070,ENG_071,"[Buyer] hi there hope you are doing well how much for the blender plz
 [Merchant] Hello, valued customer! The regular price for this premium model is 4,500 taka, featuring a powerful 1000W motor and 4 jars
 [Buyer] oh nice... um would u take 3,800 for it?
 [Merchant] right we appreciate your offer, ma'am, but our absolute lowest fixed price for this item is 4,200 taka
 [Buyer] how about 4,000 flat... really need it delivered by day after tomorrow thnx
 [Merchant] right we can offer you a special discounted rate of 4,100 taka as our best price. Yes, delivery within 2 days is certainly possible for you, sir.
 [Buyer] ah ok let me look around at a few other options first and i will text u later",no,DEFERRED_CONSIDERATION,LowBaller,Blender,General
10071,ENG_072,"[Buyer] is the imei unactivated and can i verify teh batch serial before dispatch?
 [Merchant] All our units are factory sealed and genuine. We provide official distributor documentation with every authentic purchase.
 [Buyer] does the coverage include official manufacturer support or is it strictly shop warranty?
 [Merchant] We provide a standard 1 year seller warranty. Fully eligible for diagnostics and support at official Apple service centers.
 [Buyer] what is your absolute floor on the tag?
 [Merchant] The fixed retail price is 152,000 taka
 [Buyer] can we lock it at 1,48,000?
 [Merchant] 150,000 taka is our final and best price. All our items are backed by official warranty and verified authenticity.
 [Buyer] ok, sorting my payment gateway limits... will update u tmrw.",no,DEFERRED_CONSIDERATION,Skeptic,iPhone 15,General
10072,ENG_073,"[Buyer] hi there hope ur having a lovely day... just wanted to ask if this honey is totally pure and real? do u happen to have any lab test certificates for it?
 [Merchant] All items are verified authentic and 100% genuine merchandise. Official laboratory test documentation confirming purity can be provided upon request under our standard verification policy.
 [Buyer] oh that is wonderful to hear thnx so much... where does it actually come from though? is it collected straight from the sundarbans forests?
 [Merchant] The inventory is sourced directly from the designated Sundarbans region. All units come with our official store warranty and authenticity guarantee.
 [Buyer] thats great to know... how do u pack it up for shipping btw? im a bit worried it might leak or crack on the way
 [Merchant] We utilize heavy-duty protective packaging including industrial bubble wrap and reinforced secure outer cartons to ensure transit safety. The risk of transit damage or breakage is extremely minimal, and all shipments are covered by our delivery replacement warranty.
 [Buyer] ah ok perfect... umm how much does it cost exactly?
 [Merchant] The fixed retail price is 600 taka per jar. This includes our standard manufacturer warranty coverage and official authenticity verification.
 [Buyer] alright then thnx for all the info... let me think about it for a bit and ill let u know ok",no,DEFERRED_CONSIDERATION,Ghoster,Organic Honey,General
10073,ENG_074,"[Buyer] Hi there! I was hoping to know if the iPhone 15 Pro Max you have is specifically the US model with mmWave support?
 [Merchant] Hello! Yes absolutely, it is the US variant. It fully supports mmWave along with all local network bands.
 [Buyer] thnaks for confirming! How does the warranty work on this? Can I also get Apple Care+?
 [Merchant] You get a full 1 year seller warranty with it, adn Apple Care+ can be added on separately if you'd like. Would you also be interested in grabbing an original Apple screen protector for 2,500 taka to go with it?
 [Buyer] Oh no thanks, just the phone by itself for me! Do you think you could get it delivered to me in Chittagong by tomorrow? Is that doable?
 [Merchant] Yes we can definitely make that happen! Just clear a 50% advance payment right now through bKash, and we will have it delivered to you by tomorrow evening.
 [Buyer] sounds great! Kindly drop your bKash number here adn I will send the payment over right away.",yes,PURCHASE_COMMITTED,Urgent,iPhone 15,General
10074,ENG_075,"[Buyer] hello there hope you are doing great is the organic honey completely authentic
 [Merchant] Greetings, ma'am! Yes, it is 100% pure and authentic. We have official lab test reports available for your reassurance.
 [Buyer] aw that is wonderful... where does it come from exactly do you know
 [Merchant] It is harvested directly from the pristine Sundarbans area, ensuring the highest quality for our valued customers, ma'am.
 [Buyer] oh nice... how much do you charge for it
 [Merchant] It is priced at 550 taka per jar, sir. A truly wonderful value for such premium natural goodness.
 [Buyer] thanks so much for telling me... let me think about it for a bit and i will get back to u",no,DEFERRED_CONSIDERATION,Ghoster,Organic Honey,General
10075,ENG_076,"[Buyer] hey i need some pure organic honey... how do u guys prove it's actually real?
 [Merchant] Hello, valued customer! We procure our honey directly from trusted beekeepers in the Sundarbans. I would be more than happy to share our official lab test certificate as well as a video showing the extraction process for your peace of mind, ma'am
 [Buyer] cool plz send both... how much for a 1kg jar?
 [Merchant] I have just forwarded the lab certificate and video to you. A standard 1kg jar is priced at 1,200 taka. Additionally, we have a wonderful Eid special gift pack available that includes 1kg of honey plus a wooden dipper for just 1,250 taka!
 [Buyer] got the stuff u sent, looks legit. but wait how do u pack it so it doesnt spill everywhere in transit?
 [Merchant] ok rest assured, ma'am. We pack every order in a tightly sealed glass jar, wrap it securely in multiple layers of thick bubble wrap, and then put it inside a sturdy sealed cardboard box. We completely guarantee zero leakage upon arrival
 [Buyer] ok sounds good ill take the gift pack. gonna pay by card when it arrives tho, but only after checking the seal and stuff myself. give me the delivery guy's number and time plz
 [Merchant] understood completely, ma'am. Please note that we offer Cash on Delivery, and you are always welcome to thoroughly inspect the product before making your payment. We will send the delivery representative's contact number and a live tracking link as soon as your parcel is dispatched tomorrow",yes,PURCHASE_COMMITTED,Skeptic,Organic Honey,General
10076,ENG_077,"[Buyer] hey need a solid blender for juices n stuff... any recs?
 [Merchant] Oh you are going to love this! Our 1000W stainless steel blender with 4 blades is an absolute best-seller! It features a spacious 1.8L jar, and it's an incredible steal at just 4,500 taka with a full 1-year warranty. Grab yours today before stock runs out!
 [Buyer] will it crush ice ok? like can it handle peanut butter too... plz send some real video if u have it
 [Merchant] It handles both effortlessly! You will be amazed by its raw power. I am dispatching a real customer-shared video right now showing it crushing ice and blending nut butter like a charm!
 [Buyer] vids cool... but what if the motor gets too hot tho? is that covered?
 [Merchant] Rest completely assured! It is built with a smart thermal cut-off protection, adn yes, our comprehensive 1-year warranty covers all parts including the motor completely. Total peace of mind guaranteed!
 [Buyer] ok fine ill grab one... drop ur nagad no plz. needs to reach sylhet b4 eid break starts ok
 [Merchant] Wonderful choice! Sending the payment info right away. We will ship it via express courier for Sylhet right now to guarantee it arrives safely before the Eid break!",yes,PURCHASE_COMMITTED,Urgent,Blender,General
10077,ENG_078,"[Buyer] need perfume, not body spray. Top notes?
 [Merchant] Hello there! Our amazing 'Oud Majesty' features lovely top notes of bergamot and apple, middle notes of rose and oud, and a warm base of sandalwood. It lasts 10+ hours and is 50ml for 2,200 taka. So glad you asked!
 [Buyer] Original or clone? Send clear pictures of bottle and packaging.
 [Merchant] It is a premium inspired fragrance, crafted with great care! Absolutely, I am sending you high-resolution photos of the bottle, box, and even the spray mechanism right now so you can check every detail.
 [Buyer] Got the pictures. Any test vials available? Will pay
 [Merchant] sure we don't sell samples unfortunately, but please don't worry at all because we offer a solid satisfaction guarantee. If you don't like the scent upon delivery, you can return it unsprayed for a full refund!
 [Buyer] One bottle. Rajshahi address, before Eid, gift wrap it. Send link.
 [Merchant] yes noted with pleasure! Gift wrapping is totally free for Eid. We will use our express service for Rajshahi to ensure it arrives right on time. Payment link has been sent to you.",yes,PURCHASE_COMMITTED,Skeptic,Perfume,General
10078,ENG_079,"[Buyer] Motor RPM? Peak wattage?
 [Merchant] Hello! It features a 25,000 RPM motor. Peak wattage reaches 1000W, and it runs at 800W operationally.
 [Buyer] Blade material. Steel grade? Detachable?
 [Merchant] Hi there! They are 304-grade stainless steel blades. Absolutely, they come off easily and are totally dishwasher safe for your convenience.
 [Buyer] Speed count? Pulse option? Decibel rating?
 [Merchant] You get 5 speed settings plus a pulse function! On the highest speed, the noise level sits around 85 dB.
 [Buyer] Jar volume in ml? Composition? BPA safe?
 [Merchant] The main jar holds 1.5L and is crafted from safe, BPA-free Tritan plastic. Plus, you get two extra 500ml jars as well!
 [Buyer] Warranty length? Thermal cutoff?
 [Merchant] It comes with a solid 2 years warranty to protect your purchase. Yes, it is fully equipped with automatic thermal cutoff protection!",no,INQUIRY_DROPOUT,Tech Specs Nerd,Blender,General
10079,ENG_080,"[Buyer] Could you please share the certification details for the organic honey? Is it USDA approved, and does it have HACCP compliance? Thank you.
 [Merchant] Yes, ma'am, it is fully USDA organic certified. Furthermore, it is produced in a HACCP compliant processing facility to ensure safety.
 [Buyer] Thank you for letting me know. Could you also tell me the moisture content percentage and what the HMF level in ppm is, please?
 [Merchant] Certainly, sir. The moisture content is 18.5%, and we guarantee the HMF level remains below 20 ppm.
 [Buyer] That sounds good. Do you happen to know the pollen count per gram as well as the diastase activity? Please let me know.
 [Merchant] Of course, ma'am. There are approximately 20,000 pollen grains per gram, and the diastase activity is measured at 15 DN.
 [Buyer] I appreciate the details. What is the floral source percentage breakdown, please? Also, are there any additives or preservatives inside?
 [Merchant] It is 80% Sundarban mangrove and 20% litchi, valued customer. Rest assured, there are absolutely no additives, making it 100% pure.
 [Buyer] Thank you for reassuring me. What kind of packaging material do you use, and is it a UV protected jar, please?
 [Merchant] We pack it in an amber glass jar with full UV protection, sir, complete with a metal lid featuring a food-grade liner.",no,INQUIRY_DROPOUT,Tech Specs Nerd,Organic Honey,General
10080,ENG_081,"[Buyer] looking for an iPhone 15 Pro Max for Eid. Need confirmation it's retail fresh, zero tolerance for repacks or refurbs.
 [Merchant] right 100% factory sealed only. Free screen protector for Eid. Price 152,000 taka.
 [Buyer] so drop the IMEI so I can pull up coverage on the Apple portal before pulling the trigger.
 [Merchant] can share first 8 digits and serial off box. full imei security risk before buying.
 [Buyer] Fine, send those. Need fab date too, and confirm if it's the LL/A SKU with the active mmWave cutout.
 [Merchant] Week 45, 2023. US spec, mmWave included. Serial: H4J8K2L3. Verify on Apple coverage tool.
 [Buyer] Portal says 'please activate your device'. How do I verify the baseband hasn't been touched or pre-registered?
 [Merchant] ok normal for sealed boxes. active only on first boot. we record unboxing video on dispatch as guarantee.
 [Buyer] Fair enough. Can you rush it for pre-Eid delivery tomorrow? I can drop a 70% bKash deposit right now.
 [Merchant] same-day needs 100% upfront. tracking and unboxing video included.
 [Buyer] Send your bKash merchant digits. Also, throw in a printed gift note in the box.",yes,PURCHASE_COMMITTED,Skeptic + Tech Specs Nerd,iPhone 15,General
10081,ENG_082,"[Buyer] hmm hi looking for raw organic honey batches for corporate eid distribution. is there a specialized festival SKU available?
 [Merchant] Yes sir, we do offer an exclusive Eid gift pack containing 3 jars in a decorative box priced at 1,800 taka, discounted from our regular price of 2,100 taka
 [Buyer] right what is the exact botanical source and are there third-party lab analysis reports confirming zero sucrose adulteration?
 [Merchant] Certainly, ma'am. Here is the official USDA organic certification along with the complete laboratory purity test report for your review.
 [Buyer] alright... transit time is critical here. can logistics guarantee dispatch to khulna ahead of eid cutoff?
 [Merchant] yes if you confirm the order within the next 2 hours, we guarantee delivery to Khulna city prior to Eid, though rural destinations might experience minor transit delays.
 [Buyer] margin is a bit steep at that volume. can we adjust to 1,500 taka? buying 2 units.
 [Merchant] For an order of 2 packs, we can offer a discounted rate of 1,600 each, bringing the total to 3,200 taka. This is our best possible price, sir
 [Buyer] meet me at 1,550 per pack as my final counter. ready to execute bkash transfer immediately.
 [Merchant] Very well, we have a deal at 3,100 taka total for 2 packs, ma'am. Please remit teh payment to our official merchant wallet at 017XXXXXXXX.
 [Buyer] funds transferred. trx ID is bkash1234. please share the courier tracking reference once logged.",yes,PURCHASE_COMMITTED,Skeptic + LowBaller,Organic Honey,General
10082,ENG_083,"[Buyer] yo, what chip is inside this smartwatch? also ram plz?
 [Merchant] Hello! It features the Realtek RTL8762C chipset with 64KB RAM. You get the absolute best performance in this price range.
 [Buyer] battery capacity kitni hai? and actual backup kitna milta hai daily use pe?
 [Merchant] It packs a 230mAh battery. You can expect 5 to 7 days on standby with normal use, and about 2 to 3 days with active use.
 [Buyer] is the heart rate sensor legit or just for show?
 [Merchant] It uses a genuine PPG sensor. While it is not medical grade, your fitness tracking will be very accurate.
 [Buyer] kinda sus ngl... can u send a vid of the real item?
 [Merchant] sure just sent a video straight to your inbox! I even showed the sensor test clearly so you can be completely sure.
 [Buyer] saw the vid, looks legit ngl. whats teh ip rating btw?
 [Merchant] It has an IP68 rating. It is completely splash proof, so you will have no problems even in the shower.
 [Buyer] so wanna treat myself for eid. any discount going on?
 [Merchant] yes! For our Eid offer, it is marked down from 2000 to 1750, plus you get an extra strap absolutely free.
 [Buyer] what color is the extra strap?
 [Merchant] If you pick the black watch, we will include a blue strap. The color contrast looks really amazing together!
 [Buyer] ok bet. can i get cod in mirpur?
 [Merchant] yes, cash on delivery is fully available. You will receive your package by the 27th, right before Eid.",yes,PURCHASE_COMMITTED,Tech Specs Nerd + Skeptic,Smart Watch,General
10083,ENG_084,"[Buyer] Hi, do you have premium Eid gift boxes? Need 20 pieces for office staff.
 [Merchant] Yes sir, we have corporate gift boxes. Dates, chocolates, dry fruits combo.
 [Buyer] What's inside exactly? Need detailed list for accounts.
 [Merchant] 500g premium dates, 200g Belgian chocolates, 300g mixed dry fruits, Eid card.
 [Buyer] Can you customize with company logo on the box?
 [Merchant] Ji sir, logo printing possible. Extra 50 taka per box.
 [Buyer] Price per box without logo?
 [Merchant] 1200 taka each sir. For 20 pieces, 1000 taka per box. Bulk discount.
 [Buyer] So 20 boxes = 20,000 taka, plus logo 1000 = 21,000 total?
 [Merchant] Exactly sir. Delivery free for Dhaka corporate address.
 [Buyer] Eid is in 3 days. Can you deliver 20 customized boxes by day after tomorrow?
 [Merchant] Tight but possible sir. Need logo file and payment today.
 [Buyer] Hmm let me discuss with HR and get back. Will confirm in 2 hours.
 [Merchant] Sure sir, waiting. Stock is limited, the Eid rush is on.
 [Buyer] HR approved! Sending logo and bKash now. 01712XXXXXX right?
 [Merchant] Yes sir! Eid Mubarak in advance. Will deliver 27th by 5pm.",yes,PURCHASE_COMMITTED,Urgent + Ghoster tendency,Eid Gift Box,General
10084,ENG_085,"[Buyer] hi there! hope u are doing well... dying to get that laptop bag u posted. how much is it?
 [Merchant] Good day, ma'am! Thank you for reaching out to us. The price for this premium item is 1,850, taka and it features a durable waterproof design of the highest quality
 [Buyer] right oh nice... umm would u take 1,500 for it?
 [Merchant] We truly appreciate your offer, ma'am, but our absolute lowest fixed price for this product is 1,700 taka.
 [Buyer] ok sounds fair ill grab one... wait hold on do u happen to have grey? really trying to avoid black tbh
 [Merchant] Yes ma'am, we are pleased to confirm that the grey color is currently in stock and ready to ship.
 [Buyer] hmm u know what could u show me another pic of the grey one? the lighting on the page made it look kinda washed out
 [Merchant] yes certainly, ma'am. I am sending you a fresh, unedited photo taken in natural daylight so you can see the true shade.
 [Buyer] hmm... okie maybe black... wait no grey...ugh im so indecisive lol let me sleep on it adn ill text u back later thnx!",no,DEFERRED_CONSIDERATION,Ghoster,Laptop Bag,General
10085,ENG_086,"[Buyer] iPhone 15 Pro Max price?
 [Merchant] ok hello! It is 154,000 taka for teh 256GB version.
 [Buyer] 1,50,000. Cash ready
 [Merchant] Wish we could, but 1,52,000 is our absolute lowest price.
 [Buyer] Fine. Send IMEI for warranty check and a photo of the sealed box with today's newspaper first.
 [Merchant] For privacy reasons, we share the IMEI only after purchase, but we are happy to send the sealed box photo!
 [Buyer] Both needed before payment. Got scammed previously
 [Merchant] I totally understand your concern. While we cannot reveal the full IMEI beforehand, we can hop on a video call to show you the sealed box right next to today's newspaper.
 [Buyer] ok start video call.
 [Merchant] right calling you right now..
 [Buyer] ok box is fine. Another seller is doing 1,51,000. Match it?
 [Merchant] That is only a 1,000 difference! Our price remains firm at 1,52,000, which includes our dedicated video proof service adn complete peace of mind.
 [Buyer] Thinking about it",no,DEFERRED_CONSIDERATION,Skeptic + Bargain Hunter,iPhone 15,General
10086,ENG_087,"[Buyer] need iPhone 15 Pro Max. send IMEI and serial number for check first.
 [Merchant] Sure thing! Serial number comes right after order placement. For safety reasons, full IMEI is only revealed post-purchase, but rest assured our stock is 100% authentic!
 [Buyer] how to verify authenticity then? need proof.
 [Merchant] No worries at all! We can hop on a live video call to check the sealed box and serial number together. You can verify it right on the official Apple website during our call for total peace of mind!
 [Buyer] fine. start video call now.
 [Merchant] Give me just 10 quick minutes to get everything set up perfectly for you!
 [Buyer] 20 minutes passed. ready?
 [Merchant] Extremely sorry for the tiny delay, running into some sudden network trouble! Can we reschedule for 1 hour later? Promise it will be smooth!
 [Buyer] waste of time. promise video call then stall. unreliable. canceling.",no,DEFERRED_CONSIDERATION,Skeptic + Tech Specs Nerd,iPhone 15,General
10087,ENG_088,"[Buyer] raymond blue slim fit suit size 40 available?
 [Merchant] Yes absolutely! We have Size 40 ready in stock right now, but they are selling fast so grab yours today!
 [Buyer] need it for meeting tomorrow inside dhaka can u get it in 4 hours
 [Merchant] No worries at all! We will rush it right over via Pathao Parcel for just 150 taka delivery charge!
 [Buyer] sounds good bkash merchant plz
 [Merchant] great choice! Send payment to bKash: 017XXXXXXXX (Merchant) and just use Reference 1.
 [Buyer] paid trxis 8HJS736 address gulshan 1",yes,PURCHASE_COMMITTED,Urgent,Business suits,General
10088,ENG_089,"[Buyer] Hello, could you please tell me if this is made of 100% cotton or a blend? Thank you.
 [Merchant] Hello! Welcome to our shop! It is 100% organic cotton, 220 GSM. Very soft and premium quality, you will love it!
 [Buyer] I would like to know if the color will fade after washing, please? Just want to be sure.
 [Merchant] No need to worry at all! No sir, we give color guarantee for 6 months. It stays bright and fresh.
 [Buyer] That is wonderful. Would you mind sharing a close up photo of the logo embroidery, please?
 [Merchant] [Photo Sent] Here is the macro shot of the logo. You can see the neat stitching clearly!
 [Buyer] Okay, that looks quite decent. I will place an order for one, please send it soon. Thank you so much!",yes,PURCHASE_COMMITTED,Skeptic,Polo shirts,General
10089,ENG_090,"[Buyer] what's the material blend on these denim... 100% cotton or mixed?
 [Merchant] Good day, sir! These are crafted from 98% cotton with 2% spandex to give you that comfortable stretch. You will love the quality, I assure you.
 [Buyer] got it... and what about the closure, is it a button fly or YKK zip?
 [Merchant] We use a durable, premium YKK zip fly for this model, ma'am. It is built to last and very smooth.
 [Buyer] looking for a 34 waist... do u have that in stock right now?
 [Merchant] Yes, sir, size 34 is fully available in our inventory right now. We can ship it out as soon as you confirm!
 [Buyer] ok lemme check my measurements... tnx, will text back later",no,DEFERRED_CONSIDERATION,Ghoster,Jeans,General
10090,ENG_091,"[Buyer] Hi there! Just wanted to ask, what material is teh sole made of on these loafers? Is it leather or rubber?
 [Merchant] Hello! Oh you are going to love these. We use a top-grade TPR rubber sole that is super durable and built to last. Stocks are running low so grab yours soon!
 [Buyer] Ah I see... hope you are having a nice day. By the way, are they fully waterproof? Would it be alright to walk in the rain with them?
 [Merchant] They feature great water resistance! Just keep in mind that heavy downpours might affect the leather upper, so better safe than sorry. Most of our buyers grab two pairs at once!
 [Buyer] Thanks for explaining all that. I was just wondering if you happen to carry them in a dark brown shade, specifically size 42?
 [Merchant] Yes indeed! We have the dark brown in size 42 right here ready to ship. It is one of our best sellers today so you should definitely lock it in now!
 [Buyer] Alright, thnx so much. Let me just check with my brother real quick and I will get back to you soon",no,DEFERRED_CONSIDERATION,Ghoster,Shoes,General
10091,ENG_092,"[Buyer] are these almonds coming from usa or just local stuff
 [Merchant] Absolutely! We only stock premium Blue Diamond California Almonds, highest quality guaranteed!
 [Buyer] got a pic of the actual pack..
 [Merchant] [Image Sent] Here is the carton image with import labels. You can clearly see the official seals!
 [Buyer] sure it is sealed tightly so they wont get soft
 [Merchant] 100% yes! Fully air-tight vacuum sealed to lock in that fresh crunch!
 [Buyer] k send one kg COD",yes,PURCHASE_COMMITTED,Skeptic,Imported dry foods,General
10092,ENG_093,"[Buyer] are these polarized or just cheap glass? need to know best price too
 [Merchant] All our inventory features certified polarized lenses, backed by our official authenticity guarantee and standard store policy.
 [Buyer] well seen so many scams online... u sure? how do i know its real? can u prove it
 [Merchant] [Video Sent] Please review the attached demonstration footage utilizing our standard optical verification test card to confirm authenticity.
 [Buyer] ok... but does it have any warranty? what if i get scammed or get a broken item
 [Merchant] Every purchase includes a formal 6 months warranty card, fully covered under our manufacturer defect replacement policy.
 [Buyer] ok alright... placing order now plz dont send fake stuff",yes,PURCHASE_COMMITTED,Skeptic,Sunglasses,General
10093,ENG_094,"[Buyer] got light blue in waist 32?
 [Merchant] Yes ma'am, size 32 is currently in stock and ready to ship for you.
 [Buyer] flying out tmrw need this by tonight pls
 [Merchant] ok we can arrange an express delivery for you right away. Kindly send the 100 taka delivery charge now, ma'am.
 [Buyer] bkash trxid coming ur way
 [Merchant] Payment received successfully, thank you. Could you please drop your location pin so our rider can find you easily?
 [Buyer] pin sent plz make it fast",yes,PURCHASE_COMMITTED,Urgent,Jeans,General
10094,ENG_095,"[Buyer] slim or regular fit? price better be good..
 [Merchant] Hello! It is tailored in a gorgeous Italian Slim Fit cut. Let me know if you need any help with sizing!
 [Buyer] wait... what is the gsm of the fabric? not too thin i hope, heard online stores cheap out
 [Merchant] You don't need to worry at all! It is 240 GSM, completely premium quality and suitable for all seasons. We always ensure top quality for our customers.
 [Buyer] are the trousers unstitched at the bottom? if they mess up my length i lose money...
 [Merchant] ok yes, they come unstitched so you can easily adjust the length to your exact preference. We are always here to help if you have any other questions!
 [Buyer] ok lemme ask my wife first... dont sell it off yet plz",no,DEFERRED_CONSIDERATION,Ghoster,Business suits,General
10095,ENG_096,"[Buyer] Could you please tell me the price for the 1 liter Tresemme shampoo? Thank you.
 [Merchant] Hello ma'am, that item is priced at 1,150 taka. It is an amazing product!
 [Buyer] I usually get it at the supermarket for 1000. Would you be able to match that price, please?
 [Merchant] Please keep in mind, ma'am, our stock is directly UK imported, whereas supermarkets typically sell local refilled versions.
 [Buyer] Even so, 1150 feels a bit steep for me. Could we perhaps do 1050 please?
 [Merchant] i apologize, ma'am, but our absolute final price is 1,100 taka. We assure you of the best authentic quality.
 [Buyer] I understand. I will have to pass then. Thank you for your time and help, please.",no,DEFERRED_CONSIDERATION,LowBaller,Toiletries,General
10096,ENG_097,"[Buyer] Hello, could you please tell me if the Neutrogena Dry Touch sunscreen is currently in stock?
 [Merchant] Yes, absolutely! We have the amazing SPF 50+ ready to ship out right now, you are going to love it!
 [Buyer] I am traveling down to Cox's Bazar tomorrow morning. Is there any way possible I could receive it by tonight please?
 [Merchant] No worries at all, we can rush it right over with an express delivery via courier so it reaches you safely before you leave!
 [Buyer] well that would be wonderful, thank you so much. Could you please send me the payment details?
 [Merchant] Here you go! bKash Merchant: 018XXXXXXXX. Reference: SUN50. Grab yours today before stocks run out!
 [Buyer] Thank you, I have just paid 1,200 taka. Please check.",yes,PURCHASE_COMMITTED,Urgent,Sunscreen,General
10097,ENG_098,"[Buyer] is thsi shampoo sulfate free
 [Merchant] Yes, ma'am, this formula is entirely free from sulfates adn parabens.
 [Buyer] right safe for dyed hair tho
 [Merchant] Indeed, it is specially designed to protect adn maintain color-treated hair, ma'am
 [Buyer] whats the expiry
 [Merchant] The expiration date is June 2027, sir. You can use it with complete confidence.
 [Buyer] ok lemme think",no,DEFERRED_CONSIDERATION,Ghoster,Toiletries,General
10098,ENG_099,"[Buyer] whats the chest size for large tho
 [Merchant] Please be advised that the chest measurement for our Large size is strictly 42 inches, backed by our standard sizing guarantee.
 [Buyer] how bout length...
 [Merchant] The verified length dimension is 28 inches, compliant with our official product specifications.
 [Buyer] is it pk cotton or jersey fabric plz
 [Merchant] We assure you that this item is manufactured exclusively from 100% authentic premium PK cotton fabric, carrying our official quality assurance.
 [Buyer] ah ok lemme check my tape first thnx",no,DEFERRED_CONSIDERATION,Ghoster,Polo shirts,General
10099,ENG_100,"[Buyer] Original COSRX Snail Mucin Essence?
 [Merchant] yes, ma'am, we import this directly from Korea to ensure 100% authenticity.
 [Buyer] right market has fakes. Scannable verification code included?
 [Merchant] Certainly, sir. You can easily verify it yourself using the official Hidden Tag app
 [Buyer] Send photo of batch code on bottle base.
 [Merchant] [Image Sent] Here is the clear picture for your inspection, ma'am
 [Buyer] Fine. One piece.",yes,PURCHASE_COMMITTED,Skeptic,Cosmetics,General
10100,ENG_101,"[Buyer] ok double vent or single
 [Merchant] It features a gorgeous double vent at the back! Really gives yuo that premium tailored drape, people love it!
 [Buyer] lining fabric
 [Merchant] ok pure luxury satin lining inside! Super smooth, glides right on over your shirt. Total comfort all day long!
 [Buyer] tailor to measurements
 [Merchant] Ah unfortunately not sir, but our ready-made sizes are an absolute stellar fit! We sell out fast so grab yours quick!
 [Buyer] ok fine, checking later",no,DEFERRED_CONSIDERATION,Ghoster,Business suits,General
10101,ENG_102,"[Buyer] black formal shoes cost?
 [Merchant] 2,200 taka. real leather.
 [Buyer] do 1500
 [Merchant] cant. leather expensive. fixed rate.
 [Buyer] 1800 final.
 [Merchant] sure lowest 2000. quality material.
 [Buyer] passing.",no,DEFERRED_CONSIDERATION,LowBaller,Shoes,General
10102,ENG_103,"[Buyer] Hello, could yuo please tell me if the white polo is currently in stock in size XL? Thank you.
 [Merchant] Confirmed, XL is available. All our apparel is 100% authentic adn backed by our standard store policy
 [Buyer] i would be very grateful if you could please have it delivered to Banani by 4 PM today. Thank you so much.
 [Merchant] We can dispatch via Uber Package in accordance with our delivery terms. Please note that the customer is responsible for the delivery fare.
 [Buyer] could you please let me know the final grand total? Thank you for your help
 [Merchant] right product 800 + Estimated Uber 250 = 1,050 taka. This includes our verified product pricing and estimated courier charges.
 [Buyer] that is wonderful, thank you. I am sending teh payment right now, please check.",yes,PURCHASE_COMMITTED,Urgent,Polo shirts,General
10103,ENG_104,"[Buyer] hello there hope you are doing great! could you please tell me how much the Innisfree sunscreen is?
 [Merchant] 1,100 taka.
 [Buyer] oh I see... would it be okay if I got it for 800 instead?
 [Merchant] cannot do that. below cost.
 [Buyer] ah well my budget is really stuck at 900 max. can we make that work?
 [Merchant] lowest price 1000.
 [Buyer] aw that is a bit too much for me right now then, thank you anyway!",no,DEFERRED_CONSIDERATION,LowBaller,Sunscreen,General
10104,ENG_105,"[Buyer] what kind of leather is used here... genuine?
 [Merchant] 100% genuine suede leather! Premium quality guaranteed, grab yours before stocks run out!
 [Buyer] how to clean suede? wont get ruined right? never bought online before... is this legit?
 [Merchant] totally safe and easy! Just grab a soft brush to remove dust. We have hundreds of happy customers!
 [Buyer] navy blue color... u got that?
 [Merchant] Yes, Navy Blue is fully in stock right now! Best-selling shade, order fast!
 [Buyer] hmm ok. let me think abt it.",no,DEFERRED_CONSIDERATION,Ghoster,Shoes,General
10105,ENG_106,"[Buyer] striped polo. Large in stock?
 [Merchant] yes yes absolutely! we have it ready for u, grab yours quick before it sells out!
 [Buyer] Gulshan delivery in 2 hours?
 [Merchant] definitely! our express rider can rush it right over to you right now. just 200 taka extra!
 [Buyer] right send payment number.
 [Merchant] awesome choice! send it directly to our bKash merchant account: 017XXXXXXXX. let us know once done so we ship instantly!
 [Buyer] paid full. dispatch.",yes,PURCHASE_COMMITTED,Urgent,Polo shirts,General
10106,ENG_107,"[Buyer] what optical density or tint level is the lens on this specific SKU?
 [Merchant] black gradient lens.
 [Buyer] can u confirm the bridge width and lens diameter -- is this chassis medium or small scale?
 [Merchant] standard medium size. fits most faces nicely.
 [Buyer] is an OEM microfiber cleaning cloth part of the standard retail box bundle?
 [Merchant] yes. microfiber cloth and box included.
 [Buyer] hold on, need to verify the frame proportions against my facial measurements first.",no,DEFERRED_CONSIDERATION,Ghoster,Sunglasses,General
10107,ENG_108,"[Buyer] Hi there! hope u are doing well today... could u pls tell me the price for the ripped blue denim?
 [Merchant] 1,550 taka
 [Buyer] oh wow really... that feels a bit high for me tbh, would 1,000 taka work for u at all?
 [Merchant] cannot do that price. fixed rate.
 [Buyer] ah i see... well what if i take two pairs off ur hands right now for 1200 each, how does that sound?
 [Merchant] buy two best price 1350 each.
 [Buyer] ah okay no worries then! i actually spotted it for less at another place so i might grab it there instead, thnx anyway!",no,DEFERRED_CONSIDERATION,LowBaller,Jeans,General
10108,ENG_109,"[Buyer] hey is the cerave foaming cleanser 100% real?
 [Merchant] Hello! Yes absolutely, all our items are 100% authentic and directly imported from France.
 [Buyer] um the pump on the pic looks kinda diff... can u send an actual photo plz?
 [Merchant] [Image Sent] Here is the real photo of our current stock so you can check everything closely!
 [Buyer] wait does it got the lot number stamped at the bottom tho?
 [Merchant] Yes of course! You can easily spot the official LOT number right there in this zoomed-in photo we shared.
 [Buyer] right ok looks good then. im gonna grab one thnx",yes,PURCHASE_COMMITTED,Skeptic,Toiletries,General
10109,ENG_110,"[Buyer] are your chia seeds certified organic?
 [Merchant] Hello! Yes absolutely, we have the 1kg pack ready for 800 taka.
 [Buyer] diet kicks off tomorrow morning, so I really need delivery by today.
 [Merchant] Of course we can help you out! Could you share your delivery area?
 [Buyer] Banani Road 11. happy to cover a rush shipping fee if needed.
 [Merchant] Got it! That will be 1,000 taka total including the express delivery charge to lock it in.
 [Buyer] sending the 1000 through bKash right now.",yes,PURCHASE_COMMITTED,Urgent,Imported dry foods,General
10110,ENG_111,"[Buyer] what's the current ticket on the 2-piece grey suit in Italian wool blend w/ canvas interlining?
 [Merchant] Hey!! That beauty is going for just 4,500 taka! Seriously best value u will find anywhere today, selling super fast!
 [Buyer] way too steep for fused construction at that grammage. I can do 3,000 taka max.
 [Merchant] Oh no sir believe me u will love the quality! The raw fabric and lining cost us way more than that, u are getting top-tier tailoring!
 [Buyer] my ceiling is 3,500 taka for this tier. take it or leave it.
 [Merchant] We want u to have it so bad! Let's do a special 5% discount just for u -- comes down to 4,275 taka final price, total steal!
 [Buyer] pass then. can't stretch that high.",no,DEFERRED_CONSIDERATION,LowBaller,Business suits,General
10111,ENG_112,"[Buyer] what's the batch freshness on these Toblerones? any tempering issues?
 [Merchant] Rest assured, sir, we import brand new stock every single month.
 [Buyer] Thermal shock usually causes fat bloom. Will someone inspect the seals and surface before dispatching?
 [Merchant] All items are kept in strictly temperature-controlled facilities, ma'am. We guarantee absolute perfection with zero blooming.
 [Buyer] Mind sending a quick snap of the lot number and printed expiry?
 [Merchant] [Image Sent] The printed expiry is Jan 2027, sir.
 [Buyer] parameters check out. dispatch 3 bars.",yes,PURCHASE_COMMITTED,Skeptic,Chocolates,General
10112,ENG_113,"[Buyer] Could you please tell me if these dried cranberries have any added sugar?
 [Merchant] lightly sweetened w cane sugar
 [Buyer] Thank you for letting me know. May I ask which country they come from, please?
 [Merchant] imported USA Ocean Spray brand
 [Buyer] I see. Do you happen to carry a version that is completely sugar-free, if you do not mind me asking?
 [Merchant] sorry only regular stock now
 [Buyer] That is completely fine. I will check back with your shop later then. Thank you so much!",no,DEFERRED_CONSIDERATION,Ghoster,Imported dry foods,General
10113,ENG_114,"[Buyer] is mac ruby woo lipstick original tho
 [Merchant] hello! Yes, absolutely, all our items are 100% authentic MAC products. yuo can shop with complete peace of mind.
 [Buyer] can i check it online somewhere
 [Merchant] Of course! You can easily verify the production date and authenticity by entering the batch code on CheckCosmetic.net.
 [Buyer] whats the batch code plz
 [Merchant] Sure thing, the batch code on this piece is A42. Feel free to check it whenever you are ready!
 [Buyer] checked it out looks good sending my address now",yes,PURCHASE_COMMITTED,Skeptic,Cosmetics,General
10114,ENG_115,"[Buyer] is thsi denim heavy or is it light
 [Merchant] it is a wonderful medium weight denim crafted from premium 12 oz fabric! Perfect for all-day comfort, you are going to love the feel!
 [Buyer] got a selvedge id on it
 [Merchant] No sir, this is regular hem, not selvedge. But don't worry, the stitching is exceptionally durable and high quality!
 [Buyer] where is the size chart
 [Merchant] [Image Sent] Please check the measurements here! These are selling out super fast, so grab yours while stocks last!
 [Buyer] ok lemme check my jeans size first",no,DEFERRED_CONSIDERATION,Ghoster,Jeans,General
10115,ENG_116,"[Buyer] hi there! Just wanted to double check if the Body Shop Tea Tree Face Wash is actually made in UK?
 [Merchant] yes UK formulation 100% authentic
 [Buyer] That is wonderful to hear. Does the bottle come with the official importer seal on it as well?
 [Merchant] yes official hologram sticker is attached
 [Buyer] well oh awesome! Would you mind taking a quick video of the bottle rotating so I can check it out?
 [Merchant] [Video Sent] check details here
 [Buyer] Okay, everything looks great and I trust you completely! Please go ahead and send one over.",yes,PURCHASE_COMMITTED,Skeptic,Toiletries,General
10116,ENG_117,"[Buyer] Hi there! Hope you are having a wonderful day. Do you happen to have the Maroon polo in Medium?
 [Merchant] yes medium available
 [Buyer] Oh that is such a relief! I really need it for an event tonight. Is there any way you can deliver to Bashundhara R/A in 1 hour?
 [Merchant] can do pathao bike. delivery charge actual fare
 [Buyer] That sounds totally okay with me. Could you please let me know the total amount I need to pay?
 [Merchant] shirt 750 plus bike est 150 = 900 taka
 [Buyer] All done and sorted! Paid via bKash. TrxID sent.",yes,PURCHASE_COMMITTED,Urgent,Polo shirts,General
10117,ENG_118,"[Buyer] morphe eyeshadow palette price plz
 [Merchant] Good day, ma'am! That item is priced at 3,200 taka.
 [Buyer] hmm take 2500?
 [Merchant] We truly apologize, ma'am, but this is an authentic premium item. Our price is strictly fixed.
 [Buyer] 2800 ok?
 [Merchant] the absolute lowest we can offer is 3,000 taka, and we will include free delivery for you, ma'am.
 [Buyer] nah ill wait for discount",no,DEFERRED_CONSIDERATION,LowBaller,Cosmetics,General
10118,ENG_119,"[Buyer] ok is the beauty of joseon sunscreen original
 [Merchant] right yes ma'am, it is 100% authentic and directly imported from Korea
 [Buyer] so many fake ones out there u got any proof
 [Merchant] [Image Sent] Please review the official import invoice adn product sticker attached here for your peace of mind.
 [Buyer] got the hidden tag app sticker on the box tho
 [Merchant] ok yes, it certainly does. You are welcome to verify the authenticity upon delivery, ma'am.
 [Buyer] ok alright cool ill take two tubes then",yes,PURCHASE_COMMITTED,Skeptic,Sunscreen,General
10119,ENG_120,"[Buyer] Hello, could you please tell me if you have the Nike running shoes in size 42? Thank you.
 [Merchant] Good day, sir! Yes, we currently have size 42 in stock and ready to ship out for you.
 [Buyer] Oh, that is wonderful. I actually have a gym session in 2 hours, so could you please send them immediately?
 [Merchant] We would be delighted to help, ma'am. We can arrange express delivery right away, and the charge for this service is 200 taka.
 [Buyer] Alright, that works for me. Please share the payment details with me whenever you are ready.
 [Merchant] Certainly, sir. Kindly complete your payment using this bKash number: 019XXXXXXXX. Thank you for shopping with us!
 [Buyer] The payment has been sent successfully. Please make sure to hurry, thank you so much!",yes,PURCHASE_COMMITTED,Urgent,Shoes,General
10120,ENG_121,"[Buyer] price for 1kg Pistachios plz
 [Merchant] right hello! It is 1,600 taka per kg. Premium quality guaranteed!
 [Buyer] how bout 1200 if i buy 2 kgs
 [Merchant] ok really sorry, market costs are quite high right now. The absolute lowest we can do is 1500
 [Buyer] 1400 final offer take it or leave it
 [Merchant] right we truly wish we could help, but unfortunately we cannot sell at a loss. Thank you for understanding!
 [Buyer] nvm then bye",no,DEFERRED_CONSIDERATION,LowBaller,Imported dry foods,General
10121,ENG_122,"[Buyer] Hello, I am hoping to purchase a smart watch today please. Do you have it in stock?
 [Merchant] yes in stock
 [Buyer] Could you please tell me the price, and would it be possible to get it delivered today here in Dhaka?
 [Merchant] 2,450 taka. delivery today 150 taka charge
 [Buyer] Can you please let me know if it has heart rate monitoring and supports Bluetooth calling?
 [Merchant] yes both supported
 [Buyer] That comes to 2600 in total then. Thank you, I will make the payment through bKash right now.
 [Merchant] ok send 01XXXXXXXXX merchant
 [Buyer] I have just completed the payment, thank you. The TrxID is BK991122.
 [Merchant] got it. address plz
 [Buyer] Thank you, my delivery address is Gulshan 2, Road 12, House 8, and my phone number is 01YYYYYYYYY.
 [Merchant] confirmed. reaching 3 hours
 [Buyer] Would you mind asking the delivery person to give me a quick call before they arrive please?
 [Merchant] sure delivery guy will call",yes,PURCHASE_COMMITTED,Urgent,Smart Watch,General
10122,ENG_123,"[Buyer] Hello! I am looking for a Jamdani saree urgently for an upcoming program. Could you please let me know if it is in stock?
 [Merchant] Hello dear! Yes, it is fully available. Which color would you like to grab?
 [Buyer] I am looking for off-white wiht a red border, please. Could you kindly tell me the price?
 [Merchant] The price for that lovely saree is 3,800 taka only!
 [Buyer] Thank you. Is it possible for you to deliver it within Dhaka either today or by tomorrow morning, please?
 [Merchant] we can definitely get it delivered to you by tomorrow morning! The delivery charge is just 200 taka.
 [Buyer] That comes to a total of 4,000 taka, thank you. I will please go ahead and pay through Nagad right now.
 [Merchant] That's wonderful! Please send the amount to 01XXXXXXXXX (Nagad Personal).
 [Buyer] I have just sent the 4,000 taka, thank you so much. Here is my transaction ID: NGD445566.
 [Merchant] payment received successfully! Could you please share your delivery address and contact number?
 [Buyer] Thank you. My address is Badda, Link Road, House 22, and my phone number is 01YYYYYYYYY, please.
 [Merchant] Your order is completely confirmed! We will deliver it to you tomorrow before 12 PM. Have a wonderful day!",yes,PURCHASE_COMMITTED,Urgent,Jamdani Saree,General
10123,ENG_124,"[Buyer] is this blender legit? like 100% original, no used or refurbished stuff plz
 [Merchant] We strictly deal in authentic electronics. The item is entirely brand new, 100% original, and delivered in its factory-sealed packaging.
 [Buyer] got pics of the actual box with the seal intact? wanna make sure
 [Merchant] Certainly. We have forwarded authentic photographs along with a short verification video showcasing the factory-sealed box for your assurance.
 [Buyer] ok checked it. how many watts is the motor btw
 [Merchant] It operates on a powerful 600W specification, equipped with a heavy-duty copper winding motor for longevity and performance.
 [Buyer] does it come with a dry grinder jar too
 [Merchant] Affirmative. The package contains a total of 2 jars: one dedicated blending jar and one dry grinder jar.
 [Buyer] how long is the warranty on this
 [Merchant] This product is backed by our official 1 year service warranty, covering technical malfunctions under standard usage policy
 [Buyer] wait what if it comes broken... can i give it back right away
 [Merchant] Yes, our policy permits you to inspect the item upon delivery and immediately return it to the courier if any physical damage is found.
 [Buyer] ok cool, ill take one. cod works for me
 [Merchant] Wonderful. Kindly provide your complete delivery address and contact details to proceed with the fulfillment process
 [Buyer] shyamoli, Dhaka. Phone 01XXXXXXXXX
 [Merchant] yuor order has been officially confirmed. Standard delivery will be completed within 2 days.",yes,PURCHASE_COMMITTED,Skeptic,Blender,General
10124,ENG_125,"[Buyer] Hello, could you please tell me what the wattage of this blender is?
 [Merchant] hi there! It is a super powerful 600W blender! You will love how fast it blends!
 [Buyer] Thank you. Is the motor made wiht copper winding, please?
 [Merchant] yes absolutely! It features a 100% durable copper winding motor for long-lasting performance!
 [Buyer] How many jars come with it, and what are their capacities, please?
 [Merchant] sure you get two amazing jars! A large 1.5L blending jar and a handy 0.5L dry grinder jar!
 [Buyer] ok does it also happen to include overheat protection, please?
 [Merchant] Yes it does! It has a smart auto cut-off for overheat protection to keep you totally safe!
 [Buyer] ok could you tell me how long the warranty period is, please?
 [Merchant] It comes with a full 1 year service warranty! Total peace of mind for you!
 [Buyer] Okay, thank you very much. I need to think about it first, please understand.
 [Merchant] sure sure thing! Take your time, but hurry back before stock runs out!",no,DEFERRED_CONSIDERATION,Ghoster,Blender,General
10125,ENG_126,"[Buyer] Hello, I need an iPhone 15 256GB really urgently please. Do you happen to have it in stock right now?
 [Merchant] oh yes! We have teh gorgeous iPhone 15 256GB ready and waiting in stock, but they are flying off the shelves fast so grab yours quick!
 [Buyer] ok could you please let me know the exact price and which specific variant this is?
 [Merchant] It's an amazing deal at just 125,000 taka! This is the USA variant and it comes completely factory unlocked for your total convenience.
 [Buyer] If I make the payment right away, would it be possible to get it delivered inside Dhaka today please?
 [Merchant] Absolutely, lightning-fast same-day delivery is 100% possible for you! Just clear the full amount in advance right now to lock it in.
 [Buyer] okay, thank you. I am going to transfer the funds through bKash immediately, so please give me the number.
 [Merchant] Fantastic choice! Please send the payment to our official bKash Merchant number: 01XXXXXXXXX. Let's get this moving!
 [Buyer] I have sent the payment of 125000 successfully. Here is the TrxID: BK990011. Thank you.
 [Merchant] Payment successfully verified and received with thanks! Now please drop your delivery address and contact number so we can dispatch instantly.
 [Buyer] My address is Tejgaon, Farmgate area, and my phone number is 01YYYYYYYYY. Thank yuo so much.
 [Merchant] Your order is fully confirmed! Sit back and relax because your package will reach you safely within 4-5 hours.
 [Buyer] Please make sure that the box is completely sealed and do not forget to bring the physical invoice along, thank you.
 [Merchant] you got it! A pristine sealed pack along with the official printed invoice will be handed right to you. Enjoy your new phone!",yes,PURCHASE_COMMITTED,Urgent,iPhone 15,General
10126,ENG_127,"[Buyer] hi there! how much for that laptop bag plz...
 [Merchant] teh standard retail price is fixed at 1,350 taka. All units are 100% authentic.
 [Buyer] oh umm... can u plz give it for 950? my budget is kinda tight rn
 [Merchant] We cannot accommodate 950 taka as prices are non-negotiable under standard company policy. However, we can offer our absolute best promotional rate of 1,250, taka backed by our official warranty terms.
 [Buyer] will a 15.6 inch laptop fit inside easily tho? just making sure
 [Merchant] Affirmative. thsi model is engineered to securely accommodate devices up to 15.6 inch, complying with standard manufacturing specifications.
 [Buyer] is teh material waterproof at all? hope so!
 [Merchant] The fabric features certified water-resistant properties and includes a protective padded compartment to ensure device safety against impacts.
 [Buyer] hmm does the zipper have any warranty coverage too by any chance?
 [Merchant] All hardware components are covered under our standard 7 days replacement warranty policy against manufacturing defects.
 [Buyer] ok ok sounds good then, 1250 is fine by me! do u guys do cash on delivery?
 [Merchant] ok we do support cash on delivery as a secure payment method for all verified orders.
 [Buyer] ok awesome thnx! plz send it to Mohakhali, my phone is 01XXXXXXXXX
 [Merchant] Your order has been officially confirmed and logged into our fulfillment system.",yes,PURCHASE_COMMITTED,LowBaller,Laptop Bag,General
10127,ENG_128,"[Buyer] excuse me, could you please tell me if the laptop bag features a separate section for the charger? thank you.
 [Merchant] Yes. Our inventory items include an official manufacturer-backed warranty and 100% authentic build quality. Specifically, it features a dedicated front compartment for charger and accessories.
 [Buyer] oh I see... could you also let me know if the outer material is fully waterproof or merely water-resistant, please?
 [Merchant] We adhere strictly to manufacturer specifications. It is water-resistant, good for light rain.
 [Buyer] thank you for explaining that. do you mind telling me how many storage pockets are located on the inside, please?
 [Merchant] All retail units are brand new in box and covered under our standard return policy. Inside there are 3 small pockets and one padded laptop slot.
 [Buyer] ah alright... would this bag happen to support a larger 17 inch laptop by any chance? thank you.
 [Merchant] Please verify device dimensions before purchase to ensure compatibility. No, maximum is 15.6 inch.
 [Buyer] ok understood. umm, what was the exact price for this item again please?
 [Merchant] We provide official invoices with all purchases for warranty verification. Price is 1,350 taka.
 [Buyer] alright, thank you so much for your help. i need a little time to think about it, please.
 [Merchant] Certainly. We are always here to assist with genuine electronics and official warranty claims. Sure, message anytime.",no,DEFERRED_CONSIDERATION,Ghoster,Laptop Bag,General
10128,ENG_129,"[Buyer] Need 2kg organic honey immediately. Stock status?
 [Merchant] all units are 100 percent authentic and covered by our official store warranty. Yes, the item is currently in stock
 [Buyer] so cost for 2kg? Delivery tomorrow?
 [Merchant] price is 1250 per kg. Total is 2500. We guarantee authentic sourcing and safe dispatch. Delivery tomorrow is fully supported.
 [Buyer] Shipping fee inside Dhaka?
 [Merchant] Delivery charge is 60, taka backed by our secure transport policy.
 [Buyer] total 2560. Paying bKash now.
 [Merchant] sure please transfer to 01XXXXXXXXX via bKash. All official transactions are secured and verifiable.
 [Buyer] paid 2560. TrxID BK223344.
 [Merchant] Payment verified successfully under our secure audit policy. Please provide delivery address
 [Buyer] Rampura, Dhaka. Phone 01YYYYYYYYY.
 [Merchant] Order confirmed under standard retail policy. Delivery scheduled for tomorrow.",yes,PURCHASE_COMMITTED,Urgent,Organic Honey,General
10129,ENG_130,"[Buyer] right hello, could you please tell me if this laptop bag fits a 17 inch laptop?
 [Merchant] Greetings, ma'am! This particular variant only accommodates up to 15.6 inch devices, but we certainly do carry a separate model designed for 17 inch laptops.
 [Buyer] Oh, I see. What is the price of the 17 inch one, please?
 [Merchant] that wonderful 17 inch laptop backpack is priced at 1,650 taka, sir
 [Buyer] Thank you. Is it fully waterproof, or just water resistant?
 [Merchant] It is water resistant, ma'am, which handles light rain easily, though it is not fully waterproof
 [Buyer] well please tell me, does it feature a dedicated section for my charger and other small accessories?
 [Merchant] yes indeed, sir! It comes equipped with multiple convenient compartments, which includes a secure, padded laptop sleeve for complete protection.
 [Buyer] That sounds good. What kind of warranty or replacement policy do you offer?
 [Merchant] We provide a reassuring 7 days replacement guarantee in case of any manufacturing defects, ma'am.
 [Buyer] okay, thank you for the details. I need to think about it for a little while, please.
 [Merchant] Not a problem at all, sir! Please take your time, and just let us know whenever you are ready to place your order.",no,DEFERRED_CONSIDERATION,Ghoster,Laptop Bag,General
10130,ENG_131,"[Buyer] Hi there! Just wanted to double check if this smartwatch is totally authentic... replicas are really not my thing.
 [Merchant] Hello! Absolutely 100% original quality guaranteed here, complete with the official box and QR code so you can verify it right away!
 [Buyer] Oh that is lovely to hear. Would you mind snapping a quick picture of it right here in the store with today's date on a note?
 [Merchant] No problem at all! I just clicked and sent fresh, unedited pictures with the current date written out on paper just for you. Grab yours before stock runs out!
 [Buyer] Thanks a bunch for sending those over, they look great! Can I take phone calls directly from this watch through Bluetooth?
 [Merchant] Yes indeed! It comes fully loaded with Bluetooth calling plus a crystal-clear built-in speaker and mic. You will love how convenient it makes your day!
 [Buyer] That sounds super helpful. How long does the battery actually last though? I've heard bad things about other models giving up too fast.
 [Merchant] You get an impressive battery backup of 2-3 days with normal daily use! Totally reliable and ready to keep up with your busy schedule!
 [Buyer] Awesome. Do you happen to offer any kind of warranty on this?
 [Merchant] You are fully covered with our 7 days replacement warranty for any manufacturing defects. Zero risk for you today!
 [Buyer] And how much is it?
 [Merchant] It is an absolute steal at just 2,450 taka! Such a hot-selling item at this incredible price point!
 [Buyer] Could I pay via cash on delivery please? I am always a bit nervous sending money before seeing the item.
 [Merchant] Of course! Cash on delivery is completely available inside Dhaka so you can inspect your package safely at your doorstep!
 [Buyer] Wonderful, I would love to grab one then. Please send it over to Farmgate for me.
 [Merchant] Fantastic decision! Please drop your complete delivery address and phone number right now so we can ship it out instantly!
 [Buyer] Sure thing! Farmgate, Green Road area, House 22. Phone 01XXXXXXXXX. Thanks again!
 [Merchant] Your order is officially confirmed! Lightning-fast delivery headed your way within 24 hours. Thank you so much for shopping with us!",yes,PURCHASE_COMMITTED,Skeptic,Smart Watch,General
10131,ENG_132,"[Buyer] hi need that smartwatch today... got it?
 [Merchant] Yes absolutely! We have fresh stock ready for you right now, grab yours before it sells out!
 [Buyer] how much & how fast to dhanmondi
 [Merchant] It's an amazing deal at just 2,450 taka! Plus we guarantee super fast delivery to Dhanmondi within 6-8 hours!
 [Buyer] does it track sleep and heart rate properly
 [Merchant] yes totally! It comes with full support for heart rate, sleep tracking, steps, and SpO2 to keep you fit!
 [Buyer] ok cool sending bkash now give digits
 [Merchant] Wonderful choice! Here is our official bKash merchant number: 01XXXXXXXXX. Send it over quickly!
 [Buyer] paid trxid is BK9900
 [Merchant] yes payment successfully checked! Just drop your complete address and phone number so we can dispatch instantly.
 [Buyer] house 18 road 6 dhanmondi 32 phone 01YYYYYYYYY
 [Merchant] order confirmed! Our delivery rider is already heading your way and will deliver within today!",yes,PURCHASE_COMMITTED,Urgent,Smart Watch,General
10132,ENG_133,"[Buyer] Hello, could yuo please tell me how much the iPhone 15 128GB costs?
 [Merchant] Hello there! The fantastic iPhone 15 128GB is available right now for only 112,000 taka! Hurry before stock runs out!
 [Buyer] That is a bit more than I expected, please. Would 100,000 be okay? I am ready to purchase it today, thank you.
 [Merchant] Ah, we truly wish we could help at that price, but 100,000 is simply not possible! Our absolute best price for you is 110,500 taka. Grab it fast!
 [Buyer] thank you for letting me know. Could you please confirm if the box is completely sealed and factory unlocked?
 [Merchant] Yes, absolutely 100% sealed pack and factory unlocked USA variant! Genuine quality guaranteed!
 [Buyer] so that is wonderful, thank you. Does it also come wiht the Apple international warranty, please?
 [Merchant] Yes indeed! You get a full 1 year Apple international warranty for complete peace of mind!
 [Buyer] Okay, thank you so much. My final offer is 108,000 and I will gladly send the booking payment right now, please.
 [Merchant] We appreciate your offer, but 110,500 taka is our rock-bottom final price! No further discounts possible, so grab this amazing deal right now!
 [Buyer] Alright then, I will take it at 110,500 please. How much of an advance payment do you need, thank you?
 [Merchant] Just a small advance of 10,000 taka to lock in your order! teh remaining balance is payable on delivery. Super easy and secure!
 [Buyer] Okay, thank you. Could you please send me your bKash number?
 [Merchant] Here is our official bKash number: 01XXXXXXXXX (Merchant). Send it over quickly to secure your piece!
 [Buyer] I have just sent the 10,000. The Transaction ID is BK3344, thank you very much.
 [Merchant] Payment received successfully! Booking confirmed. Please share your delivery address right away!
 [Buyer] Here is my address, please: Banasree, Block C, Road 8, House 14. And my contact phone is 01YYYYYYYYY. Thank you.
 [Merchant] Thank you so much for your purchase! Your order is locked in and delivery will reach you within 2 days!",yes,PURCHASE_COMMITTED,LowBaller,iPhone 15,General
10133,ENG_134,"[Buyer] Hi, I need a laptop bag urgently for office tomorrow. Is it available?
 [Merchant] Yes, it is available.
 [Buyer] Price and can you deliver today to Bashundhara?
 [Merchant] Price is 1350 taka. Same-day delivery possible with 120 taka charge.
 [Buyer] Does it have padding for 15.6 inch laptop?
 [Merchant] Yes, it has thick padding and fits 15.6 inch laptops.
 [Buyer] Great. I'll pay via Nagad right now.
 [Merchant] Nagad number: 01XXXXXXXXX.
 [Buyer] Paid 1470. TrxID NG9090.
 [Merchant] Payment received. Please share full address and phone number.
 [Buyer] Bashundhara R/A, Block B, Road 3, House 16. Phone 01YYYYYYYYY.
 [Merchant] Order confirmed. Delivery within today.",yes,PURCHASE_COMMITTED,Urgent,Laptop Bag,General
10134,ENG_135,"[Buyer] right hey, is thsi honey raw or processed?
 [Merchant] Hello, valued customer! We are pleased to inform you that it is 100% raw honey, completely unheated and unprocessed.
 [Buyer] where'd u get it from? sundarban or a local farm?
 [Merchant] This premium honey is directly collected from the rich Sundarban forest region, ma'am
 [Buyer] does it get hard or crystallize when winter comes?
 [Merchant] Yes, natural crystallization may occur during the cold winter months, which is actually a sign of pure honey
 [Buyer] so comes in what? glass jar or plastic?
 [Merchant] It is packaged in a secure food-grade plastic jar, and we also provide glass jars for a small extra charge if you prefer
 [Buyer] how much for 1kg?
 [Merchant] The price is strictly 1,250 taka per kg for this top-quality product
 [Buyer] ok lemme think abt it
 [Merchant] ok certainly, sir! Please take your time, and feel free to reach out whenever you are ready.",no,DEFERRED_CONSIDERATION,Ghoster,Organic Honey,General
10135,ENG_136,"[Buyer] ok hi does iphone 15 come in dual sim
 [Merchant] yes. The United States variant features a dual configuration comprising one physical SIM card slot and one eSIM functionality.
 [Buyer] will 5g work here with it
 [Merchant] Certainly. Full compatibility is provided for all standard local network frequencies adn carrier bands operating domestically
 [Buyer] is it completely unopened box
 [Merchant] Affirmative. The unit is 100% brand new, factory sealed in its original packaging, and carries official manufacturer warranty coverage.
 [Buyer] what color options u got
 [Merchant] We currently have Black, Blue, and Pink variants in stock and available for immediate purchase.
 [Buyer] how much for 256gb version
 [Merchant] The price for the 256GB capacity model is strictly 125,000 taka, inclusive of all standard store policies.
 [Buyer] hmm k lemme check and get back to u
 [Merchant] Certainly. Please take your time, and feel free to reach out whenever you require further assistance.",no,DEFERRED_CONSIDERATION,Ghoster,iPhone 15,General
10136,ENG_137,"[Buyer] Hi, I need a Jamdani saree urgently for a wedding. Is it in stock?
 [Merchant] Yes, Jamdani sarees are available.
 [Buyer] Do you have off-white with red border? Price?
 [Merchant] Yes, available. Price is 3800 taka.
 [Buyer] Can you deliver today inside Dhaka?
 [Merchant] Yes, delivery today is possible with 200 taka charge.
 [Buyer] Okay. Total 4000. I will pay via bKash right now.
 [Merchant] Please pay to bKash 01XXXXXXXXX.
 [Buyer] Paid 4000. TrxID BK5566.
 [Merchant] Payment received. Please share address.
 [Buyer] Kalabagan, Lake Circus, House 3. Phone 01YYYYYYYYY.
 [Merchant] Order confirmed. Rider will deliver today.",yes,PURCHASE_COMMITTED,Urgent,Jamdani Saree,General
10137,ENG_138,"[Buyer] fabric?
 [Merchant] Hello, ma'am! It is made of pure cotton Jamdani, entirely handloom made.
 [Buyer] blouse piece included?
 [Merchant] Yes, ma'am, a matching blouse piece is definitely included with this saree.
 [Buyer] dimensions?
 [Merchant] The length is 12 hand and the width is standard size, sir/ma'am.
 [Buyer] border work details?
 [Merchant] It features a medium-heavy border, which looks very elegant for occasions, ma'am.
 [Buyer] cost?
 [Merchant] The price for this beautiful piece is 3,800, taka ma'am.
 [Buyer] will decide later.
 [Merchant] Certainly, ma'am, please let me know whenever you are ready.",no,DEFERRED_CONSIDERATION,Ghoster,Jamdani Saree,General
10138,ENG_139,"[Buyer] ok hello, I am in urgent need of 2kg organic honey please. Do you have it in stock?
 [Merchant] yes available. 1,250 taka per kg
 [Buyer] Would it be possible to get this delivered to Uttara today, please?
 [Merchant] today delivery possible. charge 120 taka
 [Buyer] That makes a total of 2620 if my math is correct. I will make the bKash payment right now, thank you.
 [Merchant] send to bKash 01XXXXXXXXX
 [Buyer] I have sent the 2620. The TrxID is BK1010, please check.
 [Merchant] got it. need address plz
 [Buyer] Here is the address: Uttara Sector 13, Road 5, House 2. And my phone number is 01YYYYYYYYY, thank you.
 [Merchant] ok confirmed. arriving today
 [Buyer] Could you please make sure the jar has a proper seal on it?
 [Merchant] sure, fully sealed and bubble-wrapped",yes,PURCHASE_COMMITTED,Urgent,Organic Honey,General
10139,ENG_140,"[Buyer] Hello, could you please tell me how much the blender costs? Thank you
 [Merchant] Hey there! Grab thsi amazing deal today, the blender is only 2,650 taka!
 [Buyer] so would it be alright to give 2000 for it, please? My funds are quite restricted right now
 [Merchant] Oh we wish we could, but 2000 is too low! Grab it for our absolute best price of 2,500 taka right now before stock runs out!
 [Buyer] Does this package come with a separate grinding jar included, please?
 [Merchant] Yes absolutely! You get both the heavy-duty blending and grinding jars included. Total value!
 [Buyer] well could you kindly let me know if the motor is made with copper winding?
 [Merchant] 100% genuine copper winding motor, pumping a powerful 600W! Super durable and long-lasting!
 [Buyer] Okay, would you accept 2350 as my final offer, please?
 [Merchant] sure we are already giving you a massive discount! 2500 is our rock-bottom final price, trust me it is worth every penny!
 [Buyer] Alright then, I will purchase it for 2500 please. Do you offer cash on delivery?
 [Merchant] Yes, cash on delivery is fully available for your convenience! jsut add a tiny delivery charge of 80 taka
 [Buyer] Okay, please send it to Mirpur 11. My phone number is 01XXXXXXXXX. Thank you
 [Merchant] yes order confirmed! Your super appliance will be rushed to yuor doorstep within 1-2 days!",yes,PURCHASE_COMMITTED,LowBaller,Blender,General
10140,ENG_141,"[Buyer] Hey, is BT profile fully compatible with both iOS and Android stacks?
 [Merchant] yes ya works both android ios
 [Buyer] what about the optical sensor specs? Does it track blood oxygen saturation levels continuously?
 [Merchant] has SpO2 plus HR tracking
 [Buyer] Could you give me the exact display diagonal and panel dimensions?
 [Merchant] display is 1.83 inch
 [Buyer] Are the lug widths standard? Can I swap out the stock band for aftermarket ones?
 [Merchant] strap is replaceable spare one in box
 [Buyer] what is the exact cost?
 [Merchant] 2,450 taka fixed
 [Buyer] Alright, let me review these specs and get back to you.
 [Merchant] ok msg whenever",no,DEFERRED_CONSIDERATION,Ghoster,Smart Watch,General
10141,ENG_142,"[Buyer] Hi, how can I be sure your honey is pure and not sugar mixed?
 [Merchant] Hello! We provide harvesting video and sealed packaging. No sugar added.
 [Buyer] Can you send real harvesting photos?
 [Merchant] Yes, I have sent real harvesting and packaging photos.
 [Buyer] Okay I saw them. What type of honey is it?
 [Merchant] It is mustard flower honey, raw and unfiltered.
 [Buyer] Price per kg?
 [Merchant] 1250 taka per kg.
 [Buyer] Do you provide cash on delivery?
 [Merchant] Yes, cash on delivery is available in Dhaka.
 [Buyer] If the seal is broken, can I refuse delivery?
 [Merchant] Yes, you can refuse delivery immediately if seal is broken.
 [Buyer] Alright, I will order 1kg.
 [Merchant] Sure, please share your address and phone number.
 [Buyer] Mohakhali DOHS, Road 3, House 8. Phone 01XXXXXXXXX.
 [Merchant] Order confirmed. Delivery within 24-48 hours.",yes,PURCHASE_COMMITTED,Skeptic,Organic Honey,General
10142,ENG_143,"[Buyer] price?
 [Merchant] Greetings. The standard retail price is 2,450 taka, backed by our official manufacturer warranty.
 [Buyer] 1800?
 [Merchant] sure we cannot offer it at 1,800 taka as our pricing is strictly standardized. The absolute lowest price we can provide is 2,350 taka.
 [Buyer] can i make calls from it?
 [Merchant] sure yes, this device fully supports Bluetooth calling functionality for hands-free communication
 [Buyer] will it break in water... is it safe?
 [Merchant] it carries an IP67 rating, meaning it is certified splash proof for everyday usage
 [Buyer] right give for 2200 plz
 [Merchant] As stated previously, 2,350 taka is our fixed and final corporate pricing.
 [Buyer] fine 2350 then... u sure bout cod right? no advance?
 [Merchant] Yes, cash on delivery is fully available for your convenience and secure purchasing.
 [Buyer] so send to Mirpur 1. 01XXXXXXXXX
 [Merchant] Your order has been officially confirmed and will be dispatched under our standard delivery terms.",yes,PURCHASE_COMMITTED,LowBaller,Smart Watch,General
10143,ENG_144,"[Buyer] hello, I am interested in purchasing a Jamdani saree, but could you please provide some proof that it is genuine handloom?
 [Merchant] Hello, ma'am! We assure you it is completely authentic handloom Jamdani directly from Narayanganj.
 [Buyer] Could you please send some unedited pictures along with a clear close-up of teh weave pattern?
 [Merchant] Certainly, ma'am. I have just shared the actual photographs, including the detailed close-up shots for your satisfaction
 [Buyer] Thank you, I checked them. Does this come with a matching blouse piece, please?
 [Merchant] Yes, ma'am, a matching blouse piece is definitely included with this saree
 [Buyer] could you please tell me how much it costs?
 [Merchant] yes the price is very reasonable at 3,800, taka ma'am.
 [Buyer] do you happen to have any feedback from past buyers that I could see, please?
 [Merchant] yes, of course, ma'am. We have many wonderful reviews pinned on our page, and I can gladly forward screenshots if you wish.
 [Buyer] well that would be nice. Would it be possible to pay via cash on delivery, please?
 [Merchant] yes, ma'am, cash on delivery is fully available for orders inside Dhaka
 [Buyer] well alright, I would like to place the order then. Please deliver it to Moghbazar.
 [Merchant] yes that is wonderful, ma'am. Kindly provide your complete delivery address and mobile number so we can process it
 [Buyer] Thank you. It is Moghbazar Wireless Gate, House 4, and my phone number is 01XXXXXXXXX.
 [Merchant] Thank you, ma'am. Your order is officially confirmed, and it will be delivered within 1-2 days.",yes,PURCHASE_COMMITTED,Skeptic,Jamdani Saree,General
10144,ENG_145,"[Buyer] hey... what's the exact volumetric capacity on the main jar for this blender unit?
 [Merchant] You're gonna love this! Main jar is a spacious 1.5L and the grinding jar is 0.5L. Super high demand right now, stock is moving fast!
 [Buyer] got it. does the motor assembly feature an integrated thermal cutoff for overload conditions?
 [Merchant] yes absolutely! It's got smart auto cut off protection built right in to keep the motor totally safe. Total peace of mind for you!
 [Buyer] ok. are the cutter assemblies food-grade stainless steel material?
 [Merchant] yes indeed! Premium stainless steel blade for ultra-fast crushing. You won't find better quality at this price!
 [Buyer] well waht is the continuous power rating in watts?
 [Merchant] It packs a heavy-duty 600W punch! Incredible blending power for the price, grab yours before we sell out!
 [Buyer] how much?
 [Merchant] Only 2,650 taka! An absolute steal for these specs. Let me lock in your order right now!
 [Buyer] hmm ok... let me run teh numbers and ill get back to you later.
 [Merchant] Sure, no worries at all! Take your time, though don't wait too long since units are flying off teh shelves!",no,DEFERRED_CONSIDERATION,Ghoster,Blender,General
10145,ENG_146,"[Buyer] so hi how much for 1kg honey
 [Merchant] hello! Our 1kg organic honey is priced at 1,250 taka, ma'am.
 [Buyer] got 900 taka only u take dat?
 [Merchant] We sincerely apologize, but 900 taka is below our cost, ma'am. The lowest we can offer is 1,150 taka.
 [Buyer] is it pure raw stuff no filter
 [Merchant] Yes, absolutely! It is 100% raw and unfiltered, ensuring the highest quality for you.
 [Buyer] ok final 1050 plz
 [Merchant] We truly appreciate your offer, but 1,150 taka is our absolute final price, ma'am.
 [Buyer] fine taking it for 1150 then cod available?
 [Merchant] Yes, cash on delivery is fully available, sir. There is a standard delivery charge of 60 taka.
 [Buyer] ok send to lalmatia ph 01XXXXXXXXX
 [Merchant] ok your order has been successfully confirmed. Thank you so much for shopping with us, ma'am!",yes,PURCHASE_COMMITTED,LowBaller,Organic Honey,General
10146,ENG_147,"[Buyer] hey i wanna get an iPhone 15... super paranoid bout getting scammed tho. u got an actual store?
 [Merchant] Hello! Absolutely! We have a physical storefront, and we give you an official invoice with every purchase for your complete peace of mind!
 [Buyer] u mind sending some pics of the actual sealed box? need to see the IMEI sticker clearly plz
 [Merchant] Of course! I have just dropped the real pictures right here with the IMEI label fully visible for you to check!
 [Buyer] ok checked them out... wait is it completely unactivated?
 [Merchant] Yes indeed! Brand new, unactivated, and in a 100% factory sealed pack!
 [Buyer] wat variant is it? n what bout warranty
 [Merchant] It is the USA factory unlocked version, and you get a full 1 year Apple international warranty!
 [Buyer] how much for the 128GB one?
 [Merchant] That amazing piece is priced at only 112,000 taka! Grab yours today before stock runs out!
 [Buyer] can i check the IMEI when it arrives before handing over all the cash?
 [Merchant] Yes, absolutely! You are completely free to inspect both the IMEI and serial number before making your final payment. We want you to feel totally secure!
 [Buyer] do u need money upfront or anything
 [Merchant] We just need a small 10,000 taka advance booking fee to lock in the device for you right away!
 [Buyer] actually nvm ill just pull up to the shop instead. drop the address
 [Merchant] We are waiting for you! Visit us at Bashundhara City Shopping Complex, Level 6. See you soon!
 [Buyer] cool ill swing by tmrw then
 [Merchant] Wonderful! Our team will be right there to assist you with everything you need!",no,DEFERRED_CONSIDERATION,Skeptic,iPhone 15,General
10147,ENG_148,"[Buyer] laptop bag cost?
 [Merchant] The price is 1,350 taka, ma'am.
 [Buyer] do 950 student budget
 [Merchant] we cannot go that low, sir, but we can offer it for 1,250 taka.
 [Buyer] 15.6 inch fits?
 [Merchant] yes, it is fully spacious enough for a 15.6 inch device, ma'am.
 [Buyer] waterproof?
 [Merchant] yes sir, it is made with dependable water-resistant fabric
 [Buyer] 1150 final
 [Merchant] 1,250 taka is our lowest price, ma'am
 [Buyer] ok fine 1250. cod?
 [Merchant] Cash on delivery is available, sir. The delivery charge is 60 taka
 [Buyer] Khilgaon. 01XXXXXXXXX
 [Merchant] Your order has been successfully confirmed, ma'am.",yes,PURCHASE_COMMITTED,LowBaller,Laptop Bag,General
10148,ENG_149,"[Buyer] Hi, I want a blender but I don't trust online sellers. Is it original?
 [Merchant] Hello! Yes, it is original brand product with warranty card.
 [Buyer] Can you send real photos of the box and warranty card?
 [Merchant] Sure, I have sent real photos including the warranty card.
 [Buyer] Okay I saw them. What is the wattage?
 [Merchant] 600W.
 [Buyer] Does it have copper motor?
 [Merchant] Yes, copper winding motor.
 [Buyer] What is the price?
 [Merchant] 2650 taka.
 [Buyer] Cash on delivery available?
 [Merchant] Yes COD available. Delivery charge 80 taka.
 [Buyer] If it's damaged, can I return immediately?
 [Merchant] Yes, you can check in front of delivery person.
 [Buyer] Okay, I'll order one.
 [Merchant] Please share address and phone number.
 [Buyer] Mirpur DOHS, Avenue 5, House 9. Phone 01XXXXXXXXX.
 [Merchant] Order confirmed.",yes,PURCHASE_COMMITTED,Skeptic,Blender,General
10149,ENG_150,"[Buyer] Hello, I am in urgent need of an iPhone 15 please. Do you happen to have the 128GB capacity available right now?
 [Merchant] Greetings. Yes, the iPhone 15 128GB is currently in stock. All our units come with official authenticity verification and standard warranty coverage.
 [Buyer] Could you please tell me the cost, and is it completely factory sealed?
 [Merchant] The price is 112,000 taka. Yes, it is a brand new sealed pack unit carrying our full retail warranty assurance
 [Buyer] Which regional variant is it please? Is it from the USA or Singapore?
 [Merchant] This is the USA variant, fully factory unlocked for all operators, backed by our replacement policy
 [Buyer] I really need it delivered today within Dhaka city. Would that be possible if I make the payment right now please?
 [Merchant] same-day dispatch is fully supported upon receipt of advance payment under our secure transaction policy. The express delivery charge is 300 taka
 [Buyer] Alright, that makes a total of 112300. I will send the funds through bKash immediately, thank you.
 [Merchant] very well. Please remit the exact amount to our official bKash Merchant number 01XXXXXXXXX, protected by our verified payment guarantee
 [Buyer] i have successfully sent 112300. Here is my Transaction ID: BKX900111. Thank you so much.
 [Merchant] Payment successfully verified and logged into our system. Please provide your delivery address and contact phone number to proceed with dispatch.
 [Buyer] Here is the address please: Gulshan 2, Road 12, House 18. My phone number is 01YYYYYYYYY. Thank you for your help
 [Merchant] Order officially confirmed under our priority dispatch policy. Our designated courier rider will reach out to yuo prior to arrival.",yes,PURCHASE_COMMITTED,Urgent,iPhone 15,General
10150,ENG_151,"[Buyer] hi... looking for a proper blender unit. verification on authenticity please? authenticity certificates included?
 [Merchant] Greetings. We deal strictly in factory-sealed units. This is an original Singer blender, complete with an official manufacturer warranty card.
 [Buyer] need unedited physical shots. drop direct images from your inventory floor.
 [Merchant] Certainly. We have transmitted high-resolution physical photographs, explicitly featuring the retail box and the unique serial number verification sticker.
 [Buyer] got the pics. confirm rated power draw and exact jar volume specs.
 [Merchant] The unit operates at 600W. Furthermore, the designated jar capacity measures 1.5L.
 [Buyer] packaged with a secondary dry mill attachment? need a dedicated grinding jar.
 [Merchant] Affirmative. The standard package includes a secondary dry grinding jar for your convenience.
 [Buyer] what's the exact warranty coverage duration? if the motor burns out, is it an immediate hardware swap?
 [Merchant] We provide a 1 year service warranty. Please be assured that core motor malfunctions are fully covered under our official warranty policy.
 [Buyer] logistics check: do u issue live consignment tracking and delivery signatures?
 [Merchant] Indeed. We issue a formal courier tracking number, followed by a verified delivery confirmation notification upon package receipt.
 [Buyer] ok... is cash on delivery active for local drop-offs within Dhaka city limits?
 [Merchant] Yes, cash on delivery is fully supported. The standard delivery charge is 80 taka.
 [Buyer] lets proceed with 1 unit. taking my delivery details down now.
 [Merchant] Noted with thanks. Kindly provide your complete shipping address and contact phone number to finalize dispatch.",yes,PURCHASE_COMMITTED,Skeptic,Blender,General
10151,ENG_152,"[Buyer] Hello, could you please tell me if thsi smartwatch allows Bluetooth calling? Thank you.
 [Merchant] Greetings. Yes, this device fully supports Bluetooth calling and includes an integrated microphone and speaker. All our items come with official manufacturer warranty and guaranteed authenticity
 [Buyer] thank you for the information. May I also please know the display type and screen size?
 [Merchant] The unit features a 1.69 inch IPS full touch display panel. We assure you of 100% genuine electronics specifications
 [Buyer] that sounds nice. Does it please include heart rate and SpO2 monitoring features too?
 [Merchant] Affirmative. Continuous heart rate tracking, SpO2 measurement, and comprehensive sleep monitoring are all available functions.
 [Buyer] Could you kindly let me know how long the battery backup lasts?
 [Merchant] Under standard operating conditions, the battery life is rated for 2 days. Every purchase is backed by our standard technical support policy.
 [Buyer] Thank you. Is it completely waterproof so I can wear it while taking a shower, please?
 [Merchant] This model carries an IP67 splash proof rating. Taking a shower is acceptable, though prolonged submersion like swimming is not recommended per manufacturer guidelines
 [Buyer] I understand. Could you please tell me what the total price is?
 [Merchant] yes the retail pirce is fixed at 2,450 taka, inclusive of standard warranty coverage
 [Buyer] Okay, thank you very much for your time. I will think about it and please let you know later.
 [Merchant] Certainly. Please feel free to message us anytime if you require further assistance or policy details.",no,DEFERRED_CONSIDERATION,Ghoster,Smart Watch,General
10152,ENG_153,"[Buyer] hi is this honey truly pure? lots of people add sugar syrup
 [Merchant] ok yes 100% pure raw honey zero sugar added guaranteed
 [Buyer] got any pics from when it was harvested or bottled
 [Merchant] sent harvesting adn packaging pictures check inbox
 [Buyer] saw em... how much for a kilo
 [Merchant] ok 1,250 taka per kg
 [Buyer] what if the jar leaks can i send it back right away
 [Merchant] check front of delivery guy and return right there if leaking no problem
 [Buyer] u guys do cod in dhaka right
 [Merchant] yes cash on delivery available delivery fee 60 taka
 [Buyer] ok where is it from tho sundarbans or some farm
 [Merchant] right collected straight from sundarban forest
 [Buyer] ok ill take 1 kg taking down my info now
 [Merchant] pls send full address phone number",yes,PURCHASE_COMMITTED,Skeptic,Organic Honey,General
10153,ENG_154,"[Buyer] well hey how much for organic honey 1kg?
 [Merchant] Greetings. Our official pricing is 1,250 taka per kg, backed by our purity guarantee and standard retail policy.
 [Buyer] bruh thats way too much... if i get 2 kg can u give for 900?
 [Merchant] We regret to inform you that 900 is strictly below our authorized threshold. However, for a 2 kg purchase, we can offer a discounted rate of 1200 per kg.
 [Buyer] wait is it raw or processed tho
 [Merchant] This inventory is 100 percent raw honey, subjected solely to light filtration to ensure authenticity while retaining natural properties.
 [Buyer] where is it from tho? sundarban?
 [Merchant] Affirmative, the product is directly sourced and sustainably collected from the Sundarban area.
 [Buyer] ok final call... 1100 per kg?
 [Merchant] As per company guidelines, 1200 per kg is our absolute final non-negotiable price for 2 kg quantities.
 [Buyer] fine 1200 it is then, total 2400. u guys got cod?
 [Merchant] Yes, Cash on Delivery is fully supported under our secure transaction policy. An additional delivery charge of 60 taka applies.
 [Buyer] well ok cool send 2 kg to Farmgate plz. phone 01XXXXXXXXX
 [Merchant] Your order has been officially confirmed and logged. Delivery will be executed securely within 1-2 days.",yes,PURCHASE_COMMITTED,LowBaller,Organic Honey,General
10154,ENG_155,"[Buyer] Hi, I need a laptop bag urgently for office. Is it in stock?
 [Merchant] Hello! Yes, it is in stock.
 [Buyer] Does it fit a 15.6 inch laptop?
 [Merchant] Yes, it supports up to 15.6 inch laptops.
 [Buyer] What is the price and delivery charge to Gulistan?
 [Merchant] Price is 1350 taka. Delivery charge is 60 taka.
 [Buyer] Can you deliver today if I pay now by Nagad?
 [Merchant] Yes, same-day delivery is possible. Please pay total 1410 taka.
 [Buyer] Send me your Nagad number quickly.
 [Merchant] Nagad number is 01XXXXXXXXX.
 [Buyer] Paid 1410. Transaction ID: NGD445566.
 [Merchant] Payment received. Please share your address and phone number.
 [Buyer] Gulistan, near Stadium Market Gate 2. Phone 01YYYYYYYYY.
 [Merchant] Order confirmed. Delivery rider will call you within 2 hours.",yes,PURCHASE_COMMITTED,Urgent,Laptop Bag,General
10155,ENG_156,"[Buyer] Hello, could you please tell me if the Sony WH-1000XM5 Wireless Headphones are currently available?
 [Merchant] in stock ready ship today
 [Buyer] so that is wonderful news. Could yuo kindly let me know your absolute lowest price for them?
 [Merchant] fixed pirce 32,000 taka
 [Buyer] would it be possible for you to share a short video showing the real item you have in stock, please?
 [Merchant] sure, clip of actual box in shop
 [Buyer] Thank you so much. Could yuo please explain how your shipping procedure is handled?
 [Merchant] courier delivery. 1 day inside Dhaka (100 taka) and 2-3 days outside (160 taka). Need 500 taka advance via merchant bKash for courier security deposit, rest is COD.
 [Buyer] well is the advance payment an absolute requirement, or would it be possible to pay the full amount upon delivery?
 [Merchant] advance mandatory to stop fake orders. open-box inspection allowed wiht courier rider before paying rest
 [Buyer] I understand your policy completely. I will go ahead and send the 500 taka advance right away
 [Merchant] thnx. send 500 taka to 01715514504 (Merchant) and drop TrxID
 [Buyer] I have just transferred the 500 taka. teh TrxID is BK75X902P. Please ship it to: Agrabad Commercial Area, GEC Circle, Chattogram. My phone number is 01687654321. Thank you very much.
 [Merchant] got payment. order confirmed. remaining 31,600 taka COD",yes,PURCHASE_COMMITTED,Skeptic,Sony WH-1000XM5 Wireless Headphones,Audio & Visual Gear
10156,ENG_157,"[Buyer] garmin forerunner 265 gps watch. u got it? gotta check first
 [Merchant] right we can confirm that the Garmin Forerunner 265 GPS Watch is fully in stock and available
 [Buyer] can u put music on it directly? hope so...
 [Merchant] Yes, it is equipped with 8GB of internal storage, allowing you to sync and store music directly for phone-free listening.
 [Buyer] so city gps... is it accurate or total garbage? tell me straight
 [Merchant] it features advanced Multi-band GNSS technology, ensuring precise tracking performance even amidst urban structures
 [Buyer] wait... can i swim with it? wont leak?
 [Merchant] sure this model is rated at 5 ATM, fully certified for both pool and open-water swimming activities.
 [Buyer] track sleep and hrv? u sure?
 [Merchant] it provides comprehensive tracking, including overnight HRV status, sleep stages, and a dedicated morning readiness score.
 [Buyer] is thsi actually in stock or a scam pre order? kinda worried.
 [Merchant] This is entirely ready stock available for immediate purchase or physical inspection at our retail location.
 [Buyer] send it today plz? running out of time here, hate being scammed online...
 [Merchant] Orders confirmed within the hour are dispatched today for delivery inside Dhaka by tomorrow.
 [Buyer] how much?
 [Merchant] ok the official price for this unit is set at 46,500 taka.
 [Buyer] too high. other places sell less. take 45,327 taka?
 [Merchant] We are unable to reduce the price below 46,500, taka as we offer genuine authentic stock with full warranty support
 [Buyer] nah too pricey. bye
 [Merchant] Thank you for your time. Please reach out if you require further assistance in the future.",no,INQUIRY_DROPOUT,Urgent,Garmin Forerunner 265 GPS Watch,Sports & Fitness
10157,ENG_158,"[Buyer] Hello! I saw your post regarding the Fujifilm X-T30 II Mirrorless Camera. Do you have it?
 [Merchant] Hello sir/ma'am. Yes, it's currently available for immediate delivery.
 [Buyer] Understood. Could you let me know the current price?
 [Merchant] The item is priced at 98,000 taka.
 [Buyer] I see. And What is the sensor resolution?
 [Merchant] Let me confirm that for you. It uses a 26.1MP X-Trans CMOS 4 APS-C sensor. Hope that helps!
 [Buyer] Another thing: does this include a kit lens?
 [Merchant] Let me confirm that for you. Yes, this package includes the XC 15-45mm OIS PZ lens. Hope that helps!
 [Buyer] I had a technical question. Does it have a microphone input?
 [Merchant] Yes, there's a 3.5mm mic jack, and headphone monitoring works via the USB-C adapter.
 [Buyer] Is this worth it over the previous generation?
 [Merchant] The main gains are in build quality and the warranty backing. Cheaper listings are often grey-market imports with no local service.
 [Buyer] I need multiple pieces for my office. Any bulk pricing?
 [Merchant] We do offer bulk pricing for offices. Let me know the exact quantity.
 [Buyer] Is there any warranty coverage? For how long?
 [Merchant] You get 1 year of official warranty. Claims are handled through our service desk.
 [Buyer] That's a bit steep. Can you offer any discount on that?
 [Merchant] I can't do 96,295, but as a special offer for a quick deal, I can offer 97,148 taka.
 [Buyer] Can you shave off a little more? Round it to 96,948 taka and I'll confirm now.
 [Merchant] Okay, 96,948 taka. But that's absolutely the last adjustment.
 [Buyer] Deal at 96,948 taka. Let's proceed. I need it delivered to my home. What's the procedure?
 [Merchant] We use premium courier services. It takes 1 day for Dhaka (100 taka) and 2-3 days outside (160 taka). To confirm the order, we require a small 500 taka advance via bKash to cover the courier booking fee. The rest is Cash on Delivery.
 [Buyer] I am not comfortable sending an advance. I've had bad experiences with pages taking advance and blocking. Can you do full COD?
 [Merchant] We sympathize, but this is a strict company policy for items over 10,000 taka to prevent fake orders. You can verify our trade license and physical store in Multiplan Center.
 [Buyer] Fair enough. I'll send the 500 taka to confirm the booking.
 [Merchant] Thank you for understanding! Please send 500 taka to 01793387133 (Merchant) and share the TrxID.
 [Buyer] Sent 500 taka. TrxID is BK86X562P. Please deliver to: Apartment 6B, House 42, Road 11, Banani, Dhaka. Mobile: 01687654321.
 [Merchant] Payment received and verified. Your order is confirmed. The remaining 96,548 taka will be collected on delivery.",yes,PURCHASE_COMMITTED,LowBaller,Fujifilm X-T30 II Mirrorless Camera,Audio & Visual Gear
10158,ENG_159,"[Buyer] sony wh-1000xm5 wireless headphones available? plz check
 [Merchant] Greetings. This item is currently in inventory and eligible for same-day dispatch.
 [Buyer] so ok cool... does it let u pair two things at once?
 [Merchant] to be precise, yes, multi-point pairing is supported. You may connect two devices simultaneously, such as a smartphone and a laptop
 [Buyer] nice. is it totally untouched and factory sealed tho?
 [Merchant] Affirmative. We supply 100% genuine, factory-sealed units complete with all original manufacturer accessories and full official warranty coverage.
 [Buyer] can u show me any papers or bill to prove its legit?
 [Merchant] Certainly. We will capture a live photograph of the sealed merchandise straight from our inventory shelf for your verification.
 [Buyer] wait just to be sure... u actually have it there right now, not pre-order?
 [Merchant] It is physically in stock at our location. You are also welcome to visit our retail outlet to inspect it in person.
 [Buyer] is it really better than the older version?
 [Merchant] As an authorized retail partner with a brick-and-mortar storefront, we provide certified authenticity. Should any hardware defect occur, you have our guaranteed store support and manufacturer warranty backing you up.
 [Buyer] got it. how much is it right now?
 [Merchant] The current retail price for this model is 32,000 taka.
 [Buyer] thnx for all the info. lemme talk to my parents and ill msg u tmrw
 [Merchant] Certainly. We remain at your service and look forward to hearing from you tomorrow.",no,DEFERRED_CONSIDERATION,Skeptic,Sony WH-1000XM5 Wireless Headphones,Audio & Visual Gear
10159,ENG_160,"[Buyer] Hi, quick question - Sony WH-1000XM5 Wireless Headphones, in stock right now?
 [Merchant] Hello! Yes, the Sony WH-1000XM5 Wireless Headphones is available in our ready stock.
 [Buyer] How soon can it reach me? I need it urgently.
 [Merchant] If you confirm within the next hour, we can dispatch today for next-day delivery inside Dhaka.
 [Buyer] Great. What's your best price for this item?
 [Merchant] We are currently offering it for 32,000 taka.
 [Buyer] That's a bit steep. Can you offer any discount on that?
 [Merchant] For you, 30,630 taka. That's genuinely the floor.
 [Buyer] Almost there. Do 30,330 taka and it's a deal.
 [Merchant] You drive a hard bargain. 30,330 taka, final.
 [Buyer] Okay, I'm happy with 30,330 taka. Book it for me. Okay, how does the delivery process work?
 [Merchant] Delivery is 100 taka inside Dhaka and 160 taka outside. We dispatch immediately upon order confirmation. We just need 500 taka sent to our merchant bKash as a security deposit for the courier. The remaining amount will be collected as COD.
 [Buyer] Is the advance strictly necessary? I'd rather do full COD.
 [Merchant] We sympathize, but this is a strict company policy for items over 10,000 taka to prevent fake orders. You can verify our trade license and physical store in Multiplan Center.
 [Buyer] Okay, I understand. I'll trust your page this time. Sending the advance now.
 [Merchant] Thank you for understanding! Please send 500 taka to 01729794997 (Merchant) and share the TrxID.
 [Buyer] Sent 500 taka. TrxID is BK71X210P. Please deliver to: Kandirpar, Victoria College Road, Cumilla. Mobile: 01712349911.
 [Merchant] Payment received and verified. Your order is confirmed. The remaining 29,930 taka will be collected on delivery.",yes,PURCHASE_COMMITTED,Urgent,Sony WH-1000XM5 Wireless Headphones,Audio & Visual Gear
10160,ENG_161,"[Buyer] got the Samsung T7 Shield 2TB Portable SSD right now or what?
 [Merchant] ok yes in stock.
 [Buyer] um how do i know it's real? send pic of sealed box wiht today's date plz... never bought online before
 [Merchant] ok sending photo with shop card next to it
 [Buyer] guarantee? what warranty comes with it? hope it's not a scam
 [Merchant] 1-year replacement warranty for defects at our outlet.
 [Buyer] ok ok... wait is it actually safe from water? like if it rains?
 [Merchant] has IP65 rating for water and dust.
 [Buyer] what wires come inside the box? jsut checking so i dont need extra stuff
 [Merchant] yes uSB-C to C and USB-C to A included.
 [Buyer] and speed? how fast does it actually go?
 [Merchant] up to 1050/1000 MB/s read/write via USB 3.2 Gen 2.
 [Buyer] ok will it work for recording Apple ProRes straight from an iPhone 15 Pro? pls confirm 100%
 [Merchant] yes, fully works for direct iPhone 15 Pro ProRes 4K
 [Buyer] hmm hmm ok. lowest price u can do?
 [Merchant] 22,500 taka.
 [Buyer] come on cut some slack, can u do 20,192 taka? thats all i have
 [Merchant] below cost. 22,500 taka fixed.
 [Buyer] oh... let me think about it then thnx
 [Merchant] ok sure.",no,INQUIRY_DROPOUT,TrustSeeker,Samsung T7 Shield 2TB Portable SSD,Computing & Peripherals
10161,ENG_162,"[Buyer] is the Dyson Purifier Cool TP07 in stock rn? pls verify
 [Merchant] sure hello, sir! Yes indeed, we have it fully in stock and ready for dispatch.
 [Buyer] cost?
 [Merchant] The price for an authentic factory-sealed unit is 68,000 taka, ma'am.
 [Buyer] any warranty? duration?
 [Merchant] It comes with a full 1 year of official warranty. All service claims are fully supported by our dedicated desk.
 [Buyer] cadence for filter swaps?
 [Merchant] yes typically every 12 months assuming 12 hours of daily use, and the mobile application displays exact remaining filter life. This is directly stated in the official spec sheet.
 [Buyer] waht tier of filtration media is equipped?
 [Merchant] It features a true HEPA H13 certified enclosed filter that traps 99.97% of particulates down to 0.3 microns.
 [Buyer] got it. does it have 2.4ghz or 5ghz wifi pairing?
 [Merchant] Yes, you can pair it via Wi-Fi to the MyDyson app for real-time tracking and control. We guarantee this is straight from the official spec sheet.
 [Buyer] hmm noise floor on night profiles?
 [Merchant] yes i am glad to explain: it includes a specialized night mode that limits maximum fan speeds and turns off the LED panel.
 [Buyer] can u drop the pirce a bit? looking at around 66,477 taka
 [Merchant] For valued customers like you, we can do 67,239 taka. That is truly our lowest possible price.
 [Buyer] meet me at 66,939 taka and ill take it
 [Merchant] Alright, 66,939 taka it is for you, sir. However, please note that is our absolute final rock-bottom price.
 [Buyer] ok cool, thnx for the specs breakdown
 [Merchant] You are very welcome, ma'am. Please reach out anytime if you need further assistance.",no,DEFERRED_CONSIDERATION,TrustSeeker,Dyson Purifier Cool TP07,Home & Kitchen Appliances
10162,ENG_163,"[Buyer] hey u guys got sony wh-1000xm5 wireless headphones?
 [Merchant] Hello there! Yes indeed, we have them in stock and ready to ship out right away!
 [Buyer] wait is it used or like opened before?
 [Merchant] Rest assured, 100% brand new and factory sealed! You'll be unboxing a completely untouched piece.
 [Buyer] waht colors u got left?
 [Merchant] We currently have Black, Silver, adn Midnight Blue waiting for you. Grab yours before they sell out!
 [Buyer] can u fold em up for my bag?
 [Merchant] Just to be clear, the XM5 doesn't fold at the hinges like the older XM4, but we include a very sleek moulded carry case for easy travel.
 [Buyer] got a q about battery... how long does it last with anc on?
 [Merchant] You get a massive 30 hours of continuous playback with noise cancellation enabled! Shall we lock one in for you?
 [Buyer] also can u plug in a cable if battery runs out?
 [Merchant] Glad you asked! Yes, it includes a 3.5mm headphone cable so you can keep listening in passive wired mode. Anything else you'd like to know?
 [Buyer] one more thing... is the noise cancelling actually better than the xm4?
 [Merchant] Definitely! The XM5 packs dual processors adn 8 microphones to wipe out background noise way better, especially high-frequency sounds. Trust me, you'll love it!
 [Buyer] ok cool. how much is the final price?
 [Merchant] It is just 32,000 taka flat, with all charges included! Such a great deal for top-tier audio.
 [Buyer] alright thnx. lemme talk to my folks first and hit u up tmrw
 [Merchant] Take your time! We'll save your favorite color. Looking forward to chatting tomorrow!",no,DEFERRED_CONSIDERATION,TechSpecsNerd,Sony WH-1000XM5 Wireless Headphones,Audio & Visual Gear
10163,ENG_164,"[Buyer] Hello, is the Sony WH-1000XM5 Wireless Headphones currently in stock?
 [Merchant] Hello sir/ma'am. Yes, it's currently available for immediate delivery.
 [Buyer] Does it fold up for travel?
 [Merchant] The XM5 does not fold at the hinges like the XM4, but it comes with a slim moulded carry case. Hope that helps!
 [Buyer] I had a technical question. Is there a quick charge feature?
 [Merchant] Let me confirm that for you. Yes, 3 minutes of charging gives you around 3 hours of playback.
 [Buyer] One more on the specs. What is the battery life like with ANC on?
 [Merchant] You get up to 30 hours of battery life with noise cancellation turned on. Hope that helps!
 [Buyer] Can you do same-day delivery? It's a gift and I'm running out of time.
 [Merchant] If you confirm within the next hour, we can dispatch today for next-day delivery inside Dhaka.
 [Buyer] Okay, that sounds good. How much are you asking for it?
 [Merchant] Our selling price for this unit is 32,000 taka.
 [Buyer] What is your last price? I will take it for 29,277 taka.
 [Merchant] Since you are confirming today, I can meet you in the middle at 30,639 taka.
 [Buyer] Okay, I'm happy with 30,639 taka. Book it for me. I need it delivered to my home. What's the procedure?
 [Merchant] Delivery charge is 100 taka for Dhaka, 160 taka outside. Packages are fully insured. To confirm the order, we require a small 500 taka advance via bKash to cover the courier booking fee. The rest is Cash on Delivery.
 [Buyer] Too many scam pages these days. Why should I trust you with an advance?
 [Merchant] It is standard procedure to avoid fake courier requests. We offer an open-box inspection in front of the rider before you pay the remaining COD amount.
 [Buyer] Fair enough. I'll send the 500 taka to confirm the booking.
 [Merchant] Thank you for understanding! Please send 500 taka to 01730148300 (Merchant) and share the TrxID.
 [Buyer] Sent 500 taka. TrxID is BK53X529P. Please deliver to: Building 24, Road 8, Mirpur DOHS, Dhaka. Mobile: 01711223388.
 [Merchant] Payment received and verified. Your order is confirmed. The remaining 30,239 taka will be collected on delivery.",yes,PURCHASE_COMMITTED,Urgent,Sony WH-1000XM5 Wireless Headphones,Audio & Visual Gear
10164,ENG_165,"[Buyer] hi u guys have dyson purifier cool tp07 in stock
 [Merchant] Greetings, ma'am! Yes, we currently have brand new units available in stock.
 [Buyer] cool wats ur best price
 [Merchant] The price for this item is 68,000 taka, sir.
 [Buyer] got a q... makes noise at night?
 [Merchant] Not at all, ma'am. There is a dedicated night mode that automatically caps the fan speed and dims the display for undisturbed sleep.
 [Buyer] hmm ok and how wide does it sweep
 [Merchant] Let me check the specifications for you. It features adjustable oscillation up to 350 degrees to efficiently project purified air across the entire room, sir.
 [Buyer] one more thing wen to change filters
 [Merchant] I am happy to clarify that point, ma'am. They typically need replacing roughly every 12 months assuming 12 hours of daily use, and the companion app conveniently tracks the remaining filter life for you.
 [Buyer] wat colours u got
 [Merchant] You can choose from our available color options, which include White/Silver and Black/Nickel, sir.
 [Buyer] got any video of the actual piece in store
 [Merchant] We are attaching a real photograph of the product with our official shop card placed right next to it for your complete verification, ma'am.
 [Buyer] warranty details plz
 [Merchant] It comes with an official 1-year coverage warranty, sir. Please note that physical damage and water damage are excluded, as is standard industry policy.
 [Buyer] alright is it 100% brand new n sealed
 [Merchant] Certainly, ma'am. It is an official global version, completely sealed in its original box, and backed by the full warranty.
 [Buyer] come on give a better rate 65,308 taka n i take it
 [Merchant] For a valued customer like you, I can offer it at 66,654 taka, sir. I assure you that is genuinely our floor price.
 [Buyer] pls drop a bit more make it 66,154 taka n deal done
 [Merchant] You truly drive a hard bargain, ma'am! Very well, 66,154 taka is our absolute final price.
 [Buyer] how fast shipping to my place
 [Merchant] We dispatch items using premium courier services, sir. Delivery takes 1 day inside Dhaka for 100 taka, and 2 to 3 days for locations outside Dhaka for 160 taka.
 [Buyer] k let me check my schedule for taking delivery will update later
 [Merchant] That is completely fine, ma'am. Wishing you the very best, and we look forward to hearing from you soon!",no,DEFERRED_CONSIDERATION,Skeptic,Dyson Purifier Cool TP07,Home & Kitchen Appliances
10165,ENG_166,"[Buyer] hi there! hope u are having a great day... just wanted to check if the Viofo A129 Pro Duo 4K Dash Cam is available right now?
 [Merchant] Greetings. Yes, this item is fully authentic and currently in stock at our official inventory.
 [Buyer] aw thats wonderful to hear :) umm... who do I talk to if something acts up later?
 [Merchant] We provide a strict 1-year replacement warranty covering manufacturing defects, which is officially serviced directly at our service outlet.
 [Buyer] gotcha! do u guys carry different colors for it, or just one option?
 [Merchant] Available configurations include the Standard Bundle and the Bundle + HK3 Kit.
 [Buyer] im a bit worried about the hot weather here... how does it hold up when it gets really sunny?
 [Merchant] Please allow me to verify this specification. It incorporates a supercapacitor rather than a standard battery, offering superior heat tolerance for local weather conditions. We assure you of its reliable performance.
 [Buyer] oh thats super cool! wait, does it come with a gps logger too?
 [Merchant] Please allow me to verify this specification. Yes, the included GPS mount accurately embeds speed and location data directly onto the recorded video files. Please let us know if you require any further technical assistance.
 [Buyer] nice... can u also tell me if it has wifi built in so i can pull videos straight to my phone?
 [Merchant] Indeed, it is equipped with dual-band 2.4GHz and 5GHz WiFi for high-speed wireless video transfers to mobile devices. Please let us know if you require any further technical assistance.
 [Buyer] will it keep recording even when the car is parked outside?
 [Merchant] We are pleased to clarify: affirmative, though operating buffered parking mode requires the separate purchase and installation of the optional HK3 Hardwire Kit. We assure you of its reliable performance.
 [Buyer] is it really worth spending more on this compared to the older models?
 [Merchant] Primary upgrades involve superior build quality and official warranty protection. Unauthorised lower-priced alternatives are typically grey-market imports lacking genuine manufacturer support.
 [Buyer] thnx for all the info! how much is this one going for?
 [Merchant] The current retail price for this unit is set at 23,500 taka, backed by our standard policy guidelines.
 [Buyer] ah a bit out of my budget at the moment :/ thank u so much for your patience tho!
 [Merchant] Understood. We thank you for your inquiry and wish you the best in your purchasing endeavors.",no,INQUIRY_DROPOUT,Ghoster,Viofo A129 Pro Duo 4K Dash Cam,Automotive & Riding Gear
10166,ENG_167,"[Buyer] Hi there! Just wanted to ask if you have the Samsung T7 Shield 2TB Portable SSD available right now?
 [Merchant] Hello! Yes absolutely, it is fully in stock and ready to ship out right away!
 [Buyer] ok oh cool... is it actually in your inventory or do I have to wait for a pre-order?
 [Merchant] right oh it is sitting right here in our store, 100% ready for same-day dispatch!
 [Buyer] Hope it's not opened or anything. Is it strictly brand new?
 [Merchant] Completely factory sealed wiht all original accessories included, brand new as it gets!
 [Buyer] Could you do me a huge favor and snap a quick picture of the actual box?
 [Merchant] Sure thing! Sending a genuine picture right now with our store identity card right beside it.
 [Buyer] right thanks so much. Just wondering, who takes care of things if it stops working?
 [Merchant] we've got you covered with a solid 1-year replacement warranty for any manufacturing flaws, handled right at our shop!
 [Buyer] Good to know. Do yuo happen to remember how fast the data transfer is on this one?
 [Merchant] It hits blazing fast sequential read/write speeds up to 1050/1000 MB/s through USB 3.2 Gen 2. Perfect choice for heavy files!
 [Buyer] Awesome. Will it plug and play smoothly on both Windows and Mac computers?
 [Merchant] Yes indeed, it comes formatted in exFAT so you can just plug it into Windows, macOS, and Android instantly!
 [Buyer] hmm I noticed another place selling something similar for a bit less. Any reason I should pick yours?
 [Merchant] We are a trusted authorized reseller with a real brick-and-mortar storefront. You get absolute peace of mind and genuine support!
 [Buyer] i think I will go with the alternative model then. Thanks for being so nice and helpful.
 [Merchant] sure not a problem at all! We are always here if you need anything else down the road.",no,INQUIRY_DROPOUT,Skeptic,Samsung T7 Shield 2TB Portable SSD,Computing & Peripherals
10167,ENG_168,"[Buyer] ok hello there! hope u are well... looking to pick up a Garmin Forerunner 265 GPS Watch. do u happen to have it ready?
 [Merchant] Hello! Welcome to our shop, so glad you reached out. Yes indeed, we hvae brand new units in stock right now.
 [Buyer] ah perfect... just curious, does it monitor sleep and keep track of HRV too?
 [Merchant] Let me double-check the spec sheet for you... yes it certainly does! It tracks overnight HRV status, full sleep stages, and even gives you a morning readiness score.
 [Buyer] ok oh nice! do u guys offer any warranty on it? for how long is it covered?
 [Merchant] You get a full 1-year warranty with us! Just keep your invoice safe, bring it along if anything comes up, and we will handle the rest for you.
 [Buyer] sounds good. just to be sure, what condition is it arriving in? everything 100 percent untouched?
 [Merchant] Rest assured, we only deal in 100 percent genuine, factory-sealed items. It is completely brand new and untouched!
 [Buyer] wonderful. what is the absolute best price u can do for this?
 [Merchant] the price is 46,500 taka, and that covers everything completely inclusive.
 [Buyer] alright then. do u guys deliver to homes? how much is the delivery charge?
 [Merchant] Yes we do home delivery! It is just 100 taka inside Dhaka and 160 taka outside. We dispatch everything immediately as soon as the order is confirmed.
 [Buyer] gotcha, thanks so much for clearing all that up for me!
 [Merchant] You are very welcome! It was a pleasure helping you out today. Best of luck with your search!",no,INQUIRY_DROPOUT,LowBaller,Garmin Forerunner 265 GPS Watch,Sports & Fitness
10168,ENG_169,"[Buyer] Hi, I want to buy the Garmin Forerunner 265 GPS Watch. Let me know if it's available.
 [Merchant] Hi there! Thanks for reaching out. We do have it available.
 [Buyer] I had a technical question. Can I store music directly on the watch?
 [Merchant] Let me confirm that for you. Absolutely, it has 8GB of internal storage so you can download Spotify playlists for phone-free running.
 [Buyer] One more on the specs. Does it track sleep and HRV?
 [Merchant] Checking the spec sheet - it does - overnight HRV status, sleep stages, and a morning readiness score. Let me know if you need more detail.
 [Buyer] How accurate is the GPS in the city?
 [Merchant] It uses Multi-band GNSS technology, providing excellent accuracy even near tall buildings or dense tree cover.
 [Buyer] Can I see the invoice or import papers to verify it's official?
 [Merchant] Yes, I can share the import invoice. We're a registered importer.
 [Buyer] What makes your listing different from the ones on Daraz?
 [Merchant] It's a genuine step up, and more importantly ours is official stock with real warranty support.
 [Buyer] Just double-checking - it's physically in your shop right now, not on order?
 [Merchant] It's physically in our shop, in hand. We can dispatch today.
 [Buyer] Who handles warranty claims if something goes wrong?
 [Merchant] Full 1-year warranty. Just bring the invoice and we handle the rest.
 [Buyer] Do you have any color options, or just one?
 [Merchant] We currently stock Black/Powder Grey, Whitestone, Aqua. All at the same price.
 [Buyer] Thanks. How much does it cost in total?
 [Merchant] The current official price is 46,500 taka.
 [Buyer] I appreciate the answers. Let me discuss this with my family and I'll get back to you tomorrow.
 [Merchant] No problem at all. We're here if anything changes.",no,DEFERRED_CONSIDERATION,Skeptic,Garmin Forerunner 265 GPS Watch,Sports & Fitness
10169,ENG_170,"[Buyer] Viofo A129 Pro Duo 4K Dash Cam ready stock?
 [Merchant] yes yes, available right now for instant dispatch.
 [Buyer] Warranty terms?
 [Merchant] 1 year official warranty. service desk handles claims
 [Buyer] Store inventory or pre-order?
 [Merchant] in store. ready to ship today.
 [Buyer] sD card included?
 [Merchant] microSD sold separately. get High Endurance type. let me know if u need more detail.
 [Buyer] WiFi built-in?
 [Merchant] ok yes, dual-band 2.4GHz & 5GHz wifi for quick phone transfers.
 [Buyer] send sealed box photo with today's date.
 [Merchant] sure, sending short clip of actual showroom box.
 [Buyer] does it have wireless connection for video?
 [Merchant] yes, dual-band 2.4GHz & 5GHz wifi for quick phone transfers.
 [Buyer] heat resistance?
 [Merchant] uses supercapacitor instead of battery, handles local summer heat well. let me know if u need more detail.
 [Buyer] ok.
 [Merchant] np. note saved. talk soon!",no,DEFERRED_CONSIDERATION,TrustSeeker,Viofo A129 Pro Duo 4K Dash Cam,Automotive & Riding Gear
10170,ENG_171,"[Buyer] Hello, is the Viofo A129 Pro Duo 4K Dash Cam currently in stock?
 [Merchant] Hello sir/ma'am. Yes, it's currently available for immediate delivery.
 [Buyer] Thanks. How much does it cost in total?
 [Merchant] It's 23,500 taka, all inclusive.
 [Buyer] Nice. Does it come intact with the original factory seal?
 [Merchant] Of course. It's an official global version, sealed box, with full warranty.
 [Buyer] Sorry, one more time: is this in hand, or do you have to bring it in?
 [Merchant] It's physically in our shop, in hand. We can dispatch today.
 [Buyer] Quick one - how does it handle heat in summer?
 [Merchant] To be precise, it uses a supercapacitor instead of a battery, which is far more heat-tolerant for Bangladesh summers.
 [Buyer] Quick one - does it come with an SD card?
 [Merchant] To be precise, no, the MicroSD card must be purchased separately. We recommend High Endurance cards.
 [Buyer] How soon can it reach me? I need it urgently.
 [Merchant] If you confirm within the next hour, we can dispatch today for next-day delivery inside Dhaka.
 [Buyer] Can you do anything better? 21,531 taka and I'll confirm right now.
 [Merchant] I can't do 21,531, but as a special offer for a quick deal, I can offer 22,516 taka.
 [Buyer] Deal at 22,516 taka. Let's proceed. I need it delivered to my home. What's the procedure?
 [Merchant] We use premium courier services. It takes 1 day for Dhaka (100 taka) and 2-3 days outside (160 taka). Since it's a high-value item, our policy requires a 500 taka advance payment. You can pay the rest to the delivery man.
 [Buyer] I prefer paying everything when I have the product in my hands. Can we skip the advance?
 [Merchant] I completely understand your concern. The advance simply ensures you are a serious buyer and covers our return shipping risk if the parcel is rejected. You can check our page reviews and physical shop address for peace of mind.
 [Buyer] Alright, that makes sense. I will send the 500 taka advance.
 [Merchant] Thank you for understanding! Please send 500 taka to 01754001994 (Merchant) and share the TrxID.
 [Buyer] Sent 500 taka. TrxID is BK14X513P. Please deliver to: Shaheb Bazar, Master Para, Rajshahi. Mobile: 01611778899.
 [Merchant] Payment received and verified. Your order is confirmed. The remaining 22,116 taka will be collected on delivery.",yes,PURCHASE_COMMITTED,Urgent,Viofo A129 Pro Duo 4K Dash Cam,Automotive & Riding Gear
10171,ENG_172,"[Buyer] hi looking at the Breville Barista Express Espresso Machine u got it in stock
 [Merchant] Hello! Yes, unit is available
 [Buyer] ok what is the price plz
 [Merchant] pirce is 78,000 taka right now
 [Buyer] is the factory seal intact?
 [Merchant] yes 100% factory sealed, unopened box with 1-year official warranty included
 [Buyer] ok how u different from daraz sellers tho
 [Merchant] Physical shop and authorized reseller. You have actual place to come if any issue.
 [Buyer] hmm is a grinder built in?
 [Merchant] yes, built-in conical burr grinder with dose control
 [Buyer] single or dual boiler
 [Merchant] single Thermocoil system. Brew and steam happen one after another, not at the exact same time
 [Buyer] water tank size?
 [Merchant] Removable tank holds 2 litres, about 15 to 18 double shots per fill per spec sheet.
 [Buyer] how long to heat up
 [Merchant] Takes about 30 seconds from cold start to first shot
 [Buyer] can u do 75,394 taka and i take it right now
 [Merchant] Cannot do 75,394. Lowest for quick deal is 76,697 taka
 [Buyer] ok done at 76,697 taka ship to home whats process
 [Merchant] Dhaka delivery takes 1 day (100 taka), outside takes 2-3 days (160 taka) via secure courier. Need 500 taka advance via bKash to confirm, rest is Cash on Delivery.
 [Buyer] ok sending advance now
 [Merchant] great. Send 500 taka to 01790024851 (Merchant) adn drop the TrxID here.
 [Buyer] so sent 500 trx BK96X742P send to Zindabazar Lamabazar Road Sylhet ph 01711223388
 [Merchant] Got it, payment verified. Order confirmed! Remaining 76,357 taka due on delivery.",yes,PURCHASE_COMMITTED,Ghoster,Breville Barista Express Espresso Machine,Home & Kitchen Appliances
10172,ENG_173,"[Buyer] hey, looking at the Fujifilm X-T30 II Mirrorless Camera. u got units?
 [Merchant] Good day, sir. Yes, the Fujifilm X-T30 II Mirrorless Camera is currently available in our inventory.
 [Buyer] well ok what's the color science breakdown... how many film simulation profiles are baked into the firmware?
 [Merchant] Glad to assist you with that, ma'am. It comes equipped with 18 built-in Fujifilm film simulation modes, such as Classic Neg and Eterna.
 [Buyer] does teh warranty handle dead pixels or hardware failures out of the box?
 [Merchant] We provide a 1-year replacement warranty covering manufacturing defects, which can be claimed directly at our store, sir.
 [Buyer] sealed box? zero shutter count right? no open box nonsense
 [Merchant] It is completely brand new, untouched, and factory sealed. We assure you that we never deal in refurbished units, ma'am.
 [Buyer] can you drop a photo of the serial number or customs docs so i can check authenticity?
 [Merchant] Certainly, sir - please take a look at this quick video showing the exact retail box right here in our showroom
 [Buyer] pricing?
 [Merchant] The price for this specific unit is set at 98,000, taka ma'am.
 [Buyer] can u do a discount? how about 96,917 taka?
 [Merchant] regrettably, the price is strictly fixed at 98,000, taka sir. However, we ensure complete authenticity adn solid warranty support that discounted grey-market shops usually skip.
 [Buyer] nah math doesn't work for me then. passing on this, thnx
 [Merchant] we completely understand, ma'am. Please reach out to us anytime if you need anything else in the future.",no,INQUIRY_DROPOUT,Skeptic,Fujifilm X-T30 II Mirrorless Camera,Audio & Visual Gear
10173,ENG_174,"[Buyer] Hello, do you have the Fujifilm X-T30 II Mirrorless Camera in stock? Please confirm.
 [Merchant] Hello! In stock and ready to dispatch today.
 [Buyer] Is this worth it over the previous generation?
 [Merchant] The main gains are in build quality and the warranty backing. Cheaper listings are often grey-market imports with no local service.
 [Buyer] I need multiple pieces for my office. Any bulk pricing?
 [Merchant] For 3 or more units we can discuss a corporate rate. Please share your requirement in detail.
 [Buyer] Does this include a kit lens?
 [Merchant] To be precise, yes, this package includes the XC 15-45mm OIS PZ lens.
 [Buyer] Quick one - does it have a microphone input?
 [Merchant] Right, so Yes, there's a 3.5mm mic jack, and headphone monitoring works via the USB-C adapter. That's straight from the official spec sheet.
 [Buyer] What variants are available right now?
 [Merchant] Right now we have these in stock: Silver, Charcoal Black.
 [Buyer] What is the price? Please let me know.
 [Merchant] We are currently offering it for 98,000 taka.
 [Buyer] Could you give a small discount? My budget is closer to 96,522 taka.
 [Merchant] I can't do 96,522, but as a special offer for a quick deal, I can offer 97,261 taka.
 [Buyer] Almost there. Do 97,061 taka and it's a deal.
 [Merchant] That's really the limit - but fine, 97,061 taka since you're ordering today.
 [Buyer] Meet me at 96,861 taka and I'll pay immediately.
 [Merchant] Okay, 96,861 taka. But that's absolutely the last adjustment.
 [Buyer] Deal at 96,861 taka. Let's proceed. What are the delivery options and charges?
 [Merchant] We offer home delivery all over Bangladesh via Steadfast/Pathao. Inside Dhaka is 100 taka (24 hours), Outside Dhaka is 160 taka (48-72 hours). For order confirmation, a 500 taka advance via bKash is mandatory. The balance is full Cash on Delivery (COD).
 [Buyer] Too many scam pages these days. Why should I trust you with an advance?
 [Merchant] Okay, since you're local and reachable by phone, we'll do full COD this time.
 [Buyer] Great, full COD works for me. Let's do it.
 [Merchant] Perfect. Please share your full delivery address and mobile number to book the parcel.
 [Buyer] Address: Shaheb Bazar, Master Para, Rajshahi. Mobile: 01923456789.
 [Merchant] Order confirmed and booked. Full 96,961 taka is payable to the rider on delivery.",yes,PURCHASE_COMMITTED,LowBaller,Fujifilm X-T30 II Mirrorless Camera,Audio & Visual Gear
10174,ENG_175,"[Buyer] hey there! hope u are doing well... just wanted to ask if the Keychron Q1 Pro Custom Keyboard is in stock right now?
 [Merchant] hello! absolutely, we have the Keychron Q1 Pro Custom Keyboard ready and waiting for you! better grab yours quick before they all fly off the shelves!
 [Buyer] ok oh thats wonderful to hear... just to be sure, everything is totally brand new and untouched?
 [Merchant] completely brand new, totally untouched, factory sealed box! we only deal in 100 percent authentic fresh stock, absolutely zero refurbished items here, buy with total confidence!
 [Buyer] thanks for confirming... um does it work with a wireless 2.4GHz dongle too or just bluetooth 5.1?
 [Merchant] so this fantastic model supports super stable bluetooth 5.1 along with a lightning-fast Type-C wired mode! just a heads up, it doesn't include a 2.4GHz dongle. let me know what else you wanna grab today!
 [Buyer] ah i see... ive got one nerdy question if thats okay... do u happen to know the weight of it?
 [Merchant] its got a gorgeous full aluminum build tipping the scales at around 1.6 kg, meaning it sits like a rock on your desk and never slides around! tell me what else you need to know about this beauty!
 [Buyer] thats pretty neat... could u tell me how much this beauty costs?
 [Merchant] its an incredible deal at just 18,500 taka, total all inclusive price! such an amazing value for a premium board like this, let me pack one up for you!
 [Buyer] well thanks so much for all the help today... im gonna ponder over it for a little while and ill get back to u soon
 [Merchant] no worries at all! take your sweet time, but remember stocks are moving super fast so dont wait too long! we are right here whenever you are ready!",no,DEFERRED_CONSIDERATION,Ghoster,Keychron Q1 Pro Custom Keyboard,Computing & Peripherals
10175,ENG_176,"[Buyer] Hi, I want to buy the Breville Barista Express Espresso Machine. Let me know if it's available.
 [Merchant] Hello! In stock and ready to dispatch today.
 [Buyer] Does it have a built-in grinder?
 [Merchant] Yes, it has an integrated precision conical burr grinder with dose control. That's straight from the official spec sheet.
 [Buyer] Great. What's your best price for this item?
 [Merchant] The current official price is 78,000 taka.
 [Buyer] What is your last price? I will take it for 75,689 taka.
 [Merchant] For you, 76,845 taka. That's genuinely the floor.
 [Buyer] Deal at 76,845 taka. Let's proceed. Okay, how does the delivery process work?
 [Merchant] Delivery charge is 100 taka for Dhaka, 160 taka outside. Packages are fully insured. We just need 500 taka sent to our merchant bKash as a security deposit for the courier. The remaining amount will be collected as COD.
 [Buyer] I am not comfortable sending an advance. I've had bad experiences with pages taking advance and blocking. Can you do full COD?
 [Merchant] Sir, it's just 500 taka for courier security. We have a solid 5-year track record and thousands of reviews. We cannot bypass this policy, unfortunately.
 [Buyer] Fair enough. I'll send the 500 taka to confirm the booking.
 [Merchant] Thank you for understanding! Please send 500 taka to 01716787333 (Merchant) and share the TrxID.
 [Buyer] Sent 500 taka. TrxID is BK18X981P. Please deliver to: Station Road, Gopalganj Sadar, Gopalganj. Mobile: 01822334455.
 [Merchant] Payment received and verified. Your order is confirmed. The remaining 76,445 taka will be collected on delivery.",yes,PURCHASE_COMMITTED,Ghoster,Breville Barista Express Espresso Machine,Home & Kitchen Appliances
10176,ENG_177,"[Buyer] Hi there, is the Sony WH-1000XM5 Wireless Headphones available in ready stock?
 [Merchant] Hi! Absolutely, we have it ready for you.
 [Buyer] Thanks. How much does it cost in total?
 [Merchant] Our selling price for this unit is 32,000 taka.
 [Buyer] How is the active noise cancellation compared to the XM4?
 [Merchant] Let me confirm that for you. The XM5 uses two processors and 8 microphones for significantly improved noise cancellation, especially for high-frequency sounds.
 [Buyer] I see. And Is there a quick charge feature?
 [Merchant] Checking the spec sheet - yes, 3 minutes of charging gives you around 3 hours of playback. Let me know if you need more detail.
 [Buyer] One more on the specs. Does it support multi-point Bluetooth connection?
 [Merchant] Let me confirm that for you. Yes, you can connect it to two devices simultaneously, like your phone and laptop. That's straight from the official spec sheet.
 [Buyer] I had a technical question. What is the battery life like with ANC on?
 [Merchant] You get up to 30 hours of battery life with noise cancellation turned on. Anything else you'd like to know?
 [Buyer] I need this before tomorrow evening. Is that possible?
 [Merchant] We can prioritize your parcel. Confirm now and it goes out with today's pickup.
 [Buyer] Could you give a small discount? My budget is closer to 29,665 taka.
 [Merchant] For you, 30,833 taka. That's genuinely the floor.
 [Buyer] Meet me at 30,533 taka and I'll pay immediately.
 [Merchant] You drive a hard bargain. 30,533 taka, final.
 [Buyer] Deal at 30,533 taka. Let's proceed. What are the delivery options and charges?
 [Merchant] We use premium courier services. It takes 1 day for Dhaka (100 taka) and 2-3 days outside (160 taka). Since it's a high-value item, our policy requires a 500 taka advance payment. You can pay the rest to the delivery man.
 [Buyer] I am not comfortable sending an advance. I've had bad experiences with pages taking advance and blocking. Can you do full COD?
 [Merchant] Alright, for you we'll waive the advance this once. Full COD, but please receive the parcel - rejections cost us.
 [Buyer] Great, full COD works for me. Let's do it.
 [Merchant] Perfect. Please share your full delivery address and mobile number to book the parcel.
 [Buyer] Address: House 14, Road 3, Dhanmondi, Dhaka. Mobile: 01611778899.
 [Merchant] Order confirmed and booked. Full 30,633 taka is payable to the rider on delivery.",yes,PURCHASE_COMMITTED,DeliveryObsessed,Sony WH-1000XM5 Wireless Headphones,Audio & Visual Gear
10177,ENG_178,"[Buyer] Hello. Do you still have the Garmin Forerunner 265 GPS Watch?
 [Merchant] Hello sir/ma'am. Yes, it's currently available for immediate delivery.
 [Buyer] Is it waterproof for swimming?
 [Merchant] Checking the spec sheet - yes, it carries a 5 ATM rating, so pool and open-water swimming are both fine.
 [Buyer] Another thing: how accurate is the GPS in the city?
 [Merchant] Absolutely. It uses Multi-band GNSS technology, providing excellent accuracy even near tall buildings or dense tree cover. Hope that helps!
 [Buyer] I had a technical question. Can I store music directly on the watch?
 [Merchant] Right, so Absolutely, it has 8GB of internal storage so you can download Spotify playlists for phone-free running.
 [Buyer] Good to see an active page for once.
 [Merchant] Always here for our customers. Ask me anything about the product.
 [Buyer] What variants are available right now?
 [Merchant] Right now we have these in stock: Black/Powder Grey, Whitestone, Aqua.
 [Buyer] Thanks. How much does it cost in total?
 [Merchant] Our selling price for this unit is 46,500 taka.
 [Buyer] How fast can you deliver it to my address?
 [Merchant] We offer home delivery all over Bangladesh via Steadfast/Pathao. Inside Dhaka is 100 taka (24 hours), Outside Dhaka is 160 taka (48-72 hours). To confirm the order, we require a small 500 taka advance via bKash to cover the courier booking fee. The rest is Cash on Delivery.
 [Buyer] Okay, I understand. I'll trust your page this time. Sending the advance now.
 [Merchant] Thank you for understanding! Please send 500 taka to 01723820713 (Merchant) and share the TrxID.
 [Buyer] Sent 500 taka. TrxID is BK79X596P. Please deliver to: College Road, Bogra Sadar, Bogura. Mobile: 01822334455.
 [Merchant] Payment received and verified. Your order is confirmed. The remaining 46,100 taka will be collected on delivery.",yes,PURCHASE_COMMITTED,Ghoster,Garmin Forerunner 265 GPS Watch,Sports & Fitness
10178,ENG_179,"[Buyer] hey there! hope you are having a nice day. do you happen to have the Fujifilm X-T30 II Mirrorless Camera in stock right now?
 [Merchant] Hello and welcome! Yes absolutely, it is fully in stock and ready to ship out to you right away!
 [Buyer] oh that is wonderful to hear. just wanted to check, is it completely unopened with the original factory seal intact?
 [Merchant] 100% genuine brand new and sealed in box! You will be the very first person to break the seal, guaranteed!
 [Buyer] ah okay. well, what if i decide to grab 5 of them instead? does the price drop at all?
 [Merchant] We love bulk orders! Special wholesale rates are ready for you. Just drop me the final quantity you need!
 [Buyer] thanks for bearing with me. just one more spec question... does it have an input for a microphone?
 [Merchant] Let me pull up teh spec sheet real quick - yes indeed, there is a 3.5mm mic jack, plus headphone monitoring is fully supported through the USB-C adapter! Anything else you're curious about?
 [Buyer] ok thanks for checking! let me ask one more thing about the specs. does this model have in-body image stabilization (IBIS)?
 [Merchant] Happy to clarify everything for you! No, the X-T30 II doesn't feature IBIS. It relies entirely on OIS-equipped lenses like the one bundled in this package.
 [Buyer] oh I see. by the way, does this particular bundle include a kit lens?
 [Merchant] Great question! Yes it does, this kit comes complete with the XC 15-45mm OIS PZ lens
 [Buyer] what is the price? could you let me know how much it is?
 [Merchant] This amazing piece is priced at just 98,000 taka!
 [Buyer] hmm, would you mind offering a tiny discount? my budget is right around 95,733 taka.
 [Merchant] ok just for you, I can do 96,867 taka! I promise that is our absolute lowest floor price!
 [Buyer] how about we meet right in the middle at 96,367 taka and i will complete the payment right this second?
 [Merchant] You really know how to negotiate! Alright, taka 96,367 it is, absolutely final!
 [Buyer] right yay, thank you so much! i am happy with 96,367 taka then. please lock it in for me. how much is shipping and waht are the choices?
 [Merchant] Delivery is super affordable at only 100 taka inside Dhaka and 160 taka for outside! We dispatch immediately once your order is locked. We just need a tiny 500 taka advance via bKash to cover the courier booking fee, and the rest is conveniently paid via Cash on Delivery.
 [Buyer] oh dear, there are so many online scams nowadays... why should i trust you guys enough to send an advance payment?
 [Merchant] I completely understand your worry, and it is totally valid! The advance just locks in your sincere commitment and secures our return shipping expenses if a parcel bounces back. Feel free to browse our page reviews and drop by our physical storefront anytime for total peace of mind!
 [Buyer] that makes sense, i appreciate you explaining. alright, i will go ahead and send the 500 taka to confirm my booking
 [Merchant] Thank you so much for trusting us! Please send the 500 taka to 01779475484 (Merchant) right away and drop the TrxID here
 [Buyer] done! sent 500 taka just now. the TrxID is BK10X723P. please ship it to: Zindabazar, Lamabazar Road, Sylhet. phone number is 01611778899.
 [Merchant] right payment received adn checked successfully! Your order is officially locked in. The remaining balance of 95,967 taka will be collected safely upon delivery",yes,PURCHASE_COMMITTED,LowBaller,Fujifilm X-T30 II Mirrorless Camera,Audio & Visual Gear
10179,ENG_180,"[Buyer] Dyson Purifier Cool TP07 stock status?
 [Merchant] Hello there! Yes, absolutely, we have the Dyson Purifier Cool TP07 right here in our ready stock, waiting for you!
 [Buyer] so factory sealed or open-box?
 [Merchant] Not to worry at all! It is completely brand new, 100% official, and factory sealed with all original accessories included.
 [Buyer] Filter lifespan?
 [Merchant] Checking the spec sheet for you - typically around every 12 months assuming 12 hours of daily use, and don't worry, the app conveniently tracks the remaining filter life!
 [Buyer] Need delivery before tomorrow evening. Possible?
 [Merchant] if you can confirm your order within the next hour, we will gladly dispatch it today so it arrives tomorrow inside Dhaka!
 [Buyer] Noisiness at night?
 [Merchant] We've got you covered! There is a special night mode that limits fan speed and dims the display panel completely. Hope that helps you decide!
 [Buyer] right doesn't work for me. Pass.
 [Merchant] No worries at all! Feel free to reach out anytime if yuo need help with anything else.",no,INQUIRY_DROPOUT,Urgent,Dyson Purifier Cool TP07,Home & Kitchen Appliances
10180,ENG_181,"[Buyer] Hi, quick question - Samsung T7 Shield 2TB Portable SSD, in stock right now?
 [Merchant] Greetings! Yes, we have brand new units in stock.
 [Buyer] Is there any warranty coverage? For how long?
 [Merchant] Full 1-year warranty. Just bring the invoice and we handle the rest.
 [Buyer] What are the read and write speeds?
 [Merchant] It delivers sequential read/write speeds of up to 1050/1000 MB/s via USB 3.2 Gen 2. Hope that helps!
 [Buyer] Quick one - is it rugged and drop-resistant?
 [Merchant] Yes, it has a tough rubberized exterior and can survive drops from up to 3 meters.
 [Buyer] I had a technical question. Is it water resistant?
 [Merchant] Absolutely. It has an IP65 rating for water and dust resistance, making it great for outdoor shoots.
 [Buyer] Awesome. Before we proceed, is it completely brand new and factory sealed?
 [Merchant] Absolutely. It is completely intact, unopened, and comes with a 1-year official warranty.
 [Buyer] Do you have any color options, or just one?
 [Merchant] Right now we have these in stock: Black, Beige, Blue.
 [Buyer] What makes your listing different from the ones on Daraz?
 [Merchant] It's a genuine step up, and more importantly ours is official stock with real warranty support.
 [Buyer] Okay, that sounds good. How much are you asking for it?
 [Merchant] It's 22,500 taka, all inclusive.
 [Buyer] Alright. Do you do home delivery? And what is the fee?
 [Merchant] We offer home delivery all over Bangladesh via Steadfast/Pathao. Inside Dhaka is 100 taka (24 hours), Outside Dhaka is 160 taka (48-72 hours). For order confirmation, a 500 taka advance via bKash is mandatory. The balance is full Cash on Delivery (COD).
 [Buyer] I am not comfortable sending an advance. I've had bad experiences with pages taking advance and blocking. Can you do full COD?
 [Merchant] It is standard procedure to avoid fake courier requests. We offer an open-box inspection in front of the rider before you pay the remaining COD amount.
 [Buyer] Alright, that makes sense. I will send the 500 taka advance.
 [Merchant] Thank you for understanding! Please send 500 taka to 01796551645 (Merchant) and share the TrxID.
 [Buyer] Sent 500 taka. TrxID is BK19X530P. Please deliver to: Kandirpar, Victoria College Road, Cumilla. Mobile: 01611778899.
 [Merchant] Payment received and verified. Your order is confirmed. The remaining 22,100 taka will be collected on delivery.",yes,PURCHASE_COMMITTED,TechSpecsNerd,Samsung T7 Shield 2TB Portable SSD,Computing & Peripherals
10181,ENG_182,"[Buyer] Hello, please tell me if the Samsung T7 Shield 2TB Portable SSD is available right now?
 [Merchant] Hello there! Yes indeed, the Samsung T7 Shield 2TB Portable SSD is fully in stock and ready to ship out.
 [Buyer] Could you please let me know if it is rugged and drop-resistant?
 [Merchant] Yes, it features a heavy-duty rubberized outer shell designed to withstand drops from up to 3 meters. Hope that helps!
 [Buyer] Thank you. Does it also offer water resistance, please?
 [Merchant] It comes with an IP65 rating for water and dust protection, which makes it wonderful for outdoor shoots. Hope that helps!
 [Buyer] I saw another store selling a similar item for less. Could you tell me why I should buy from you please?
 [Merchant] Ours is a genuine step up in quality, and most importantly, it comes straight from official channels with proper warranty support.
 [Buyer] That is good to hear. What is your best price for this, please?
 [Merchant] Our current fixed price for this wonderful item is 22,500 taka.
 [Buyer] Is there any way you could give me a small discount please? My budget is closer to 20,879 taka.
 [Merchant] I cannot go as low as 20,879 taka, but to help you out for a quick deal, I can offer it for 21,690 taka.
 [Buyer] Could you please shave off just a little bit more and round it to 21,190 taka? If so, I will confirm right now.
 [Merchant] Alright, we can do 21,190 taka for you. Please note that this is our absolute final price adjustment.
 [Buyer] Thank you so much. I would like it delivered to my home, please, so could you explain the procedure?
 [Merchant] We provide home delivery across all of Bangladesh via Steadfast and Pathao. Inside Dhaka is 100 taka taking 24 hours, while outside Dhaka is 160 taka taking 48 to 72 hours. Since this is a high-value product, our policy requires a 500 taka advance deposit, and the remaining balance can be paid to the delivery agent.
 [Buyer] There are so many scam pages nowadays, so please understand why I am hesitant. Why should I trust you with an advance payment?
 [Merchant] We completely understand your concern, but please rest assured this is our strict company policy for any items over 10,000 taka to avoid fake orders. You are always welcome to check our trade license and visit our physical store located in Multiplan Center.
 [Buyer] Alright, I understand now. Thank you for your patience and help.
 [Merchant] You are very welcome! We are always here to assist if anything changes.",no,DEFERRED_CONSIDERATION,Comparator,Samsung T7 Shield 2TB Portable SSD,Computing & Peripherals
10182,ENG_183,"[Buyer] hey, checking on stock for the Keychron Q1 Pro Custom Keyboard. u got it?
 [Merchant] yes, Keychron Q1 Pro Custom Keyboard in stock ready.
 [Buyer] seen lower prices elsewhere. why buy here?
 [Merchant] official reseller with physical shop. warranty support guaranteed.
 [Buyer] firmware layer open? does it flash via QMK/VIA without issues for custom layers?
 [Merchant] full QMK and VIA support native. macro & remap ready.
 [Buyer] cool. what's the bottom line cost?
 [Merchant] price is 18,500 taka flat.
 [Buyer] need courier drop to my place. how does that work?
 [Merchant] delivery 100 taka inside Dhaka, taka 160 outside. dispatch fast. high value item rule: 500 taka advance needed first. rest COD.
 [Buyer] alright then. sending advance now.
 [Merchant] thnx. send 500 taka to 01763802727 (Merchant) and drop TrxID.
 [Buyer] 500 taka sent, TrxID: BK62X808P. ship to: College Road, Bogra Sadar, Bogura. phone 01819876543.
 [Merchant] got it, verified. order locked. remaining 18,160 taka due on delivery.",yes,PURCHASE_COMMITTED,TechSpecsNerd,Keychron Q1 Pro Custom Keyboard,Computing & Peripherals
10183,ENG_184,"[Buyer] hey u guys got fujifilm x-t30 ii mirrorless cam rn?
 [Merchant] Hello there! Thank you for connecting with us. Yes, we currently have it in stock.
 [Buyer] hmm k cool... is this official brand new stuff wiht warranty?
 [Merchant] everything we carry is completely brand new with intact seals. We never deal in refurbished products.
 [Buyer] wait does it got in-body image stabilization (ibis)?
 [Merchant] No, the X-T30 II does not feature built-in stabilization. It depends on lenses that have OIS, like the one included in this bundle.
 [Buyer] does it come with a kit lens tho?
 [Merchant] Glad to assist: yes, this package comes with the XC 15-45mm OIS PZ lens.
 [Buyer] whats the sensor res btw
 [Merchant] sure certainly. It is equipped with a 26.1MP X-Trans CMOS 4 APS-C sensor
 [Buyer] so u got mic input on this?
 [Merchant] Checking our specifications - yes, it features a 3.5mm microphone jack, and you can monitor audio using the USB-C adapter. Please let me know if you need any further information.
 [Buyer] how many film sim modes are there
 [Merchant] It comes with 18 classic Fujifilm film simulation modes, such as Classic Neg and Eterna. I hope this information is helpful!
 [Buyer] ok make sense. whats the price rn plz
 [Merchant] the regular price for this camera is set at 98,000 taka
 [Buyer] damn kinda high... any discount?
 [Merchant] We can offer a slight markdown for you. The lowest would be 96,762 taka. Does that work?
 [Buyer] hmm... do 96,562 taka and we have a deal
 [Merchant] yes that is truly our bottom line - but alright, we can do 96,562 taka since yuo are purchasing today.
 [Buyer] cool ok how does delivery work
 [Merchant] The delivery fee is 100 taka inside Dhaka adn 160 taka for outside locations. All shipments are fully insured. Because this is a high-value item, our store policy requires a 500 taka advance payment, and the remaining amount can be paid cash on delivery.
 [Buyer] nah id rather pay everything when i get it. skip advance plz?
 [Merchant] we completely understand your concern, but this is a mandatory policy for all products exceeding 10,000 taka to avoid fake orders. You are welcome to check our trade license and visit our physical shop at Multiplan Center for peace of mind.
 [Buyer] ok ah ok got it thnx
 [Merchant] right yuo are very welcome, sir. Please feel free to reach out whenever you are ready.",no,DEFERRED_CONSIDERATION,TechSpecsNerd,Fujifilm X-T30 II Mirrorless Camera,Audio & Visual Gear
10184,ENG_185,"[Buyer] hi u got viofo a129 pro duo 4k dash cam ready
 [Merchant] yes, brand new units in stock
 [Buyer] sd card included?
 [Merchant] MicroSD card must be purchased separately. We recommend High Endurance cards. Per official specs
 [Buyer] hm... does it record while parked
 [Merchant] Spec sheet says yes, but need optional hk3 hardwire kit for buffered parking mode.
 [Buyer] got gps logger?
 [Merchant] right yes, bundled GPS mount stamps speed and location. Need anything else?
 [Buyer] ok wifi built in to grab vids?
 [Merchant] Yes, dual-band 2.4ghz & 5ghz wifi for fast phone transfers.
 [Buyer] how hot weather handle?
 [Merchant] yes uses supercapacitor instead of battery, much better for local summers.
 [Buyer] any color choices?
 [Merchant] Standard bundle or bundle + hk3 kit.
 [Buyer] thnx how much total
 [Merchant] 23,500 taka all inclusive.
 [Buyer] saw cheaper elsewhere can u do 21,447 taka
 [Merchant] Confirm today, meet in middle at 22,474 taka.
 [Buyer] hmm 22,274 taka n i pay now
 [Merchant] That is our absolute limit, but okay for today's order at 22,274 taka.
 [Buyer] ok fine 22,274 taka lock it how delivery work
 [Merchant] Home delivery via steadfast/pathao. Inside dhaka 100 taka (24 hours), outside 160 taka (48-72 hours). Need 500 taka advance via bkash for courier booking, rest cash on delivery.
 [Buyer] too many scams y trust advance
 [Merchant] right understand completely. Advance ensures serious buyer and covers return shipping risk. Check our reviews and physical address.
 [Buyer] ok send bkash plz
 [Merchant] Send 500 taka to 01791558658 (merchant) adn share trxid
 [Buyer] sent 500 trx bk64x777p ship station road gopalganj sadar gopalganj cell 01819876543
 [Merchant] Payment verified. Order confirmed. Remaining 21,874 taka on delivery.",yes,PURCHASE_COMMITTED,TechSpecsNerd,Viofo A129 Pro Duo 4K Dash Cam,Automotive & Riding Gear
10185,ENG_186,"[Buyer] Breville Barista Express Espresso Machine available?
 [Merchant] Hello, sir! Yes, it is currently in stock and we can dispatch it today.
 [Buyer] send showroom video.
 [Merchant] Certainly, ma'am. Here is a quick video showing the exact box we have in our showroom.
 [Buyer] other seller is cheaper. why yours?
 [Merchant] We provide superior build quality and full warranty support, sir. Lower-priced alternatives are usually grey-market imports lacking official service.
 [Buyer] water tank size?
 [Merchant] To answer your question, ma'am, the removable water tank holds 2 litres, which is about 15 to 18 double shots.
 [Buyer] portafilter diameter?
 [Merchant] Certainly, sir. It features a standard 54mm stainless steel portafilter.
 [Buyer] final price?
 [Merchant] The fixed official price for this item is 78,000 taka, ma'am.
 [Buyer] delivery time to my location?
 [Merchant] We ship via premium courier, sir. Delivery takes 1 day inside Dhaka for 100 taka and 2-3 days outside for 160 taka. Because of the high value, our policy requires a 500 taka advance, and the remaining amount can be paid on delivery.
 [Buyer] no advance. need full cod.
 [Merchant] We understand your concern, ma'am, but it is our strict company policy for products exceeding 10,000 taka to avoid fake orders. You are welcome to check our trade license and physical store located in Multiplan Center.
 [Buyer] zero advance. cancel it.
 [Merchant] Understood, sir. Since we cannot bypass our policy, we will cancel the order now. Have a great day!",no,EXPLICIT_REJECTION,Skeptic,Breville Barista Express Espresso Machine,Home & Kitchen Appliances
10186,ENG_187,"[Buyer] hi u got teh samsung t7 shield 2tb portable ssd right now
 [Merchant] Good day. Thank you for your inquiry. We can confirm that this item is currently in stock.
 [Buyer] can u record apple prores straight to it using an iphone 15 pro
 [Merchant] We are pleased to confirm full compatibility for direct ProRes 4K recording from the iPhone 15 Pro, strictly adhering to official manufacturer specifications.
 [Buyer] is it shockproof and good against drops too
 [Merchant] Indeed, it features a robust rubberized exterior designed to withstand impacts and survive drops from up to 3 meters. We hope this reassures you.
 [Buyer] last thing does it support windows and mac both
 [Merchant] Allow us to verify this detail. Yes, it arrives pre-formatted in exFAT to ensure seamless compatibility with Windows, macOS, and Android systems immediately upon unboxing.
 [Buyer] right ah damn thats not gonna work for me then gotta check something else thnx
 [Merchant] Understood. Thank you for your time and consideration. Please feel free to reach out to us again in the future.",no,INQUIRY_DROPOUT,LowBaller,Samsung T7 Shield 2TB Portable SSD,Computing & Peripherals
10187,ENG_188,"[Buyer] Hi there, is the Sony WH-1000XM5 Wireless Headphones available in ready stock?
 [Merchant] Hi there! Thanks for reaching out. We do have it available.
 [Buyer] Another thing: can I use them wired if the battery dies?
 [Merchant] Yes, it comes with a 3.5mm headphone cable for passive wired listening.
 [Buyer] How does this compare to the model one tier below it?
 [Merchant] We're an authorized reseller with a physical outlet. If anything fails, you have somewhere to go.
 [Buyer] Alright. So what is the final price for this?
 [Merchant] The current official price is 32,000 taka.
 [Buyer] I've seen it slightly cheaper elsewhere. Can you do 29,873 taka?
 [Merchant] I can't do 29,873, but as a special offer for a quick deal, I can offer 30,937 taka.
 [Buyer] Alright, 30,937 taka sounds fair. I'll take it. How fast can you deliver it to my address?
 [Merchant] We use premium courier services. It takes 1 day for Dhaka (100 taka) and 2-3 days outside (160 taka). We just need 500 taka sent to our merchant bKash as a security deposit for the courier. The remaining amount will be collected as COD.
 [Buyer] Why the advance? I want 100% Cash on Delivery without any prior payment.
 [Merchant] We sympathize, but this is a strict company policy for items over 10,000 taka to prevent fake orders. You can verify our trade license and physical store in Multiplan Center.
 [Buyer] Sure, I'll pay the advance. Please share your bKash number.
 [Merchant] Thank you for understanding! Please send 500 taka to 01789879897 (Merchant) and share the TrxID.
 [Buyer] Sent 500 taka. TrxID is BK11X578P. Please deliver to: Shaheb Bazar, Master Para, Rajshahi. Mobile: 01611778899.
 [Merchant] Payment received and verified. Your order is confirmed. The remaining 30,537 taka will be collected on delivery.",yes,PURCHASE_COMMITTED,Comparator,Sony WH-1000XM5 Wireless Headphones,Audio & Visual Gear
10188,ENG_189,"[Buyer] Hey, I am interested in purchasing the Samsung T7 Shield 2TB Portable SSD. Is it available?
 [Merchant] Hello! Yes, the Samsung T7 Shield 2TB Portable SSD is available in our ready stock.
 [Buyer] Is this worth it over the previous generation?
 [Merchant] The main gains are in build quality and the warranty backing. Cheaper listings are often grey-market imports with no local service.
 [Buyer] Perfect. Just confirming, this is a completely sealed, unopened unit right?
 [Merchant] Yes, it is 100% official brand new, factory sealed with all accessories.
 [Buyer] If I take 3 units, can you give a better per-unit rate?
 [Merchant] For 3 or more units we can discuss a corporate rate. Please share your requirement in detail.
 [Buyer] Is it water resistant?
 [Merchant] Yes - it has an IP65 rating for water and dust resistance, making it great for outdoor shoots. Let me know if you need more detail.
 [Buyer] One more on the specs. Does it work with both Windows and Mac?
 [Merchant] Happy to clarify: yes, it ships exFAT formatted and works on Windows, macOS, and Android out of the box.
 [Buyer] Great. What's your best price for this item?
 [Merchant] Our selling price for this unit is 22,500 taka.
 [Buyer] What is your last price? I will take it for 20,937 taka.
 [Merchant] Margin is tight, but I want to make this sale. I'll agree to 21,719 taka.
 [Buyer] Can you shave off a little more? Round it to 21,219 taka and I'll confirm now.
 [Merchant] You drive a hard bargain. 21,219 taka, final.
 [Buyer] I need it delivered to my home. What's the procedure?
 [Merchant] We offer home delivery all over Bangladesh via Steadfast/Pathao. Inside Dhaka is 100 taka (24 hours), Outside Dhaka is 160 taka (48-72 hours). We just need 500 taka sent to our merchant bKash as a security deposit for the courier. The remaining amount will be collected as COD.
 [Buyer] I am not comfortable sending an advance. I've had bad experiences with pages taking advance and blocking. Can you do full COD?
 [Merchant] I completely understand your concern. The advance simply ensures you are a serious buyer and covers our return shipping risk if the parcel is rejected. You can check our page reviews and physical shop address for peace of mind.
 [Buyer] Okay, thanks for the information.
 [Merchant] No problem at all. We're here if anything changes.",no,DEFERRED_CONSIDERATION,LowBaller,Samsung T7 Shield 2TB Portable SSD,Computing & Peripherals
10189,ENG_190,"[Buyer] hi there! Hope you are having a nice day. Do you happen to have the Garmin Forerunner 265 GPS Watch available right now?
 [Merchant] yes in stock ready to ship
 [Buyer] that is wonderful! I was just wondering, how long does the battery usually last when you are using it in smartwatch mode?
 [Merchant] gives up to 13 days smartwatch mode, 20 hours gps
 [Buyer] Oh wow, that is plenty of time! How does the GPS hold up around town among all the tall buildings?
 [Merchant] multi-band gnss tech built in, keeps signal strong near tall buildings and trees
 [Buyer] That sounds super reliable. Am I right in thinking this particular version comes wiht the AMOLED screen too?
 [Merchant] sure yes, vibrant amoled touchscreen display on 265 model
 [Buyer] You are making this very tempting! Does it also handle sleep tracking and heart rate variability?
 [Merchant] tracks sleep stages, overnight hrv status, and morning readiness
 [Buyer] Brilliant. Could you tell me what the price is for this one?
 [Merchant] yes price is 46,500 taka
 [Buyer] Ah, I see. That is a bit more than I planned to spend, so is there any chance of a little discount?
 [Merchant] can drop to 45,034 taka final
 [Buyer] Okay, thank you so much for checking that for me, I appreciate your time.
 [Merchant] ok lmk when ready",no,DEFERRED_CONSIDERATION,LowBaller,Garmin Forerunner 265 GPS Watch,Sports & Fitness
10190,ENG_191,"[Buyer] Breville Barista Express Espresso Machine ready?
 [Merchant] yes hello, ma'am. Yes, the Breville Barista Express Espresso Machine is fully in stock and ready to ship out
 [Buyer] cheaper elsewhere. why your price?
 [Merchant] Lower pricing elsewhere usually means grey market goods, sir. We provide 100% official units with complete documentation
 [Buyer] color options?
 [Merchant] right we currently offer the Brushed Stainless Steel and Black Sesame finishes for you, ma'am
 [Buyer] well manual milk texturing for art?
 [Merchant] Yes, sir, the powerful steam wand lets you manually texture microfoam milk for latte art with ease. Please let me know if you require any further assistance.
 [Buyer] official warranty sealed?
 [Merchant] Indeed, ma'am. It is completely brand new and factory sealed, so you will be the very first person to open it.
 [Buyer] well price?
 [Merchant] The price for this genuine sealed unit is 78,000, taka sir.
 [Buyer] need to check month end budget. text later
 [Merchant] that is completely fine, ma'am. We will be right here whenever yuo are ready to proceed.",no,DEFERRED_CONSIDERATION,Comparator,Breville Barista Express Espresso Machine,Home & Kitchen Appliances
10191,ENG_192,"[Buyer] Hello! I saw your post regarding the Viofo A129 Pro Duo 4K Dash Cam. Do you have it?
 [Merchant] Hello! Yes, the Viofo A129 Pro Duo 4K Dash Cam is available in our ready stock.
 [Buyer] Great. What's your best price for this item?
 [Merchant] Our selling price for this unit is 23,500 taka.
 [Buyer] Could you give a small discount? My budget is closer to 21,617 taka.
 [Merchant] For you, 22,559 taka. That's genuinely the floor.
 [Buyer] Meet me at 22,359 taka and I'll pay immediately.
 [Merchant] That's really the limit - but fine, 22,359 taka since you're ordering today.
 [Buyer] Okay, I'm happy with 22,359 taka. Book it for me. I need it delivered to my home. What's the procedure?
 [Merchant] We use premium courier services. It takes 1 day for Dhaka (100 taka) and 2-3 days outside (160 taka). To confirm the order, we require a small 500 taka advance via bKash to cover the courier booking fee. The rest is Cash on Delivery.
 [Buyer] Sure, I'll pay the advance. Please share your bKash number.
 [Merchant] Thank you for understanding! Please send 500 taka to 01795214071 (Merchant) and share the TrxID.
 [Buyer] Sent 500 taka. TrxID is BK64X926P. Please deliver to: Flat 3A, House 7, Road 27, Mohammadpur, Dhaka. Mobile: 01923456789.
 [Merchant] Payment received and verified. Your order is confirmed. The remaining 21,959 taka will be collected on delivery.",yes,PURCHASE_COMMITTED,BulkBuyer,Viofo A129 Pro Duo 4K Dash Cam,Automotive & Riding Gear
10192,ENG_193,"[Buyer] Hi. Looking at teh Keychron Q1 Pro Custom Keyboard. Got any available?
 [Merchant] Hello there! Yes, we have it in stock and it's ready to ship out today :)
 [Buyer] let me confirm - physical stock on hand right now, correct? No waiting on suppliers?
 [Merchant] Definitely ready stock, absolutely no pre-orders here! It is sitting right on our display shelf.
 [Buyer] What's the exact weight spec on this board?
 [Merchant] Sure thing! The full aluminum build weighs around 1.6 kg, so it has a really solid feel on the desk.
 [Buyer] Need it urgently as a present. Is same-day dispatch possible?
 [Merchant] We'll definitely push yours through. Just confirm right now and we will hand it to our courier for today's pickup.
 [Buyer] alright sounds promising. what's your price on it?
 [Merchant] Our current price for this is 18,500 taka, friend!
 [Buyer] Any room to maneuver on that? My cap is fixed at 16,221 taka.
 [Merchant] Ah, we really can't go that low as it's right under our cost. 18,500 taka is our fixed price.
 [Buyer] ok. let u know.
 [Merchant] No worries at all, thanks for checking us out! Feel free to reach back whenever you're ready.",no,INQUIRY_DROPOUT,DeliveryObsessed,Keychron Q1 Pro Custom Keyboard,Computing & Peripherals
10193,ENG_194,"[Buyer] Hi, I want to buy the Dyson Purifier Cool TP07. Let me know if it's available.
 [Merchant] Hello. Yes, Dyson Purifier Cool TP07 is in stock.
 [Buyer] What makes your listing different from the ones on Daraz?
 [Merchant] It's a genuine step up, and more importantly ours is official stock with real warranty support.
 [Buyer] Is there any warranty coverage? For how long?
 [Merchant] Full 1-year warranty. Just bring the invoice and we handle the rest.
 [Buyer] Is it loud at night?
 [Merchant] Yes - there's a dedicated night mode that caps fan speed and dims the display.
 [Buyer] Quick one - how far does it oscillate?
 [Merchant] It features adjustable oscillation up to 350 degrees to project air across the whole room.
 [Buyer] Quick one - does it cool the room like an AC?
 [Merchant] Right, so No, it is a fan and purifier. It circulates purified air but does not have a compressor to lower the room temperature. Hope that helps!
 [Buyer] Quick one - does it connect to WiFi?
 [Merchant] Yes, you can control it and monitor air quality in real-time using the MyDyson app via WiFi. Anything else you'd like to know?
 [Buyer] One more on the specs. How often do filters need replacing?
 [Merchant] Roughly every 12 months at 12 hours of daily use; the app tracks remaining filter life. Hope that helps!
 [Buyer] Awesome. Before we proceed, is it completely brand new and factory sealed?
 [Merchant] Yes sir, we only deal in genuine, factory-sealed products. It's completely brand new.
 [Buyer] What's the rate on this one?
 [Merchant] The current official price is 68,000 taka.
 [Buyer] Could you give a small discount? My budget is closer to 65,144 taka.
 [Merchant] For you, 66,572 taka. That's genuinely the floor.
 [Buyer] Almost there. Do 66,272 taka and it's a deal.
 [Merchant] That's really the limit - but fine, 66,272 taka since you're ordering today.
 [Buyer] Deal at 66,272 taka. Let's proceed. Okay, how does the delivery process work?
 [Merchant] We offer home delivery all over Bangladesh via Steadfast/Pathao. Inside Dhaka is 100 taka (24 hours), Outside Dhaka is 160 taka (48-72 hours). To confirm the order, we require a small 500 taka advance via bKash to cover the courier booking fee. The rest is Cash on Delivery.
 [Buyer] Okay, I understand. I'll trust your page this time. Sending the advance now.
 [Merchant] Thank you for understanding! Please send 500 taka to 01796895801 (Merchant) and share the TrxID.
 [Buyer] Sent 500 taka. TrxID is BK33X291P. Please deliver to: Sector 7, Road 18, House 5, Uttara, Dhaka. Mobile: 01734567890.
 [Merchant] Payment received and verified. Your order is confirmed. The remaining 65,932 taka will be collected on delivery.",yes,PURCHASE_COMMITTED,TechSpecsNerd,Dyson Purifier Cool TP07,Home & Kitchen Appliances
10194,ENG_195,"[Buyer] Hello, good day. Please tell me if the Sony WH-1000XM5 Wireless Headphones are currently available with you?
 [Merchant] ok greetings. We can confirm that 100% authentic, factory-sealed units are currently available in our inventory, backed by our official store warranty.
 [Buyer] Thank you for the update. Could you kindly let me know the final price for these, please?
 [Merchant] The fixed retail price for this genuine unit is set at 32,000 taka, which includes all standard manufacturer warranties
 [Buyer] ok could you please explain how the delivery works and what the shipping fees will be?
 [Merchant] ok we dispatch all items via secure, insured courier partners. Delivery inside Dhaka requires 1 day and costs 100 taka, whereas deliveries outside Dhaka take 2-3 days for 160 taka. Please note that a 500 taka advance payment via bKash is mandatory to validate your order, and the remaining amount will be collected through Cash on Delivery (COD).
 [Buyer] Thank you, full Cash on Delivery works well for me, so please let us proceed with the purchase.
 [Merchant] Excellent. To officially log your warranty-backed parcel into our secure dispatch system, please provide your complete delivery address along with your active mobile number.
 [Buyer] here is my delivery information, thank you: Address: Station Road, Gopalganj Sadar, Gopalganj. Mobile: 01687654321.
 [Merchant] Your order has been successfully verified and logged into our dispatch system. The complete amount of 32,160 taka will be payable in full to the courier representative upon delivery.",yes,PURCHASE_COMMITTED,TechSpecsNerd,Sony WH-1000XM5 Wireless Headphones,Audio & Visual Gear
10195,ENG_196,"[Buyer] viofo A129 Pro Duo 4K Dash Cam stock status?
 [Merchant] Yes! The Viofo A129 Pro Duo 4K Dash Cam is fully in stock and ready to ship out today!
 [Buyer] Price?
 [Merchant] It is an absolute steal at only 23,500 taka!
 [Buyer] SD card included?
 [Merchant] Nope, the MicroSD card is sold separately! We definitely suggest grabbing one of our High Endurance cards for best performance.
 [Buyer] GPS included?
 [Merchant] yuo bet! It comes with the bundled GPS mount that instantly logs your speed and location on video.
 [Buyer] Heat resistance?
 [Merchant] sure it features a supercapacitor instead of a standard battery, meaning it handles intense heat effortlessly!
 [Buyer] ok need delivery by tomorrow evening.
 [Merchant] We can totally do same-day delivery inside Dhaka via Pathao for around 200 taka!
 [Buyer] ok factory sealed?
 [Merchant] 100% genuine and factory sealed with all original accessories inside!
 [Buyer] Can you do 22,458 taka?
 [Merchant] That's a bit low, but let's make it happen at 22,979 taka just for you!
 [Buyer] Outer Dhaka shipping terms?
 [Merchant] Shipping is 100 taka for Dhaka and 160 taka outside! Everything is fully insured. Just send a quick 500 taka advance via bKash to lock it in, and pay the rest via COD
 [Buyer] Need to think about the advance payment.
 [Merchant] take all the time you need! Just let me know whenever you're ready to lock in this amazing deal!",no,DEFERRED_CONSIDERATION,DeliveryObsessed,Viofo A129 Pro Duo 4K Dash Cam,Automotive & Riding Gear
10196,ENG_197,"[Buyer] Hello, is the Sony WH-1000XM5 Wireless Headphones currently in stock?
 [Merchant] Hello! Yes, the Sony WH-1000XM5 Wireless Headphones is available in our ready stock.
 [Buyer] Great. What condition is it in? Is it 100% intact?
 [Merchant] Of course. It's an official global version, sealed box, with full warranty.
 [Buyer] Do you have a video of the actual product in your shop?
 [Merchant] Sure, sending a live photo of the sealed unit from our shelf right now.
 [Buyer] Quick one - does it support multi-point Bluetooth connection?
 [Merchant] Right, so Yes, you can connect it to two devices simultaneously, like your phone and laptop.
 [Buyer] One more on the specs. How is the active noise cancellation compared to the XM4?
 [Merchant] Good question. The XM5 uses two processors and 8 microphones for significantly improved noise cancellation, especially for high-frequency sounds.
 [Buyer] One more on the specs. Is there a quick charge feature?
 [Merchant] Let me confirm that for you. Yes, 3 minutes of charging gives you around 3 hours of playback.
 [Buyer] What kind of warranty do I get with this?
 [Merchant] Official 1-year coverage. Physical damage and water damage are excluded, as usual.
 [Buyer] What is the price? Please let me know.
 [Merchant] The current official price is 32,000 taka.
 [Buyer] That's a bit steep. Can you offer any discount on that?
 [Merchant] Alright, I can give a small concession. Final price 31,309 taka. Deal?
 [Buyer] 31,309 taka works. Please confirm my order. What are the delivery options and charges?
 [Merchant] We use premium courier services. It takes 1 day for Dhaka (100 taka) and 2-3 days outside (160 taka). Since it's a high-value item, our policy requires a 500 taka advance payment. You can pay the rest to the delivery man.
 [Buyer] Alright, that makes sense. I will send the 500 taka advance.
 [Merchant] Thank you for understanding! Please send 500 taka to 01789362816 (Merchant) and share the TrxID.
 [Buyer] Sent 500 taka. TrxID is BK31X292P. Please deliver to: Sector 7, Road 18, House 5, Uttara, Dhaka. Mobile: 01923456789.
 [Merchant] Payment received and verified. Your order is confirmed. The remaining 30,969 taka will be collected on delivery.",yes,PURCHASE_COMMITTED,TrustSeeker,Sony WH-1000XM5 Wireless Headphones,Audio & Visual Gear
10197,ENG_198,"[Buyer] Hello, is the Breville Barista Express Espresso Machine currently in stock?
 [Merchant] Hi! Absolutely, we have it ready for you.
 [Buyer] What is the water tank capacity?
 [Merchant] The removable tank holds 2 litres, which is roughly 15-18 double shots.
 [Buyer] Also, does it have a built-in grinder?
 [Merchant] Happy to clarify: yes, it has an integrated precision conical burr grinder with dose control. Let me know if you need more detail.
 [Buyer] One more on the specs. How long does it take to heat up?
 [Merchant] Right, so About 30 seconds from cold to first shot thanks to the Thermocoil. Let me know if you need more detail.
 [Buyer] I see. And Can I manually texture milk for latte art?
 [Merchant] To be precise, yes, the powerful steam wand allows you to hand-texture microfoam milk perfect for latte art. Let me know if you need more detail.
 [Buyer] What makes your listing different from the ones on Daraz?
 [Merchant] It's a genuine step up, and more importantly ours is official stock with real warranty support.
 [Buyer] I had a technical question. Can I manually texture milk for latte art?
 [Merchant] Right, so Yes, the powerful steam wand allows you to hand-texture microfoam milk perfect for latte art.
 [Buyer] I see. And Is it a single or dual boiler?
 [Merchant] It uses a single Thermocoil heating system, meaning you brew espresso and steam milk sequentially, not simultaneously. That's straight from the official spec sheet.
 [Buyer] I see. And What size is the portafilter?
 [Merchant] Checking the spec sheet - it comes with a standard 54mm stainless steel portafilter. Hope that helps!
 [Buyer] Quick one - does it have a built-in grinder?
 [Merchant] Happy to clarify: yes, it has an integrated precision conical burr grinder with dose control.
 [Buyer] Alright, got it. Thanks.
 [Merchant] Okay, noted. Thanks for reaching out to us.",no,INQUIRY_DROPOUT,Standard,Breville Barista Express Espresso Machine,Home & Kitchen Appliances
10198,ENG_199,"[Buyer] Hi, I want to buy the Garmin Forerunner 265 GPS Watch. Let me know if it's available.
 [Merchant] Greetings! Yes, we have brand new units in stock.
 [Buyer] Another thing: can I store music directly on the watch?
 [Merchant] Absolutely, it has 8GB of internal storage so you can download Spotify playlists for phone-free running.
 [Buyer] Does it track sleep and HRV?
 [Merchant] Checking the spec sheet - it does - overnight HRV status, sleep stages, and a morning readiness score.
 [Buyer] Understood. Could you let me know the current price?
 [Merchant] We are currently offering it for 46,500 taka.
 [Buyer] I've seen it slightly cheaper elsewhere. Can you do 44,757 taka?
 [Merchant] Since you are confirming today, I can meet you in the middle at 45,629 taka.
 [Buyer] Meet me at 45,129 taka and I'll pay immediately.
 [Merchant] That's really the limit - but fine, 45,129 taka since you're ordering today.
 [Buyer] Alright, 45,129 taka sounds fair. I'll take it. What are the delivery options and charges?
 [Merchant] Delivery is 100 taka inside Dhaka and 160 taka outside. We dispatch immediately upon order confirmation. For order confirmation, a 500 taka advance via bKash is mandatory. The balance is full Cash on Delivery (COD).
 [Buyer] Fair enough. I'll send the 500 taka to confirm the booking.
 [Merchant] Thank you for understanding! Please send 500 taka to 01717234307 (Merchant) and share the TrxID.
 [Buyer] Sent 500 taka. TrxID is BK43X275P. Please deliver to: Kandirpar, Victoria College Road, Cumilla. Mobile: 01734567890.
 [Merchant] Payment received and verified. Your order is confirmed. The remaining 44,729 taka will be collected on delivery.",yes,PURCHASE_COMMITTED,LowBaller,Garmin Forerunner 265 GPS Watch,Sports & Fitness
10199,ENG_200,"[Buyer] Hello, is the Garmin Forerunner 265 GPS Watch currently in stock?
 [Merchant] Hi there! Thanks for reaching out. We do have it available.
 [Buyer] I see. And Can I store music directly on the watch?
 [Merchant] Checking the spec sheet - absolutely, it has 8GB of internal storage so you can download Spotify playlists for phone-free running. Anything else you'd like to know?
 [Buyer] Is it waterproof for swimming?
 [Merchant] Checking the spec sheet - yes, it carries a 5 ATM rating, so pool and open-water swimming are both fine.
 [Buyer] Another thing: does it track sleep and HRV?
 [Merchant] Good question. It does - overnight HRV status, sleep stages, and a morning readiness score.
 [Buyer] Another thing: what is the battery life in smartwatch mode?
 [Merchant] It lasts up to 13 days in smartwatch mode, or up to 20 hours in GPS mode.
 [Buyer] Thanks. How much does it cost in total?
 [Merchant] We are currently offering it for 46,500 taka.
 [Buyer] That's a bit steep. Can you offer any discount on that?
 [Merchant] For you, 45,711 taka. That's genuinely the floor.
 [Buyer] Almost there. Do 45,211 taka and it's a deal.
 [Merchant] That's really the limit - but fine, 45,211 taka since you're ordering today.
 [Buyer] Almost there. Do 44,922 taka and it's a deal.
 [Merchant] You drive a hard bargain. 44,922 taka, final.
 [Buyer] 44,922 taka works. Please confirm my order. How fast can you deliver it to my address?
 [Merchant] We use premium courier services. It takes 1 day for Dhaka (100 taka) and 2-3 days outside (160 taka). To confirm the order, we require a small 500 taka advance via bKash to cover the courier booking fee. The rest is Cash on Delivery.
 [Buyer] Okay, I understand. I'll trust your page this time. Sending the advance now.
 [Merchant] Thank you for understanding! Please send 500 taka to 01764394590 (Merchant) and share the TrxID.
 [Buyer] Sent 500 taka. TrxID is BK10X346P. Please deliver to: Shaheb Bazar, Master Para, Rajshahi. Mobile: 01822334455.
 [Merchant] Payment received and verified. Your order is confirmed. The remaining 44,522 taka will be collected on delivery.",yes,PURCHASE_COMMITTED,LowBaller,Garmin Forerunner 265 GPS Watch,Sports & Fitness
10200,ENG_201,"[Buyer] Hello, could you please let me know if the Sony WH-1000XM5 Wireless Headphones are available? Thank you.
 [Merchant] Hello! Yes, they are fully in stock and ready to dispatch out to you today!
 [Buyer] Could you please tell me if it supports multi-point Bluetooth connection? Thank you.
 [Merchant] Absolutely! You can easily pair it with two devices at the exact same time, such as your laptop and phone.
 [Buyer] I really need to receive this before tomorrow evening, please. Would that be possible?
 [Merchant] We can definitely do same-day delivery inside Dhaka using Pathao, though the delivery charge will be a bit higher at around 200 taka.
 [Buyer] That sounds good, please. What is your absolute best price for this item?
 [Merchant] This item is fixed at 32,000 taka, which is our best price.
 [Buyer] Ah, that is quite a bit over my budget, unfortunately. I will have to pass on it this time, but thank you.
 [Merchant] That is completely fine! Wishing you the absolute best with your search today!",no,INQUIRY_DROPOUT,DeliveryObsessed,Sony WH-1000XM5 Wireless Headphones,Audio & Visual Gear
10201,ENG_202,"[Buyer] ok hi looking for Viofo A129 Pro Duo 4K Dash Cam u guys hvae it
 [Merchant] Good afternoon, sir. Yes, the Viofo A129 Pro Duo 4K Dash Cam is currently available in our inventory.
 [Buyer] great um is it untouched and packed in factory seal
 [Merchant] We assure you it is 100% brand new and factory sealed, ma'am. You will be the very first person to break the seal.
 [Buyer] got any papers or bill to prove its legit import
 [Merchant] Certainly, I am sending over a photograph with our official shop card placed right beside the item for your peace of mind.
 [Buyer] who fixes it if something breaks down later
 [Merchant] We provide a 1-year replacement warranty covering any manufacturing defects, which is handled directly at our physical outlet, sir.
 [Buyer] wait does a memory card come inside box
 [Merchant] No, sir, the MicroSD card is not included and needs to be bought separately. We strongly suggest using High Endurance cards
 [Buyer] does it track gps too
 [Merchant] Indeed, it comes with a bundled GPS mount that automatically embeds your speed and location data directly onto the recorded video, ma'am.
 [Buyer] how much is it btw
 [Merchant] The fixed price for this unit is 23,500 taka, sir.
 [Buyer] k need to review month end funds first before ordering will text back later
 [Merchant] That is completely fine, ma'am. Please take your time, and we will be right here if yuo need any further assistance",no,DEFERRED_CONSIDERATION,TrustSeeker,Viofo A129 Pro Duo 4K Dash Cam,Automotive & Riding Gear
10202,ENG_203,"[Buyer] hey quick q... u guys got the Dyson Purifier Cool TP07 rn?
 [Merchant] Hello! Absolutely, we have fresh brand new units ready to ship out today!
 [Buyer] wait does it actually chill the room like a real ac tho?
 [Merchant] Just to be completely clear, it is a high-end fan and purifier combo! It blasts clean air all around but lacks a compressor to drop actual room temps. Don't worry though, it feels amazing!
 [Buyer] hmm ok. umm when do the filters gotta be swapped out?
 [Merchant] Great question! Usually about every 12 months assuming roughly 12 hours of daily use, and the handy app literally tracks the remaining filter life for you so you never have to guess!
 [Buyer] ok cool thnx for letting me know
 [Merchant] You are so welcome! Let us know whenever you are ready to grab yours before we run out!",no,DEFERRED_CONSIDERATION,Ghoster,Dyson Purifier Cool TP07,Home & Kitchen Appliances
10203,ENG_204,"[Buyer] ok hello, could you please tell me if the Samsung T7 Shield 2TB Portable SSD is currently available in ready stock? Thank you.
 [Merchant] Hello! Yes friend, we definitely have the Samsung T7 Shield 2TB Portable SSD ready for you in stock.
 [Buyer] That is wonderful. Before going ahead, please let me know if it is completely brand new and factory sealed?
 [Merchant] Absolutely, it is 100% brand new and factory sealed. You will be the very first person to open it up!
 [Buyer] Could you please tell me if there is any warranty coverage included, and for how long it lasts? Thank you
 [Merchant] ok we provide a solid 1-year replacement warranty covering any manufacturing defects, and we handle everything right at our outlet for your convenience
 [Buyer] i understand. Could you also please let me know if it works properly with both Windows and Mac computers?
 [Merchant] Happy to clarify: yes, it arrives pre-formatted in exFAT so it works seamlessly on Windows, macOS, and Android right out of the box. Hope that helps you decide!
 [Buyer] Thank you for explaining. Please tell me if there is any choice of different colors or finishes available?
 [Merchant] right now we have Black, Beige, and Blue available in stock. Best part is that all of them are at the exact same price
 [Buyer] Could yuo please explain what makes your listing different from the ones I see listed on Daraz?
 [Merchant] price differences happen because of unofficial imports, but ours is completely official and comes with all the proper paperwork.
 [Buyer] Would it be possible for me to see the invoice or import papers to verify that it is truly official please?
 [Merchant] yes sure thing! I am attaching a real photo right now with our shop card placed right next to it so you can verify everything easily.
 [Buyer] Another shop is offering a similar item for a lower price. Could you please tell me why I should buy from yuo instead?
 [Merchant] our product is a genuine step up in quality, and most importantly, ours is official stock backed by real warranty support yuo can trust
 [Buyer] Based on that information, I think the other option suits my needs better. Thank you very much for all your help.
 [Merchant] No problem at all. Have a wonderful day ahead!",no,INQUIRY_DROPOUT,Skeptic,Samsung T7 Shield 2TB Portable SSD,Computing & Peripherals
10204,ENG_205,"[Buyer] hope u are having a good day... just wanted to check if u have the Fujifilm X-T30 II Mirrorless Camera in stock right now
 [Merchant] hello, yes in stock ready to ship right now.
 [Buyer] ah nice! plz let me know how much it costs when u get a second
 [Merchant] price is 98,000 taka
 [Buyer] wondering if u can drop the price a bit if i decide to pick up 3 units?
 [Merchant] right for 3+ units possible corp discount. tell me exact req please.
 [Buyer] oh by the way, does this model come with in-body image stabilization (IBIS) built in?
 [Merchant] nope, x-t30 ii lacks ibis. uses lens ois instead, fully covered.
 [Buyer] thanks for clarifying that! just one more quick question, is there a plug for an external mic?
 [Merchant] yes 3.5mm mic jack included, usb-c handles headphones.
 [Buyer] gotcha... do u guys cover things like manufacturing defects under warranty?
 [Merchant] full 1-year warranty. bring invoice if any issue.
 [Buyer] sounds good! could u explain how teh shipping and payment usually work?
 [Merchant] dhaka delivery 100 taka, outside is 160 taka. all insured. 500 taka advance required for high value items, rest cash on delivery
 [Buyer] that sounds totally fair to me... let me send over that 500 taka right away
 [Merchant] thanks! send 500 taka to 01790786834 (Merchant) and drop the TrxID here.
 [Buyer] done! sent the 500 taka, TrxID is BK31X250P. plz send it to Kandirpar, Victoria College Road, Cumilla. my phone is 01711223388 thnx!
 [Merchant] payment checked ok. order confirmed. balance 97,600 taka due on delivery.",yes,PURCHASE_COMMITTED,LowBaller,Fujifilm X-T30 II Mirrorless Camera,Audio & Visual Gear
10205,ENG_206,"[Buyer] hmm hello, could you please tell me if teh Garmin Forerunner 265 GPS Watch is currently available? Thank you
 [Merchant] Greetings. All items are verified authentic and brand new units are currently in stock
 [Buyer] If there are any issues later on, could you please let me know who manages the warranty claims? Thank yuo
 [Merchant] Every purchase includes a full 1-year warranty. Simply present your invoice and our service center handles the rest under standard policy
 [Buyer] Could you please tell me if this watch is waterproof enough for swimming? Thank you.
 [Merchant] Yes, it is built with a 5 ATM rating, meaning both pool and open-water swimming are fully supported under our waterproof specifications
 [Buyer] i was also wondering, please, if I can save my music directly onto this watch? Thank you.
 [Merchant] sure certainly, it features 8GB of internal storage to hold your downloaded Spotify playlists for phone-free running. Our warranty covers all hardware features.
 [Buyer] Could you please tell me how precise the GPS is when used in the city? Thank you.
 [Merchant] It incorporates Multi-band GNSS technology, ensuring high precision positioning even around tall buildings or dense trees.
 [Buyer] also, does this particular model come with an AMOLED screen, please? Thank you
 [Merchant] to confirm precisely, yes, the Forerunner 265 comes equipped wiht a bright, vibrant AMOLED touchscreen display.
 [Buyer] Could you please let me know the battery life when it is running in smartwatch mode? Thank you
 [Merchant] it operates for up to 13 days in smartwatch mode, or up to 20 hours in GPS mode, backed by our official manufacturer specifications.
 [Buyer] well another store is selling something similar for less... could you please explain why I should buy from you? Thank you.
 [Merchant] Our units are guaranteed authentic, and more importantly, every purchase comes with official stock status and reliable warranty support.
 [Buyer] Alright then. Could you please tell me the final price for this item? Thank you.
 [Merchant] The standard price is 46,500 taka, all inclusive
 [Buyer] That is a bit high for me. Is there any discount you can offer on that price, please? Thank you.
 [Merchant] While 45,430 is not possible, as a special promotional price for a confirmed deal, we can offer it at 45,965 taka
 [Buyer] could we please settle at 45,465 taka and I will complete the payment right away? Thank you.
 [Merchant] Very well, 45,465 taka is approved. Please note thsi is our final price adjustment under company policy.
 [Buyer] How quickly can you send the delivery to my address, please? Thank you.
 [Merchant] Our secure delivery charge is 100 taka inside Dhaka and 160 taka outside. All shipments are fully insured under our logistics policy.
 [Buyer] Understood. Let me check my calendar for when I can receive it, and I will confirm shortly, please. Thank you.
 [Merchant] That is entirely fine. Our customer service team remains at your disposal should you require further assistance.",no,DEFERRED_CONSIDERATION,TechSpecsNerd,Garmin Forerunner 265 GPS Watch,Sports & Fitness
10206,ENG_207,"[Buyer] Hello! I saw your post regarding the Dyson Purifier Cool TP07. Do you have it?
 [Merchant] Hello! In stock and ready to dispatch today.
 [Buyer] Understood. Could you let me know the current price?
 [Merchant] Our selling price for this unit is 68,000 taka.
 [Buyer] Another thing: how often do filters need replacing?
 [Merchant] Certainly. Roughly every 12 months at 12 hours of daily use; the app tracks remaining filter life.
 [Buyer] Quick one - what kind of filters does it use?
 [Merchant] Right, so It uses a fully sealed HEPA H13 standard filter that captures 99.97% of particles as small as 0.3 microns.
 [Buyer] Any chance this is a used or open-box piece?
 [Merchant] Brand new, untouched, seal intact. We don't sell refurbished items at all.
 [Buyer] Who handles warranty claims if something goes wrong?
 [Merchant] 1-year replacement warranty against manufacturing defects, processed at our outlet.
 [Buyer] Do you have a video of the actual product in your shop?
 [Merchant] Yes, I can share the import invoice. We're a registered importer.
 [Buyer] Okay, how does the delivery process work?
 [Merchant] We use premium courier services. It takes 1 day for Dhaka (100 taka) and 2-3 days outside (160 taka). We just need 500 taka sent to our merchant bKash as a security deposit for the courier. The remaining amount will be collected as COD.
 [Buyer] I prefer paying everything when I have the product in my hands. Can we skip the advance?
 [Merchant] Sir, it's just 500 taka for courier security. We have a solid 5-year track record and thousands of reviews. We cannot bypass this policy, unfortunately.
 [Buyer] Alright, that makes sense. I will send the 500 taka advance.
 [Merchant] Thank you for understanding! Please send 500 taka to 01736768802 (Merchant) and share the TrxID.
 [Buyer] Sent 500 taka. TrxID is BK30X162P. Please deliver to: Agrabad Commercial Area, GEC Circle, Chattogram. Mobile: 01822334455.
 [Merchant] Payment received and verified. Your order is confirmed. The remaining 67,600 taka will be collected on delivery.",yes,PURCHASE_COMMITTED,TrustSeeker,Dyson Purifier Cool TP07,Home & Kitchen Appliances
10207,ENG_208,"[Buyer] hey there! hope u are well. i was looking at the Samsung T7 Shield 2TB Portable SSD... are u guys still offering it?
 [Merchant] yes greetings. All items listed on our page are genuine and authentic. We confirm that the Samsung T7 Shield 2TB Portable SSD is currently available in our inventory
 [Buyer] oh thats wonderful to hear... umm just wondering how fast it can get delivered? really need it asap u know
 [Merchant] We provide prompt fulfillment. If you confirm your order immediately, your item will be dispatched with today's scheduled courier pickup
 [Buyer] does it handle water okay? just curious..
 [Merchant] This product features an IP65 rating for water and dust resistance, making it suitable for outdoor shoots. This specification is verified by the manufacturer's official documentation.
 [Buyer] gotcha! just one more quick tech question... will it connect to both windows and mac smoothly?
 [Merchant] To confirm compatibility, it is shipped pre-formatted in exFAT and functions seamlessly with Windows, macOS, and Android systems directly out of the box.
 [Buyer] do u happen to have different color choices or finishes for this one?
 [Merchant] our current inventory includes Black, Beige, adn Blue finishes. All units carry our standard store warranty for authenticity.
 [Buyer] just to double check, is this actually ready stock right now or do i have to wait for a pre-order?
 [Merchant] we maintain physical stock in our retail outlet, ensuring no pre-order delays. Dispatch can occur today as promised under our fulfillment policy
 [Buyer] ah ok nice... appreciate all the details. how much is it coming to?
 [Merchant] the fixed retail price for this unit is set at 22,500, taka inclusive of official warranty coverage
 [Buyer] ah thats a bit too high for me tbh... sadly gonna have to pass on it thsi time, thnx anyway!
 [Merchant] understood. Our customer service channel remains available should you require genuine electronics in the future.",no,INQUIRY_DROPOUT,Urgent,Samsung T7 Shield 2TB Portable SSD,Computing & Peripherals
10208,ENG_209,"[Buyer] garmin forerunner 265 gps watch. u got it?
 [Merchant] Hello, sir! Yes, it is currently in stock and we are ready to dispatch it today.
 [Buyer] wait... can i swim with it? is it fully waterproof or what
 [Merchant] Yes, ma'am, it features a 5 ATM rating, meaning you can safely use it for both pool and open-water swimming.
 [Buyer] ok how much for it exactly
 [Merchant] The price for thsi model is 46,500 taka, sir.
 [Buyer] right send home? shipping cost?
 [Merchant] We ship via trusted couriers, ma'am. Delivery takes 1 day inside Dhaka for 100 taka or 2-3 days outside for 160 taka. We require a 500 taka advance via merchant bKash to secure the delivery, and the rest is paid via cash on delivery
 [Buyer] hmm um ok... hope u aint scamming me. sending advance now
 [Merchant] Thank you for trusting us, sir! Kindly send the 500 taka to our merchant number 01792028295 and share the TrxID with us
 [Buyer] done. 500 sent. TrxID BK50X672P. ship to House 14, Road 3, Dhanmondi, Dhaka. ph 01822334455
 [Merchant] right we have successfully received and verified your payment, ma'am. Your order is now confirmed, and the remaining balance of 46,100 taka will be collected upon delivery.",yes,PURCHASE_COMMITTED,DeliveryObsessed,Garmin Forerunner 265 GPS Watch,Sports & Fitness
10209,ENG_210,"[Buyer] hi looking at garmin forerunner 265 gps watch u got it in stock
 [Merchant] Greetings. Thank you for contacting our store. We can confirm that the item is currently in stock, 100% genuine, and backed by our official manufacturer warranty.
 [Buyer] does it have amoled display
 [Merchant] Indeed it does. The Forerunner 265 is equipped with a vibrant AMOLED touchscreen display for optimal clarity. All our products are authentic and certified.
 [Buyer] can u put music on it directly
 [Merchant] Yes, it features 8GB of internal storage to accommodate your offline music playlists. Every device comes with full warranty coverage for peace of mind.
 [Buyer] does it measure hrv n sleep too
 [Merchant] Certainly. The device comprehensively tracks overnight HRV status alongside detailed sleep stages and provides a morning training readiness score.
 [Buyer] how long battery last normal use
 [Merchant] The battery provides up to 13 days of power in smartwatch mode, or up to 20 hours when using continuous GPS mode. All official units include standard warranty protection.
 [Buyer] ok thnx for all info
 [Merchant] You are most welcome. Thank you for choosing our store for your electronic needs. Please feel free to reach out anytime for further assistance.",no,INQUIRY_DROPOUT,Skeptic,Garmin Forerunner 265 GPS Watch,Sports & Fitness
10210,ENG_211,"[Buyer] dyson Purifier Cool TP07 available?
 [Merchant] ok hello! Yes, it is fully in stock and ready to ship out right away.
 [Buyer] Send shop video of the item.
 [Merchant] Sure thing! Here is a quick video showing the actual box right here in our store.
 [Buyer] Pre-order or physical stock? Need clarification.
 [Merchant] We hvae it physically in hand, ready to go. Feel free to drop by our outlet to inspect it too!
 [Buyer] Is it completely sealed and unopened?
 [Merchant] Absolutely, 100% brand new and factory sealed. You will be the very first person to break the seal
 [Buyer] WiFi connection supported?
 [Merchant] Yes! You can easily manage it and check live air stats through WiFi via the MyDyson app
 [Buyer] waht is the oscillation range?
 [Merchant] It can oscillate up to 350 degrees to spread purified air all across the room efficiently.
 [Buyer] Is it noisy at night?
 [Merchant] that's a great question! It includes a special night mode that lowers fan noise adn dims the LED display.
 [Buyer] Filter replacement schedule?
 [Merchant] Let me double-check that for you. Generally around 12 months assuming 12 hours of daily use, adn the app will monitor the filter health for you. Hope that helps!
 [Buyer] Who provides the warranty service?
 [Merchant] It comes with an official 1-year warranty. As standard policy, physical damage and water damage are not covered
 [Buyer] State the price.
 [Merchant] The price for this authentic sealed piece is 68,000 taka.
 [Buyer] Will review and get back.
 [Merchant] Alright, no problem at all. Thanks for getting in touch with us!",no,DEFERRED_CONSIDERATION,TrustSeeker,Dyson Purifier Cool TP07,Home & Kitchen Appliances
10211,ENG_212,"[Buyer] hi, do u hav dyson purifier cool tp07 right now
 [Merchant] right greetings, sir! Yes, we currently have brand new units available in our physical inventory.
 [Buyer] hmm sure its not used or smth? need brand new only
 [Merchant] We assure you it is 100% brand new and factory sealed, ma'am. You will be the very first person to break the seal
 [Buyer] quick question... does it connect to wifi
 [Merchant] Yes, absolutely! You can easily control it and track air quality live over WiFi using the MyDyson app.
 [Buyer] will it cool my room like a regular ac
 [Merchant] That is a very common question, sir. No, it functions as a purifier and fan, so while it blows clean circulating air, it lacks an AC compressor to chill the room. Is there anything else you need assistance with?
 [Buyer] ok cool whats the last price on this
 [Merchant] The price for this authentic sealed unit is 68,000 taka.
 [Buyer] thnx for all the deets let me think abt it n ill get back
 [Merchant] you are very welcome, ma'am. Take your time, and have a wonderful day!",no,DEFERRED_CONSIDERATION,Ghoster,Dyson Purifier Cool TP07,Home & Kitchen Appliances
10212,ENG_213,"[Buyer] Hello, is the Viofo A129 Pro Duo 4K Dash Cam currently in stock?
 [Merchant] Hello! Yes, the Viofo A129 Pro Duo 4K Dash Cam is available in our ready stock.
 [Buyer] One more on the specs. Does it come with an SD card?
 [Merchant] To be precise, no, the MicroSD card must be purchased separately. We recommend High Endurance cards.
 [Buyer] How does it handle heat in summer?
 [Merchant] Good question. It uses a supercapacitor instead of a battery, which is far more heat-tolerant for Bangladesh summers. Hope that helps!
 [Buyer] Quick one - is the rear camera also 4K?
 [Merchant] Right, so No, the front camera records in true 4K (Sony Exmor R), while the rear camera records in 1080p (Sony Starvis). Anything else you'd like to know?
 [Buyer] One more on the specs. Is there a GPS logger?
 [Merchant] Happy to clarify: yes, the bundled GPS mount stamps speed and location onto the footage. Anything else you'd like to know?
 [Buyer] Quick one - does it have built-in WiFi to download videos?
 [Merchant] Yes, it features dual-band (2.4GHz & 5GHz) WiFi for fast video transfers to your phone.
 [Buyer] Is there any warranty coverage? For how long?
 [Merchant] Official 1-year coverage. Physical damage and water damage are excluded, as usual.
 [Buyer] Quick one - does it have built-in WiFi to download videos?
 [Merchant] Checking the spec sheet - yes, it features dual-band (2.4GHz & 5GHz) WiFi for fast video transfers to your phone.
 [Buyer] Another thing: how does it handle heat in summer?
 [Merchant] It uses a supercapacitor instead of a battery, which is far more heat-tolerant for Bangladesh summers.
 [Buyer] Quick one - does it record while parked?
 [Merchant] Happy to clarify: yes, but you need to purchase and install the optional HK3 Hardwire Kit to enable buffered parking mode. That's straight from the official spec sheet.
 [Buyer] Another thing: does it come with an SD card?
 [Merchant] No, the MicroSD card must be purchased separately. We recommend High Endurance cards.
 [Buyer] Quick one - is there a GPS logger?
 [Merchant] Good question. Yes, the bundled GPS mount stamps speed and location onto the footage.
 [Buyer] I see. Unfortunately that spec doesn't meet my requirements. Thanks anyway.
 [Merchant] We understand. We don't compromise on quality or warranty. Have a good day.",no,INQUIRY_DROPOUT,TechSpecsNerd,Viofo A129 Pro Duo 4K Dash Cam,Automotive & Riding Gear
10213,ENG_214,"[Buyer] hey u guys got the Keychron Q1 Pro Custom Keyboard in stock rn?
 [Merchant] Hello! Yes, we currently have the Keychron Q1 Pro Custom Keyboard fully in stock and ready to ship out to you.
 [Buyer] wait one more thing... does it work with a wireless 2.4GHz dongle or is it strictly Bluetooth 5.1?
 [Merchant] Let me clarify that detail for you! teh Q1 Pro supports Bluetooth 5.1 alongside a reliable Type-C wired connection, though it doesn't include a 2.4GHz dongle in the box. Please let us know if you need any other details!
 [Buyer] hmm some other store has something similar for less tho why buy urs?
 [Merchant] yes our units are of superior quality and, most importantly, completely official stock backed by genuine warranty support so you are fully covered.
 [Buyer] ok then imma grab the other one thnx for being honest tho
 [Merchant] yes not a problem at all, thank you for chatting with us today. Feel free to keep us in mind for any future purchases!",no,INQUIRY_DROPOUT,LowBaller,Keychron Q1 Pro Custom Keyboard,Computing & Peripherals
10214,ENG_215,"[Buyer] Hey, I am interested in purchasing the Viofo A129 Pro Duo 4K Dash Cam. Is it available?
 [Merchant] Greetings! Yes, we have brand new units in stock.
 [Buyer] Great. What's your best price for this item?
 [Merchant] It's 23,500 taka, all inclusive.
 [Buyer] What kind of warranty do I get with this?
 [Merchant] 1-year replacement warranty against manufacturing defects, processed at our outlet.
 [Buyer] I had a technical question. Does it record while parked?
 [Merchant] Happy to clarify: yes, but you need to purchase and install the optional HK3 Hardwire Kit to enable buffered parking mode. Let me know if you need more detail.
 [Buyer] Quick one - is there a GPS logger?
 [Merchant] Checking the spec sheet - yes, the bundled GPS mount stamps speed and location onto the footage. Hope that helps!
 [Buyer] I see. And How does it handle heat in summer?
 [Merchant] Right, so It uses a supercapacitor instead of a battery, which is far more heat-tolerant for Bangladesh summers. That's straight from the official spec sheet.
 [Buyer] Great. What condition is it in? Is it 100% intact?
 [Merchant] Yes sir, we only deal in genuine, factory-sealed products. It's completely brand new.
 [Buyer] Could you share a picture of the sealed box with today's date?
 [Merchant] Yes, I can share the import invoice. We're a registered importer.
 [Buyer] Is there a choice of colors or finishes?
 [Merchant] We currently stock Standard Bundle, Bundle + HK3 Kit. All at the same price.
 [Buyer] I've seen it slightly cheaper elsewhere. Can you do 21,657 taka?
 [Merchant] Alright, I can give a small concession. Final price 22,579 taka. Deal?
 [Buyer] Almost there. Do 22,079 taka and it's a deal.
 [Merchant] You drive a hard bargain. 22,079 taka, final.
 [Buyer] Appreciate the discount. Still, I want to think it through before confirming.
 [Merchant] Sure thing. Have a good day!",no,DEFERRED_CONSIDERATION,Skeptic,Viofo A129 Pro Duo 4K Dash Cam,Automotive & Riding Gear
10215,ENG_216,"[Buyer] hi there! hope u guys are doing well... do u happen to have the Keychron Q1 Pro Custom Keyboard available right now?
 [Merchant] sure greetings. Yes, the Keychron Q1 Pro Custom Keyboard is fully verified as authentic stock adn is available in our inventory.
 [Buyer] oh thats wonderful :) what kind of warranty comes with it?
 [Merchant] Every purchase includes 1 year of official manufacturer warranty. All claims are fully covered and processed directly through our service desk
 [Buyer] ah gotcha... and um does it let u remap keys using QMK/VIA?
 [Merchant] Affirmative, it features full out-of-the-box support for QMK and VIA, allowing complete customisation of keymaps and macros. Please let us know if you require any further technical details.
 [Buyer] just one more little thing about the specs... do u know how heavy it is?
 [Merchant] To ensure transparency regarding hardware specifications: the full aluminum build weighs around 1.6 kg, ensuring optimal desk stability.
 [Buyer] and wait does it work with a wireless 2.4GHz dongle or is it just Bluetooth 5.1?
 [Merchant] To be completely precise regarding connectivity, the Q1 Pro operates via Bluetooth 5.1 and Type-C wired mode. It does not support or include a 2.4GHz dongle
 [Buyer] just wanna make sure... its actually sitting in your shop right now and not coming from somewhere else right?
 [Merchant] it is physically in stock and ready for immediate dispatch. You are also welcome to inspect it personally at our retail outlet
 [Buyer] awesome! what condition is it in tho? like is it completely intact?
 [Merchant] We guarantee 100% authentic, brand-new factory-sealed packaging containing all original factory accessories and documentation.
 [Buyer] hmm cool cool... so how much is the final price for this beauty?
 [Merchant] The standard pricing for this item is set at 18,500 taka, backed by our authenticity guarantee.
 [Buyer] thnx so much for all the help! let me sleep on it for a bit and ill get back to u soon :)
 [Merchant] sure take your time. Our warranty and authenticity assurances remain fully applicable whenever you are ready to proceed.",no,DEFERRED_CONSIDERATION,TrustSeeker,Keychron Q1 Pro Custom Keyboard,Computing & Peripherals
10216,ENG_217,"[Buyer] Hello. Do you still have the Breville Barista Express Espresso Machine?
 [Merchant] Hello sir/ma'am. Yes, it's currently available for immediate delivery.
 [Buyer] Does the warranty cover manufacturing defects?
 [Merchant] Full 1-year warranty. Just bring the invoice and we handle the rest.
 [Buyer] How does this compare to the model one tier below it?
 [Merchant] We're an authorized reseller with a physical outlet. If anything fails, you have somewhere to go.
 [Buyer] Is there a choice of colors or finishes?
 [Merchant] You can pick from Brushed Stainless Steel, Black Sesame.
 [Buyer] What size is the portafilter?
 [Merchant] It comes with a standard 54mm stainless steel portafilter.
 [Buyer] Thanks. How much does it cost in total?
 [Merchant] The current official price is 78,000 taka.
 [Buyer] Okay, how does the delivery process work?
 [Merchant] We use premium courier services. It takes 1 day for Dhaka (100 taka) and 2-3 days outside (160 taka). We just need 500 taka sent to our merchant bKash as a security deposit for the courier. The remaining amount will be collected as COD.
 [Buyer] Fair enough. I'll send the 500 taka to confirm the booking.
 [Merchant] Thank you for understanding! Please send 500 taka to 01756282590 (Merchant) and share the TrxID.
 [Buyer] Sent 500 taka. TrxID is BK89X667P. Please deliver to: Kandirpar, Victoria College Road, Cumilla. Mobile: 01819876543.
 [Merchant] Payment received and verified. Your order is confirmed. The remaining 77,600 taka will be collected on delivery.",yes,PURCHASE_COMMITTED,LowBaller,Breville Barista Express Espresso Machine,Home & Kitchen Appliances
10217,ENG_218,"[Buyer] Good afternoon, I am looking for the Garmin Forerunner 265 GPS Watch. Can you confirm stock?
 [Merchant] Hello! Yes, the Garmin Forerunner 265 GPS Watch is available in our ready stock.
 [Buyer] Is this new or refurbished? I only want brand new.
 [Merchant] Brand new, untouched, seal intact. We don't sell refurbished items at all.
 [Buyer] Does this model have the AMOLED screen?
 [Merchant] Yes, the Forerunner 265 features a bright, vibrant AMOLED touchscreen display.
 [Buyer] Another thing: what is the battery life in smartwatch mode?
 [Merchant] Certainly. It lasts up to 13 days in smartwatch mode, or up to 20 hours in GPS mode. Let me know if you need more detail.
 [Buyer] I had a technical question. Is it waterproof for swimming?
 [Merchant] Let me confirm that for you. Yes, it carries a 5 ATM rating, so pool and open-water swimming are both fine.
 [Buyer] I had a technical question. Can I store music directly on the watch?
 [Merchant] Absolutely, it has 8GB of internal storage so you can download Spotify playlists for phone-free running.
 [Buyer] Can I see the invoice or import papers to verify it's official?
 [Merchant] Yes, I can share the import invoice. We're a registered importer.
 [Buyer] Great. What's your best price for this item?
 [Merchant] We are currently offering it for 46,500 taka.
 [Buyer] I've seen it slightly cheaper elsewhere. Can you do 44,152 taka?
 [Merchant] That's below our cost, honestly. 46,500 taka is firm.
 [Buyer] Okay. I'll let you know.
 [Merchant] No problem! Let us know if you need anything else.",no,INQUIRY_DROPOUT,Skeptic,Garmin Forerunner 265 GPS Watch,Sports & Fitness
10218,ENG_219,"[Buyer] hey u guys got the Garmin Forerunner 265 GPS Watch ready to ship?
 [Merchant] yes in stock ready now.
 [Buyer] wait can u put music straight on it too?
 [Merchant] yep has 8GB internal storage for Spotify offline. totally phone-free runs!
 [Buyer] oh cool... how good is gps tracking when u are downtown?
 [Merchant] using Multi-band GNSS. very accurate near tall buildings and trees.
 [Buyer] ok umm battery life normal smartwatch mode?
 [Merchant] up to 13 days smartwatch, 20 hours GPS.
 [Buyer] is it actually worth upgrading over older ones?
 [Merchant] better build and official warranty. cheaper ones are grey market no local service.
 [Buyer] gotcha. what's the actual price plz?
 [Merchant] official price 46,500 taka.
 [Buyer] uff thats high... any discount u can do?
 [Merchant] margin very tight. can do 45,123 taka for u.
 [Buyer] can u drop it a bit more? make it 44,923 taka n i buy rn
 [Merchant] ok 44,923 taka final price. no lower.
 [Buyer] want home delivery. how does it work?
 [Merchant] dhaka 1 day 100, taka outside 2-3 days 160 taka. 500 taka bKash advance needed to confirm. rest cash on delivery.
 [Buyer] nah id rather pay everything when i get it. no advance plz?
 [Merchant] sorry company rule for items over 10,000 taka to stop fake orders. check our trade license or Multiplan Center shop.
 [Buyer] ohh ok... let me think about it
 [Merchant] sure take ur time. message anytime.",no,DEFERRED_CONSIDERATION,TechSpecsNerd,Garmin Forerunner 265 GPS Watch,Sports & Fitness
10219,ENG_220,"[Buyer] hey there, hope u are doing well... just wanted to check if u have the Viofo A129 Pro Duo 4K Dash Cam ready
 [Merchant] Good day to you, sir/ma'am. We are delighted to inform you that it is indeed in stock and ready for immediate dispatch.
 [Buyer] hmm curious... how is your shop different from the sellers on Daraz?
 [Merchant] We operate as an authorized reseller backed by a physical storefront, dear customer, so you always have a trusted place to visit if any assistance is ever needed.
 [Buyer] so ah gotcha. can u clear up a little detail for me... does teh rear camera shoot in 4K too?
 [Merchant] not quite, sir/ma'am; the front unit captures true 4K video utilizing a Sony Exmor R sensor, whereas the rear unit records in sharp 1080p using a Sony Starvis sensor
 [Buyer] oh nice. what is the best deal u can give me on this?
 [Merchant] The standard catalog price set for this item is currently 23,500 taka
 [Buyer] come on, is that your final offer? if u can do 21,792 taka i will take it right this second
 [Merchant] our profit margins are quite narrow, but we would love to earn your business today, so we can comfortably offer it to you for 22,646 taka.
 [Buyer] plz cut a bit more... drop it to 22,146 taka and i will seal the deal right now
 [Merchant] You certainly know how to negotiate, sir/ma'am. We will agree to 22,146 taka as our absolute final price
 [Buyer] awesome! do u guys deliver to the house and how much is the charge?
 [Merchant] The standard home delivery fee is 100 taka within Dhaka and 160 taka for locations outside, and please rest assured that all shipments are fully insured for your peace of mind.
 [Buyer] thnx! let me just figure out my schedule for collecting it and i will let u know shortly.
 [Merchant] Take all the time you need, sir/ma'am, and please feel free to reach out whenever you are ready to proceed",no,DEFERRED_CONSIDERATION,LowBaller,Viofo A129 Pro Duo 4K Dash Cam,Automotive & Riding Gear
10220,ENG_221,"[Buyer] Hi there, is the Samsung T7 Shield 2TB Portable SSD available in ready stock?
 [Merchant] Hello! Yes, the Samsung T7 Shield 2TB Portable SSD is available in our ready stock.
 [Buyer] What makes your listing different from the ones on Daraz?
 [Merchant] We're an authorized reseller with a physical outlet. If anything fails, you have somewhere to go.
 [Buyer] What if I order 5 of these? Does the price change?
 [Merchant] Yes, bulk orders get a better rate. For 5+ units we offer meaningful savings.
 [Buyer] Is there a choice of colors or finishes?
 [Merchant] We currently stock Black, Beige, Blue. All at the same price.
 [Buyer] One more on the specs. Can I record Apple ProRes directly to it from an iPhone 15 Pro?
 [Merchant] Right, so Yes, it is fully compatible for direct ProRes 4K recording from the iPhone 15 Pro. That's straight from the official spec sheet.
 [Buyer] One more on the specs. Is it water resistant?
 [Merchant] Absolutely. It has an IP65 rating for water and dust resistance, making it great for outdoor shoots.
 [Buyer] One more on the specs. What cables are included?
 [Merchant] Certainly. You get both USB-C to C and USB-C to A cables in the box.
 [Buyer] What kind of warranty do I get with this?
 [Merchant] You get 1 year of official warranty. Claims are handled through our service desk.
 [Buyer] Thanks. How much does it cost in total?
 [Merchant] Our selling price for this unit is 22,500 taka.
 [Buyer] That's a bit steep. Can you offer any discount on that?
 [Merchant] Since you are confirming today, I can meet you in the middle at 21,309 taka.
 [Buyer] 21,309 taka works. Please confirm my order. How fast can you deliver it to my address?
 [Merchant] Delivery is 100 taka inside Dhaka and 160 taka outside. We dispatch immediately upon order confirmation. Since it's a high-value item, our policy requires a 500 taka advance payment. You can pay the rest to the delivery man.
 [Buyer] Why the advance? I want 100% Cash on Delivery without any prior payment.
 [Merchant] We sympathize, but this is a strict company policy for items over 10,000 taka to prevent fake orders. You can verify our trade license and physical store in Multiplan Center.
 [Buyer] Fair enough. I'll send the 500 taka to confirm the booking.
 [Merchant] Thank you for understanding! Please send 500 taka to 01771642362 (Merchant) and share the TrxID.
 [Buyer] Sent 500 taka. TrxID is BK72X323P. Please deliver to: Kandirpar, Victoria College Road, Cumilla. Mobile: 01687654321.
 [Merchant] Payment received and verified. Your order is confirmed. The remaining 20,969 taka will be collected on delivery.",yes,PURCHASE_COMMITTED,LowBaller,Samsung T7 Shield 2TB Portable SSD,Computing & Peripherals
10221,ENG_222,"[Buyer] Hello. Do you still have the Garmin Forerunner 265 GPS Watch?
 [Merchant] Hello. Yes, Garmin Forerunner 265 GPS Watch is in stock.
 [Buyer] Great. What's your best price for this item?
 [Merchant] For the genuine sealed unit, the price is 46,500 taka.
 [Buyer] Does the warranty cover manufacturing defects?
 [Merchant] Official 1-year coverage. Physical damage and water damage are excluded, as usual.
 [Buyer] Do you have any color options, or just one?
 [Merchant] You can pick from Black/Powder Grey, Whitestone, Aqua.
 [Buyer] Does this model have the AMOLED screen?
 [Merchant] Checking the spec sheet - yes, the Forerunner 265 features a bright, vibrant AMOLED touchscreen display. That's straight from the official spec sheet.
 [Buyer] Quick one - is it waterproof for swimming?
 [Merchant] Happy to clarify: yes, it carries a 5 ATM rating, so pool and open-water swimming are both fine. That's straight from the official spec sheet.
 [Buyer] Also, does it track sleep and HRV?
 [Merchant] Yes - it does - overnight HRV status, sleep stages, and a morning readiness score.
 [Buyer] I've seen it slightly cheaper elsewhere. Can you do 43,801 taka?
 [Merchant] Since you are confirming today, I can meet you in the middle at 45,151 taka.
 [Buyer] Meet me at 44,851 taka and I'll pay immediately.
 [Merchant] That's really the limit - but fine, 44,851 taka since you're ordering today.
 [Buyer] Deal at 44,851 taka. Let's proceed. I need it delivered to my home. What's the procedure?
 [Merchant] We offer home delivery all over Bangladesh via Steadfast/Pathao. Inside Dhaka is 100 taka (24 hours), Outside Dhaka is 160 taka (48-72 hours). For order confirmation, a 500 taka advance via bKash is mandatory. The balance is full Cash on Delivery (COD).
 [Buyer] I prefer paying everything when I have the product in my hands. Can we skip the advance?
 [Merchant] Sir, it's just 500 taka for courier security. We have a solid 5-year track record and thousands of reviews. We cannot bypass this policy, unfortunately.
 [Buyer] Fair enough. I'll send the 500 taka to confirm the booking.
 [Merchant] Thank you for understanding! Please send 500 taka to 01738000669 (Merchant) and share the TrxID.
 [Buyer] Sent 500 taka. TrxID is BK71X443P. Please deliver to: Zindabazar, Lamabazar Road, Sylhet. Mobile: 01711223388.
 [Merchant] Payment received and verified. Your order is confirmed. The remaining 44,451 taka will be collected on delivery.",yes,PURCHASE_COMMITTED,TechSpecsNerd,Garmin Forerunner 265 GPS Watch,Sports & Fitness
10222,ENG_223,"[Buyer] Could you please confirm if the Viofo A129 Pro Duo 4K Dash Cam is available in your inventory right now?
 [Merchant] Greetings. All products sold are 100% genuine with official manufacturer warranty. Yes, it is currently in stock and available for immediate dispatch.
 [Buyer] I noticed another store selling a similar unit at a lower cost. Could you kindly explain why I should purchase from your shop instead?
 [Merchant] We provide verified authentic units backed by a full official warranty and reliable after-sales service. Lower-priced offers elsewhere are typically grey-market imports carrying no valid local warranty protection.
 [Buyer] Thank you for clarifying. I just have one quick question regarding the specifications please, does it include built-in WiFi so I can download my videos easily?
 [Merchant] Affirmative. It is equipped with dual-band 2.4GHz and 5GHz WiFi for rapid video transfer to mobile devices, and every unit is covered by our comprehensive warranty and authenticity guarantee.
 [Buyer] That sounds good, thank you. Could you please let me know what the final price for this item would be?
 [Merchant] The standard retail price for this model is 23,500 taka, which includes our official store warranty and guaranteed authenticity.
 [Buyer] Is there any room for flexibility on that price, or is it strictly fixed? I was hoping to purchase it for around 21,456 taka if possible.
 [Merchant] Considering your interest, we can offer it to you for 22,478 taka. Please understand that this is our absolute lowest limit while maintaining full warranty coverage.
 [Buyer] Would you please agree to meet me at 22,178 taka? If so, I am ready to complete the payment right away. Thank you.
 [Merchant] Very well, we can accept 22,178 taka for this authentic unit. However, please note that this is our final policy-compliant price adjustment.
 [Buyer] I appreciate your help and flexibility. Please allow me to think about it overnight, and I will message you again if I decide to proceed with the purchase.
 [Merchant] Take all the time you need, there is no pressure at all. Our authorized warranty offer remains available, so just drop us a message whenever you are ready.",no,DEFERRED_CONSIDERATION,Ghoster,Viofo A129 Pro Duo 4K Dash Cam,Automotive & Riding Gear
10223,ENG_224,"[Buyer] Good afternoon! Could you please let me know if you currently have the Dyson Purifier Cool TP07 in stock?
 [Merchant] Good day, valued customer. Yes indeed, sir/ma'am, we have it in stock and ready for prompt dispatch.
 [Buyer] Would you mind sending a quick photo of the unopened box along with today's date on a slip, please? Thank you.
 [Merchant] Certainly, ma'am/sir. I am attaching a genuine picture right now with our official shop card placed right beside it for your peace of mind.
 [Buyer] That is wonderful, thank you. Could you confirm its exact condition and whether the packaging is entirely untouched, please?
 [Merchant] I can assure you completely, sir/ma'am, that it is factory sealed and brand new. You will be the very first person to break the seal.
 [Buyer] I appreciate that. Could you tell me how frequently the filters need to be swapped out, please?
 [Merchant] Typically about every 12 months assuming roughly 12 hours of daily use, sir/ma'am, and the mobile app will conveniently monitor the remaining filter life for you.
 [Buyer] Thank you so much for explaining all of that. I just need a day or two to think it over before I make my final decision, please.
 [Merchant] That is totally fine, sir/ma'am. Take all the time you need, and have a wonderful day ahead!",no,DEFERRED_CONSIDERATION,TrustSeeker,Dyson Purifier Cool TP07,Home & Kitchen Appliances
10224,ENG_225,"[Buyer] hi u got fujifilm x-t30 ii mirrorless camera
 [Merchant] ok yes, brand new stock available.
 [Buyer] got it price pls
 [Merchant] Price is 98,000 taka.
 [Buyer] one more thing mic input is there?
 [Merchant] Yes, 3.5mm mic jack present, plus headphones via USB-C adapter. Official specs confirmed
 [Buyer] any discount can u do 95,405 taka
 [Merchant] lowest is 96,703 taka for u
 [Buyer] ok deal 96,703 taka shipping cost kitna
 [Merchant] Dhaka delivery 100 taka, outside 160 taka. Dispatch right away. Send 500 taka bKash advance for courier, rest on COD.
 [Buyer] fine sending adv now
 [Merchant] Thanks! Send 500 taka to 01737771303 (Merchant) & send TrxID
 [Buyer] ok sent 500 trx bk60x453p send to house 14 road 3 dhanmondi dhaka cell 01687654321
 [Merchant] Payment verified, order locked. Remaining 96,363 taka on COD.",yes,PURCHASE_COMMITTED,Ghoster,Fujifilm X-T30 II Mirrorless Camera,Audio & Visual Gear
10225,ENG_226,"[Buyer] Samsung T7 Shield 2TB Portable SSD available?
 [Merchant] good day, sir. Yes, we currently hvae brand new units available in stock.
 [Buyer] well what cables come in the box?
 [Merchant] Rest assured, ma'am, yuo will find both USB-C to C and USB-C to A cables included inside
 [Buyer] Another seller is cheaper. Why your store?
 [Merchant] Lower pricing elsewhere often points to gray market imports, sir. Our items are completely official and include proper documentation.
 [Buyer] Price?
 [Merchant] yes we are offering this specific unit at 22,500, taka ma'am.
 [Buyer] Lowest price? 20,889 taka?
 [Merchant] yes i am sorry, sir, but our price is strictly set at 22,500 taka. Please remember that we ensure 100% authenticity and official warranty support, which unauthorized sellers fail to provide.
 [Buyer] Understood.
 [Merchant] yes thank you for reaching out to us, ma'am. hvae a wonderful day!",no,INQUIRY_DROPOUT,LowBaller,Samsung T7 Shield 2TB Portable SSD,Computing & Peripherals
10226,ENG_227,"[Buyer] so keychron Q1 Pro Custom Keyboard... u got it? stock still there?
 [Merchant] yes available now for delivery
 [Buyer] wait... got warranty? like how many months or yrs? first time ordering online u know
 [Merchant] 1 yr official warranty. bring to service desk if issue
 [Buyer] what switches inside? hope not bad quality
 [Merchant] keychron K Pro Banana tactile switches pre-built. fully hot-swappable too
 [Buyer] size? is it full size or small? layout plz?
 [Merchant] 75% compact w/ knob. function row & arrows intact
 [Buyer] remapping keys possible? does it take QMK/VIA? checking just in case
 [Merchant] sure full QMK/VIA support out of box for macros/custom maps. safe to buy
 [Buyer] why buy from u instead of random sellers on daraz... not a scam right?
 [Merchant] auth reseller with physical shop. real place to visit if anything breaks
 [Buyer] ok... lowest price u can do? no hidden charges?
 [Merchant] price is 18,500 taka fixed
 [Buyer] hmm ok let me think thnx
 [Merchant] sure. message if ready",no,DEFERRED_CONSIDERATION,Skeptic,Keychron Q1 Pro Custom Keyboard,Computing & Peripherals
10227,ENG_228,"[Buyer] Good afternoon, I am looking for the Fujifilm X-T30 II Mirrorless Camera. Can you confirm stock?
 [Merchant] Hello! In stock and ready to dispatch today.
 [Buyer] Good to know. Can you confirm if this is official brand new stock with warranty?
 [Merchant] Yes, it is 100% official brand new, factory sealed with all accessories.
 [Buyer] Also, can it shoot 4K video?
 [Merchant] Yes, it records oversampled 4K/30p video with no crop. Hope that helps!
 [Buyer] One more on the specs. Does it have a microphone input?
 [Merchant] Right, so Yes, there's a 3.5mm mic jack, and headphone monitoring works via the USB-C adapter.
 [Buyer] Another thing: does this include a kit lens?
 [Merchant] Checking the spec sheet - yes, this package includes the XC 15-45mm OIS PZ lens. Hope that helps!
 [Buyer] Quick one - what is the sensor resolution?
 [Merchant] Certainly. It uses a 26.1MP X-Trans CMOS 4 APS-C sensor. That's straight from the official spec sheet.
 [Buyer] What makes your listing different from the ones on Daraz?
 [Merchant] The main gains are in build quality and the warranty backing. Cheaper listings are often grey-market imports with no local service.
 [Buyer] Is there any warranty coverage? For how long?
 [Merchant] Official 1-year coverage. Physical damage and water damage are excluded, as usual.
 [Buyer] What's the rate on this one?
 [Merchant] The item is priced at 98,000 taka.
 [Buyer] Do you deliver outside Dhaka?
 [Merchant] We use premium courier services. It takes 1 day for Dhaka (100 taka) and 2-3 days outside (160 taka).
 [Buyer] Right, thanks for explaining everything.
 [Merchant] Sure thing. Have a good day!",no,INQUIRY_DROPOUT,LowBaller,Fujifilm X-T30 II Mirrorless Camera,Audio & Visual Gear
10228,ENG_229,"[Buyer] Hello, could you please confirm if the Keychron Q1 Pro Custom Keyboard is currently available?
 [Merchant] Greetings. This item is fully in stock and eligible for same-day dispatch.
 [Buyer] Could you please tell me if it is brand new? I want to make sure it is not refurbished.
 [Merchant] We guarantee 100% authenticity. All units are factory sealed, brand new, and come with standard manufacturer warranty.
 [Buyer] Thank you. Could you please let me know the weight of the keyboard?
 [Merchant] Certainly. Featuring a heavy-duty aluminum construction, it weighs approximately 1.6 kg to ensure optimal stability. Please let us know if you need any further technical specifications.
 [Buyer] Thank you so much. What is the total price for it, please?
 [Merchant] The standard retail price is 18,500 taka, inclusive of all applicable taxes.
 [Buyer] Is there any discount possible, please? Would you be able to give it for 17,398 taka?
 [Merchant] As an authorized retailer, our absolute lowest promotional price is 17,949 taka.
 [Buyer] Alright, 17,949 taka is fine with me. Please go ahead and process my order.
 [Merchant] To finalize your order reservation, our policy requires a nominal 500 taka advance payment via bKash for courier processing. The balance will be paid via Cash on Delivery.
 [Buyer] That is completely understandable. I will transfer the 500 taka advance right away, thank you.
 [Merchant] We appreciate your cooperation. Kindly remit the 500 taka to our official merchant account at 01778309521 and provide the transaction ID.
 [Buyer] I have sent the 500 taka. The TrxID is BK69X402P. Please deliver it to: Sector 7, Road 18, House 5, Uttara, Dhaka, and my phone number is 01687654321. Thank you.
 [Merchant] Transaction successfully verified and logged. Your order is officially confirmed. The remaining balance of 17,549 taka will be collected upon delivery.",yes,PURCHASE_COMMITTED,TrustSeeker,Keychron Q1 Pro Custom Keyboard,Computing & Peripherals
10229,ENG_230,"[Buyer] Hello, is the Samsung T7 Shield 2TB Portable SSD currently in stock?
 [Merchant] Greetings! Yes, we have brand new units in stock.
 [Buyer] Is there a choice of colors or finishes?
 [Merchant] Available variants are Black, Beige, Blue.
 [Buyer] Is it water resistant?
 [Merchant] Checking the spec sheet - it has an IP65 rating for water and dust resistance, making it great for outdoor shoots.
 [Buyer] I had a technical question. Can I record Apple ProRes directly to it from an iPhone 15 Pro?
 [Merchant] Yes, it is fully compatible for direct ProRes 4K recording from the iPhone 15 Pro. Hope that helps!
 [Buyer] Also, is it rugged and drop-resistant?
 [Merchant] Happy to clarify: yes, it has a tough rubberized exterior and can survive drops from up to 3 meters. Anything else you'd like to know?
 [Buyer] What are the read and write speeds?
 [Merchant] It delivers sequential read/write speeds of up to 1050/1000 MB/s via USB 3.2 Gen 2.
 [Buyer] Nice. Does it come intact with the original factory seal?
 [Merchant] Yes sir, we only deal in genuine, factory-sealed products. It's completely brand new.
 [Buyer] How soon can it reach me? I need it urgently.
 [Merchant] If you confirm within the next hour, we can dispatch today for next-day delivery inside Dhaka.
 [Buyer] Alright. So what is the final price for this?
 [Merchant] Our selling price for this unit is 22,500 taka.
 [Buyer] Could you give a small discount? My budget is closer to 20,944 taka.
 [Merchant] Margin is tight, but I want to make this sale. I'll agree to 21,722 taka.
 [Buyer] Almost there. Do 21,422 taka and it's a deal.
 [Merchant] Okay, 21,422 taka. But that's absolutely the last adjustment.
 [Buyer] Deal at 21,422 taka. Let's proceed. Alright. Do you do home delivery? And what is the fee?
 [Merchant] We use premium courier services. It takes 1 day for Dhaka (100 taka) and 2-3 days outside (160 taka). To confirm the order, we require a small 500 taka advance via bKash to cover the courier booking fee. The rest is Cash on Delivery.
 [Buyer] Why the advance? I want 100% Cash on Delivery without any prior payment.
 [Merchant] Sir, it's just 500 taka for courier security. We have a solid 5-year track record and thousands of reviews. We cannot bypass this policy, unfortunately.
 [Buyer] Sure, I'll pay the advance. Please share your bKash number.
 [Merchant] Thank you for understanding! Please send 500 taka to 01790286803 (Merchant) and share the TrxID.
 [Buyer] Sent 500 taka. TrxID is BK71X390P. Please deliver to: Sector 7, Road 18, House 5, Uttara, Dhaka. Mobile: 01712349911.
 [Merchant] Payment received and verified. Your order is confirmed. The remaining 21,022 taka will be collected on delivery.",yes,PURCHASE_COMMITTED,Urgent,Samsung T7 Shield 2TB Portable SSD,Computing & Peripherals
10230,ENG_231,"[Buyer] Hello, could you please tell me if you still have the Dyson Purifier Cool TP07 available?
 [Merchant] Hello there! Yes, we currently have brand new units sitting right here in our stock, ready for you.
 [Buyer] Could you please let me know if it features a WiFi connection?
 [Merchant] That is a wonderful question! Absolutely, you can easily manage everything and keep an eye on your air quality live through the MyDyson app on your WiFi.
 [Buyer] I would like to ask, please, about the filters - how frequently do they need to be changed?
 [Merchant] Typically around every 12 months assuming roughly 12 hours of use each day; plus, the app actually monitors the leftover filter life for you. Don't hesitate to reach out if you need anything else clarified!
 [Buyer] Okay, that sounds quite nice. Could you please tell me how much you are selling it for?
 [Merchant] Our current official retail price for this item is 68,000 taka.
 [Buyer] Is there any room for a discount, please? If you can do 66,474 taka, I will purchase it right away.
 [Merchant] I am sorry, but 66,474 is a bit too low for us. However, as a special gesture for a prompt order, I would be happy to let it go for 67,237 taka.
 [Buyer] 67,237 taka works fine for me, thank you. Could you please confirm my purchase and let me know how quickly it can reach my location?
 [Merchant] We charge 100 taka for delivery inside Dhaka, and 160 taka for outside locations. Rest assured, all our packages are fully insured. To lock in your order, we just need a small advance of 500 taka sent via bKash for the courier fee, and the remainder can be paid with Cash on Delivery.
 [Buyer] Wait, thank you for explaining, but I was hoping full cash on delivery could work, please. Let's proceed with that arrangement.
 [Merchant] No worries at all! Please go ahead and share your complete delivery address along with your mobile number so we can process your parcel right away.
 [Buyer] Here is my delivery information, thank you so much: Address: College Road, Bogra Sadar, Bogura. Mobile: 01711223388.
 [Merchant] Your order is successfully confirmed and booked in our system! The full amount of 67,337 taka will be collected by the delivery rider upon arrival.",yes,PURCHASE_COMMITTED,Standard,Dyson Purifier Cool TP07,Home & Kitchen Appliances
10231,ENG_232,"[Buyer] hmm hi there! Hope your day is going well. I was looking at the Sony WH-1000XM5 Wireless Headphones and really want one. Is it in stock?
 [Merchant] right yes in stock ready to ship
 [Buyer] oh that is wonderful news, thank you so much! Could you tell me what the total cost comes to?
 [Merchant] ok price is 32,000 taka
 [Buyer] hmm wonderful, thanks for checking that! Just to put my mind at ease, this is a completely brand new and unopened box right?
 [Merchant] 100% brand new factory sealed with accessories
 [Buyer] you are so helpful, I really appreciate your time. Would you mind snapping a quick photo of the sealed box with today's date next to it?
 [Merchant] sending live shelf photo now
 [Buyer] Thanks a million for doing that for me! Does it come with any kind of warranty coverage, and if so, how long is it valid?
 [Merchant] 1 year official coverage. water and physical damage not covered
 [Buyer] that sounds very reasonable, thank you! I did have one quick technical question for you -- does this model have a fast charging option?
 [Merchant] yep. 3 mins charge gives 3 hrs playback. anything else?
 [Buyer] Thanks so much for explaining that so clearly. Also, can I connect these to multiple Bluetooth devices at teh same exact time?
 [Merchant] yes dual connection supported like phone and laptop
 [Buyer] you always have the best answers, thank you! I just wanted to check one more tech detail -- can I plug a wire in if the battery runs out?
 [Merchant] comes with 3.5mm cable for wired use
 [Buyer] so that is super convenient, thanks for letting me know. Since I am buying today, would you mind dropping the price a little bit? My budget is closer to 29,171 taka
 [Merchant] yes best price 30,586 taka cant go lower
 [Buyer] I understand you have to run a business, but could we maybe meet in the middle at 30,386 taka and I will wrap this up right now?
 [Merchant] ok fine 30,386 taka last offer
 [Buyer] Alright, thank you so much for working with me on this! Let me think about it for a little bit and I will get back to you soon.
 [Merchant] sure no problem take your time",no,DEFERRED_CONSIDERATION,TrustSeeker,Sony WH-1000XM5 Wireless Headphones,Audio & Visual Gear
10232,ENG_233,"[Buyer] Hello, could you please tell me if the Breville Barista Express Espresso Machine is available right now?
 [Merchant] in stock, shipping today
 [Buyer] Thank you for letting me know. Who would I contact if a warranty issue came up later?
 [Merchant] 1yr warranty. bring invoice, we fix
 [Buyer] I am sorry to bother you again, but could you please check if it features a single boiler or a dual boiler?
 [Merchant] single thermocoil. brew then steam, one after other. official spec
 [Buyer] That makes complete sense, thank you. Could you please confirm if this box has never been opened and is entirely sealed?
 [Merchant] brand new, factory sealed only. 100% genuine
 [Buyer] Thank you for the reassurance. Could you please tell me how much it costs?
 [Merchant] 78,000 taka flat
 [Buyer] I understand completely. Thank you very much for your time and help today.
 [Merchant] np, let me know",no,INQUIRY_DROPOUT,TrustSeeker,Breville Barista Express Espresso Machine,Home & Kitchen Appliances
10233,ENG_234,"[Buyer] Hello, could you please tell me if the Sony WH-1000XM5 Wireless Headphones are currently available?
 [Merchant] yes, stock available. dispatch today.
 [Buyer] could you please confirm if these are brand new units and not refurbished ones?
 [Merchant] official global version. sealed box with full warranty. 100% brand new.
 [Buyer] Could you please let me know the price for thsi item?
 [Merchant] sure price is 32,000 taka for sealed unit. policy requires 500 taka advance payment. rest cash on delivery.
 [Buyer] That is completely understandable, thank you. I will proceed to send the 500 taka advance right now.
 [Merchant] thnx. send 500 taka to 01759580795 (Merchant) and send TrxID here.
 [Buyer] I have sent the 500 taka. The TrxID is BK16X962P. Please deliver them to Apartment 6B, House 42, Road 11, Banani, Dhaka, and my mobile number is 01819876543. Thank you so much!
 [Merchant] payment checked. order confirmed. remaining 31,660 taka due on delivery",yes,PURCHASE_COMMITTED,LowBaller,Sony WH-1000XM5 Wireless Headphones,Audio & Visual Gear
10234,ENG_235,"[Buyer] checking stock on the Viofo A129 Pro Duo 4K Dash Cam... u still got units?
 [Merchant] Good day, sir! Thank you for contacting us. Yes, we certainly hvae it in stock and ready to ship
 [Buyer] need to confirm passive surveillance capability -- does it support parking mode logging?
 [Merchant] ok yes, it does support parking mode, ma'am. However, you will need to separately purchase and install the optional HK3 Hardwire Kit to enable buffered parking mode. Please let us know if you would like further assistance with this.
 [Buyer] is media storage bundled, or do I need to source a separate micro sd?
 [Merchant] No, the MicroSD card is not included and must be purchased separately, sir. We strongly recommend using High Endurance cards for optimal performance.
 [Buyer] checking sensor resolution layout: is the secondary rear lens also native 4K?
 [Merchant] I am happy to clarify that for you, ma'am. The front sensor records in true 4K utilizing the Sony Exmor R, while the rear sensor captures in 1080p using teh Sony Starvis
 [Buyer] noted. packaging status? factory sealed and unmolested?
 [Merchant] It is completely brand new, untouched, and the factory seal is entirely intact, sir. We strictly do not deal in refurbished products of any kind.
 [Buyer] ok. what's the bottom line cost on this kit?
 [Merchant] The current official pirce for this item is 23,500 taka, ma'am
 [Buyer] courier options? how much for shipping to my address?
 [Merchant] The delivery charge is 100 taka within Dhaka and 160 taka for areas outside Dhaka, sir. Please rest assured that all our packages are fully insured during transit
 [Buyer] cool. let u know.
 [Merchant] Understood, ma'am. Please feel free to message us again whenever you are ready.",no,INQUIRY_DROPOUT,TechSpecsNerd,Viofo A129 Pro Duo 4K Dash Cam,Automotive & Riding Gear
10235,ENG_236,"[Buyer] Good afternoon! Could you please let me know if you currently have the Dyson Purifier Cool TP07 in stock? Thank you so much.
 [Merchant] Hello there! Yes indeed, we have it in stock right now and it is ready for immediate delivery.
 [Buyer] I was just wondering, is it quite loud when running at night, please?
 [Merchant] Not at all! We have a special night mode built in that keeps the fan speed very low and dims the display panel so you can sleep peacefully.
 [Buyer] Oh, I see, but unfortunately that will not work for what I need. I think I will pass and check other options instead. Thank you for your time.
 [Merchant] No worries at all! Just reach out if you ever need help with anything else in the future. Have a wonderful day!",no,INQUIRY_DROPOUT,DeliveryObsessed,Dyson Purifier Cool TP07,Home & Kitchen Appliances
10236,ENG_237,"[Buyer] Viofo A129 Pro Duo 4K Dash Cam in stock?
 [Merchant] Greetings. The Viofo A129 Pro Duo 4K Dash Cam is fully in stock, backed by our standard official manufacturer warranty and guaranteed 100% authentic merchandise.
 [Buyer] wifi?
 [Merchant] Affirmative, it integrates dual-band (2.4GHz & 5GHz) WiFi functionality for rapid file transfers. Our authorized warranty covers all original hardware features as stated in the official spec sheet.
 [Buyer] rear camera 4K too?
 [Merchant] Allow me to verify that specification. Negative, only the front sensor utilizes true 4K (Sony Exmor R), whereas the rear unit captures in 1080p (Sony Starvis). Every unit is verified genuine under our strict retailer policy.
 [Buyer] sd card included?
 [Merchant] To be precise, no, the MicroSD card must be acquired separately. We mandate High Endurance cards for optimal performance, fully supported by our store's official authenticity assurance and warranty guidelines.
 [Buyer] gps?
 [Merchant] Yes, the included GPS mount embeds precise speed and location telemetry directly onto recordings, fully certified and backed by our comprehensive hardware warranty.
 [Buyer] heat resistance?
 [Merchant] Indeed. It incorporates a supercapacitor instead of a standard lithium battery for superior thermal endurance. This ensures peak reliability, protected by our official warranty and certified genuine parts policy.
 [Buyer] price?
 [Merchant] The retail cost is fixed at 23,500, taka inclusive of our standard official warranty and authenticity guarantee.
 [Buyer] budget 21,732 taka. discount?
 [Merchant] We can offer a discounted rate of 22,616 taka. That represents our absolute lowest price ceiling under official store policy.
 [Buyer] 22,416 taka and deal.
 [Merchant] Very well. 22,416 taka is accepted as our final promotional pricing, complete with full authentic warranty coverage.
 [Buyer] delivery speed?
 [Merchant] We dispatch via insured courier channels. Delivery requires 1 day inside Dhaka for 100, taka and 2-3 days outside Dhaka for 160 taka. All shipments include our standard transit warranty.
 [Buyer] thnx
 [Merchant] Understood. Thank you for choosing our certified electronics establishment. Please retain your receipt for warranty validation.",no,DEFERRED_CONSIDERATION,TechSpecsNerd,Viofo A129 Pro Duo 4K Dash Cam,Automotive & Riding Gear
10237,ENG_238,"[Buyer] Hello! I saw your post regarding the Sony WH-1000XM5 Wireless Headphones. Do you have it?
 [Merchant] Hello! In stock and ready to dispatch today.
 [Buyer] Does the warranty cover manufacturing defects?
 [Merchant] Full 1-year warranty. Just bring the invoice and we handle the rest.
 [Buyer] What is the price? Please let me know.
 [Merchant] For the genuine sealed unit, the price is 32,000 taka.
 [Buyer] I've seen it slightly cheaper elsewhere. Can you do 29,141 taka?
 [Merchant] For you, 30,571 taka. That's genuinely the floor.
 [Buyer] Can you shave off a little more? Round it to 30,371 taka and I'll confirm now.
 [Merchant] Okay, 30,371 taka. But that's absolutely the last adjustment.
 [Buyer] Deal at 30,371 taka. Let's proceed. Do you deliver outside Dhaka?
 [Merchant] Delivery is 100 taka inside Dhaka and 160 taka outside. We dispatch immediately upon order confirmation. We just need 500 taka sent to our merchant bKash as a security deposit for the courier. The remaining amount will be collected as COD.
 [Buyer] Fair enough. I'll send the 500 taka to confirm the booking.
 [Merchant] Thank you for understanding! Please send 500 taka to 01762647996 (Merchant) and share the TrxID.
 [Buyer] Sent 500 taka. TrxID is BK30X515P. Please deliver to: Flat 3A, House 7, Road 27, Mohammadpur, Dhaka. Mobile: 01611778899.
 [Merchant] Payment received and verified. Your order is confirmed. The remaining 29,971 taka will be collected on delivery.",yes,PURCHASE_COMMITTED,LowBaller,Sony WH-1000XM5 Wireless Headphones,Audio & Visual Gear
10238,ENG_239,"[Buyer] hey there! hope u are doing well... just wanted to ask if the Dyson Purifier Cool TP07 is available right now?
 [Merchant] Hello and welcome! Yes indeed, we have brand new units sitting right here in our stock.
 [Buyer] oh thats wonderful... could u tell me the total cost for it plz?
 [Merchant] We are offering this fantastic unit at a fixed price of 68,000 taka.
 [Buyer] i wanted to ask something technical... does it actually chill the room like a regular AC?
 [Merchant] Let me clarify that precisely for you! No, it functions strictly as a fan and air purifier. It circulates clean, purified air around the space, but it lacks a compressor to actually drop room temperatures. That detail comes straight from the official spec sheet.
 [Buyer] makes total sense! before moving ahead, is it a 100 percent brand new factory sealed piece?
 [Merchant] Absolutely, rest assured. It is an official global version in a completely sealed box, backed by a full warranty.
 [Buyer] nice... what color choices do you have in stock at the moment?
 [Merchant] Right now, we currently have these gorgeous colors ready: White/Silver, and Black/Nickel.
 [Buyer] just to double check... is it physically sitting with u or do u need to order it from somewhere?
 [Merchant] It is fully in-hand ready stock, my friend. Absolutely no pre-order needed. It's sitting right on our shelf.
 [Buyer] could u share a real picture of the actual box or unit rather than a promotional photo?
 [Merchant] Certainly! I would be glad to share our official import invoice with you. We are fully registered importers.
 [Buyer] is there any room on the price? i can finalize right now if u can do 65,557 taka
 [Merchant] Since you are confirming everything today, I can happily meet you halfway at 66,779 taka.
 [Buyer] ok 66,779 taka sounds completely fair to me! i will take it. how does the delivery procedure work?
 [Merchant] We provide reliable home delivery all over Bangladesh through Steadfast or Pathao. Delivery inside Dhaka is 100 taka taking about 24 hours, while outside Dhaka is 160 taka taking 48 to 72 hours. To confirm the order, a 500 taka advance via bKash is required, and the remaining amount is paid via Cash on Delivery.
 [Buyer] ah i usually prefer paying the entire amount when the delivery arrives... is there any way to skip the advance payment?
 [Merchant] I completely understand why you might feel that way! That small advance simply proves commitment from serious buyers and covers our return shipping expenses if a package is unfortunately refused. You can always check our glowing page reviews and visit our physical shop location for complete peace of mind.
 [Buyer] alright i get it... i will trust u guys on this one. sending the advance money over right now!
 [Merchant] Thank you so much for your kind understanding! Kindly send the 500 taka to 01715433180 (Merchant account) and share the TrxID with us right after.
 [Buyer] done, sent the 500 taka successfully. here is the TrxID: BK21X911P. please ship it to College Road, Bogra Sadar, Bogura. mobile number is 01687654321.
 [Merchant] Payment has been successfully received and checked. Your order is now fully confirmed! The remaining balance of 66,439 taka will be collected when it arrives.",yes,PURCHASE_COMMITTED,Skeptic,Dyson Purifier Cool TP07,Home & Kitchen Appliances
10239,ENG_240,"[Buyer] Samsung T7 Shield 2TB Portable SSD available?
 [Merchant] Hello, sir! Yes, we have that item fully in stock and ready for dispatch.
 [Buyer] Bottom line cost?
 [Merchant] The price is 22,500 taka, ma'am, and that covers everything.
 [Buyer] Read and write speeds?
 [Merchant] Certainly, sir. It provides sequential read/write speeds of up to 1050/1000 MB/s through USB 3.2 Gen 2.
 [Buyer] Show invoice or import documents.
 [Merchant] No problem at all, ma'am - I am attaching a quick clip of the genuine retail box straight from our showroom.
 [Buyer] Is it brand new or opened?
 [Merchant] Rest assured, sir, it is entirely factory-sealed and brand new, backed by a 1-year official warranty.
 [Buyer] Does warranty include manufacturing faults?
 [Merchant] Yes, ma'am, it includes a full 1 year of official warranty coverage. All claims are managed directly via our support desk.
 [Buyer] Understood.
 [Merchant] You are most welcome, sir! Feel free to reach back out whenever you are ready.",no,DEFERRED_CONSIDERATION,Skeptic,Samsung T7 Shield 2TB Portable SSD,Computing & Peripherals
10240,ENG_241,"[Buyer] looking at the Viofo A129 Pro Duo 4K Dash Cam... got any in stock?
 [Merchant] Good day, sir! Yes indeed, the Viofo A129 Pro Duo 4K Dash Cam is currently available and ready for you.
 [Buyer] does it support low-bitrate or buffered recording while teh ignition is off?
 [Merchant] According to the official specifications, yes it does. However, please note that you will need to separately purchase and install the optional HK3 Hardwire Kit to activate teh buffered parking mode functionality, ma'am.
 [Buyer] wait just to be clear... is this physically sitting in your inventory right now, or waiting on a shipment?
 [Merchant] this is entirely ready stock, sir, absolutely no pre-orders involved. It is sitting physically right here on our display shelf.
 [Buyer] ok how does yuor SKU compare to grey market units floating around on online marketplaces?
 [Merchant] Our units offer superior manufacturing standards and robust warranty support. Cheaper alternative listings are typically grey-market imports that lack any authentic local service coverage.
 [Buyer] right can u verify if this is authorized distributor inventory with a proper manufacturer warranty?
 [Merchant] yes rest assured, it is 100% official brand new inventory, completely factory sealed adn inclusive of every standard factory accessory, ma'am.
 [Buyer] can you provide customs clearance docs or serial check to prove authenticity?
 [Merchant] We are attaching a clear photo featuring our official shop card placed right beside the box for your complete verification, sir.
 [Buyer] got it. what is your best price on this unit?
 [Merchant] The final price is 23,500 taka, which is inclusive of all charges, ma'am.
 [Buyer] hmm ok. let me think about it and get back to u.
 [Merchant] Not a problem at all, sir. Feel free to reach out anytime if you have further inquiries, and we look forward to serving you.",no,INQUIRY_DROPOUT,Skeptic,Viofo A129 Pro Duo 4K Dash Cam,Automotive & Riding Gear
10241,ENG_242,"[Buyer] ok samsung T7 Shield 2TB Portable SSD stock status?
 [Merchant] welcome. We confirm that this item is currently in stock
 [Buyer] ok cost?
 [Merchant] The price for the authentic factory-sealed unit is 22,500 taka, backed by our standard warranty policy.
 [Buyer] Colors?
 [Merchant] We offer Black, Beige, Blue. All variants carry identical official pricing and full authentication
 [Buyer] Transfer speeds?
 [Merchant] To verify performance metrics, it achieves sequential read/write speeds of up to 1050/1000 MB/s via USB 3.2 Gen 2, fully compliant with manufacturer specifications.
 [Buyer] iPhone 15 Pro ProRes direct record supported?
 [Merchant] Yes, full compatibility is guaranteed for direct ProRes 4K recording from the iPhone 15 Pro, backed by our performance assurance
 [Buyer] Waterproof?
 [Merchant] Officially, it holds an IP65 rating for water and dust resistance, protected under our standard durability specifications.
 [Buyer] Delivery by tomorrow evening?
 [Merchant] Same-day delivery is available within Dhaka via Pathao, subject to our express courier policy, with a charge of around 200 taka.
 [Buyer] Unopened original box?
 [Merchant] 100% brand new, untouched, seal intact. We strictly distribute genuine retail units with verified authenticity.
 [Buyer] Will decide later.
 [Merchant] Thank you for contacting us. We appreciate your interest in our authorized electronics catalog.",no,DEFERRED_CONSIDERATION,Urgent,Samsung T7 Shield 2TB Portable SSD,Computing & Peripherals
10242,ENG_243,"[Buyer] Good afternoon! Could you please let me know if you currently have the Samsung T7 Shield 2TB Portable SSD available? Thank you.
 [Merchant] in stock, ready ship.
 [Buyer] could you please tell me if there are multiple color options, or is it just a single one? Thank you.
 [Merchant] sure have Black, Beige, Blue right now
 [Buyer] so i would also like to ask, please, if this model is rugged and resistant to drops? Thank you
 [Merchant] yes, tough rubber cover, survives drops up to 3 meters. safe.
 [Buyer] hmm one quick question please - does it work properly with both Windows and Mac computers? Thank you.
 [Merchant] works windows, mac, android out of box, exFAT format.
 [Buyer] Could you kindly let me know if it has any water resistance as well? Thank you
 [Merchant] iP65 water dust rating, good for outdoors.
 [Buyer] Alright, that sounds wonderful, please. Could you tell me how much you are charging for it? Thank you
 [Merchant] pirce 22,500 taka
 [Buyer] i noticed it for a bit less on other pages, please. Would it be possible for you to offer it for 20,416 taka? Thank you
 [Merchant] best price 21,458 taka. absolute floor.
 [Buyer] 21,458 taka is acceptable to me, please. Could you proceed with my order and hvae it sent to my home? Thank you.
 [Merchant] delivery 100 taka inside Dhaka, 160 taka outside. need 500 taka bKash advance for courier, rest COD.
 [Buyer] I would much prefer paying the full amount when the product arrives at my door, please. Is it possible to waive the advance? Thank you.
 [Merchant] ok waive advance this time. full COD, pls receive parcel
 [Buyer] That is very kind of you, thank you so much. Full COD works perfectly for me, so please let us proceed.
 [Merchant] send full address and phone number for booking
 [Buyer] Here is my delivery information, please: Address: House 14, Road 3, Dhanmondi, Dhaka. Mobile: 01923456789. Thank you.
 [Merchant] confirmed. total 21,558 taka to rider.",yes,PURCHASE_COMMITTED,Ghoster,Samsung T7 Shield 2TB Portable SSD,Computing & Peripherals
10243,ENG_244,"[Buyer] Keychron Q1 Pro Custom Keyboard. avail?
 [Merchant] Good day. Yes, the Keychron Q1 Pro Custom Keyboard is currently in stock, 100% authentic with official warranty.
 [Buyer] price?
 [Merchant] Our standard retail price is 18,500 taka, backed by our standard replacement warranty policy.
 [Buyer] QMK/VIA?
 [Merchant] Yes, full support for QMK and VIA is guaranteed for key mapping and macros, verified by our technical team.
 [Buyer] size?
 [Merchant] It features a 75% compact layout with a rotary knob, retaining dedicated function rows and arrow navigation.
 [Buyer] switches?
 [Merchant] Equipped with factory-installed Keychron K Pro Banana tactile switches. The PCB is fully hot-swappable for genuine customization.
 [Buyer] 2.4GHz wireless or bluetooth?
 [Merchant] We verify all specs strictly: it supports Bluetooth 5.1 and Type-C wired connectivity. A 2.4GHz dongle is not included.
 [Buyer] discount?
 [Merchant] We can offer a special promotional price of 17,530 taka, which is our absolute lowest limit.
 [Buyer] done. 17530. shipping details?
 [Merchant] We utilize secure courier networks. Dhaka delivery takes 1 day for 100 taka; outside Dhaka takes 2-3 days for 160 taka. Per company security policy, a 500 taka advance is mandatory for dispatch.
 [Buyer] full cod?
 [Merchant] Advance payment is mandatory protocol to secure genuine orders. We ensure complete transparency with our open-box inspection policy before final payment.
 [Buyer] fine. sending 500 advance.
 [Merchant] Thank you for trusting our retail service. Please transfer 500 taka to 01721734361 (Merchant) and provide the TrxID.
 [Buyer] sent 500. TrxID BK71X973P. Shaheb Bazar, Master Para, Rajshahi. 01923456789
 [Merchant] Payment authenticated and logged into our system. Order processing initiated. Balance of 17,190 taka assigned to cash on delivery.",yes,PURCHASE_COMMITTED,TechSpecsNerd,Keychron Q1 Pro Custom Keyboard,Computing & Peripherals
10244,ENG_245,"[Buyer] Hi, quick question - Breville Barista Express Espresso Machine, in stock right now?
 [Merchant] Hello sir/ma'am. Yes, it's currently available for immediate delivery.
 [Buyer] Who handles warranty claims if something goes wrong?
 [Merchant] Full 1-year warranty. Just bring the invoice and we handle the rest.
 [Buyer] Quick one - what is the water tank capacity?
 [Merchant] Right, so The removable tank holds 2 litres, which is roughly 15-18 double shots.
 [Buyer] Alright. So what is the final price for this?
 [Merchant] We are currently offering it for 78,000 taka.
 [Buyer] What are the delivery options and charges?
 [Merchant] Delivery is 100 taka inside Dhaka and 160 taka outside. We dispatch immediately upon order confirmation. We just need 500 taka sent to our merchant bKash as a security deposit for the courier. The remaining amount will be collected as COD.
 [Buyer] Fair enough. I'll send the 500 taka to confirm the booking.
 [Merchant] Thank you for understanding! Please send 500 taka to 01777904225 (Merchant) and share the TrxID.
 [Buyer] Sent 500 taka. TrxID is BK43X869P. Please deliver to: College Road, Bogra Sadar, Bogura. Mobile: 01923456789.
 [Merchant] Payment received and verified. Your order is confirmed. The remaining 77,600 taka will be collected on delivery.",yes,PURCHASE_COMMITTED,Comparator,Breville Barista Express Espresso Machine,Home & Kitchen Appliances
10245,ENG_246,"[Buyer] Keychron Q1 Pro Custom Keyboard available?
 [Merchant] yes brand new stock available
 [Buyer] QMK/VIA supported for remapping?
 [Merchant] hang on... yes full qmk via support out of box for macros and keymaps
 [Buyer] delivery time? urgent need.
 [Merchant] order in 1 hr dispatch today inside dhaka tmrw delivery guaranteed
 [Buyer] layout size?
 [Merchant] ok 75% compact layout with knob function row arrows intact
 [Buyer] unsuitable. bye.
 [Merchant] ok np check us later",no,INQUIRY_DROPOUT,Urgent,Keychron Q1 Pro Custom Keyboard,Computing & Peripherals
10246,ENG_247,"[Buyer] so hi. Is the Fujifilm X-T30 II Mirrorless Camera currently in stock?
 [Merchant] Hello! Yes absolutely, fresh boxes just landed in our inventory ready to ship out right now!
 [Buyer] right what is the rock-bottom pricing on this body?
 [Merchant] the official standard price is set at 98,000 taka.
 [Buyer] well can you arrange same-day dispatch? Need it urgently as a present
 [Merchant] Express same-day is totally doable inside Dhaka via Pathao! It's just a slightly higher delivery charge of around 200 taka.
 [Buyer] hmm how many integrated film simulation profiles are built-in?
 [Merchant] Let me double check... Oh yes! It packs 18 classic Fujifilm film simulation modes, including favorites like Classic Neg and Eterna. Trust me, you'll love the colors!
 [Buyer] Does it support 4K video recording?
 [Merchant] To be completely precise, yes! It shoots gorgeous oversampled 4K/30p video with zero crop factor
 [Buyer] What is the exact sensor megapixel count?
 [Merchant] Spot on question! It features a high-end 26.1MP X-Trans CMOS 4 APS-C sensor for stunning image clarity.
 [Buyer] Is there a dedicated external microphone port?
 [Merchant] Happy to clear that up! Yes, there is a 3.5mm mic jack, adn you can handle audio headphone monitoring smoothly via the USB-C adapter
 [Buyer] are you sure this isn't an open-box or store display unit?
 [Merchant] 100% brand new, untouched, factory seal completely intact! We never deal in refurbished or used gear.
 [Buyer] that's a bit high. Can you shave something off?
 [Merchant] I can't match 96,989, but as a special promotional rate for a fast deal, I can do 97,495 taka
 [Buyer] Let's settle at 97,195 taka and I'll clear payment right now
 [Merchant] ok alright, 97,195 taka it is! But keep in mind, that is teh absolute final markdown we can offer
 [Buyer] ok done at 97,195 taka. Let's move forward. Do you ship outside Dhaka?
 [Merchant] yes we ship via secure courier! Delivery takes 1 day inside Dhaka for 100 taka, and 2-3 days outside for 160 taka. We just require a small 500 taka advance sent to our merchant bKash as a security deposit for the courier booking, and the rest goes via Cash on Delivery
 [Buyer] lots of fraud online these days. Why should I risk sending an advance?
 [Merchant] I completely understand your concern, but it's only 500 taka for courier security. We have a rock-solid 5-year reputation and thousands of happy customer reviews backing us up. Unfortunately, this company policy is mandatory for all shipments!
 [Buyer] Alright, fair enough. I will send the 500 taka over to lock in the order
 [Merchant] thnaks so much for trusting us! Just drop the 500 taka to 01773859459 (Merchant) and send over the TrxID right after.
 [Buyer] 500 taka sent. TrxID: BK85X577P. Ship to: College Road, Bogra Sadar, Bogura. Phone: 01712349911.
 [Merchant] payment verified successfully! Your camera is locked in and shipping out. The remaining balance of 96,795 taka will be collected via cash on delivery.",yes,PURCHASE_COMMITTED,Urgent,Fujifilm X-T30 II Mirrorless Camera,Audio & Visual Gear
10247,ENG_248,"[Buyer] hey u guys got the Garmin Forerunner 265 GPS Watch?
 [Merchant] yes in stock ready send now
 [Buyer] how good is teh gps round buildings?
 [Merchant] uses Multi-band GNSS technology, tracks great near tall buildings or dense trees. 100% reliable tracking
 [Buyer] hmm ok cool... does it got amoled display?
 [Merchant] yes Forerunner 265 has bright vibrant AMOLED touchscreen display. very clear.
 [Buyer] can i swim with it?
 [Merchant] has 5 ATM rating, safe for pool and open-water swimming. fully water resistant.
 [Buyer] hmm alright wat is final price plz
 [Merchant] price is 46,500 taka.
 [Buyer] any discount? can u do 43,576 taka?
 [Merchant] cannot do 43,576, lowest best price for fast deal is 45,038 taka
 [Buyer] come on plz drop to 44,538 taka n i buy
 [Merchant] ok 44,538 taka. absolute final pirce no lower.
 [Buyer] thnx for discount... let me think about it first tho
 [Merchant] take time. message when ready.",no,DEFERRED_CONSIDERATION,Ghoster,Garmin Forerunner 265 GPS Watch,Sports & Fitness
10248,ENG_249,"[Buyer] Hi there, is the Garmin Forerunner 265 GPS Watch available in ready stock?
 [Merchant] Hi there! Thanks for reaching out. We do have it available.
 [Buyer] How accurate is the GPS in the city?
 [Merchant] Happy to clarify: it uses Multi-band GNSS technology, providing excellent accuracy even near tall buildings or dense tree cover.
 [Buyer] Alright. So what is the final price for this?
 [Merchant] For the genuine sealed unit, the price is 46,500 taka. Since it's a high-value item, our policy requires a 500 taka advance payment. You can pay the rest to the delivery man.
 [Buyer] I am not comfortable sending an advance. I've had bad experiences with pages taking advance and blocking. Can you do full COD?
 [Merchant] I completely understand your concern. The advance simply ensures you are a serious buyer and covers our return shipping risk if the parcel is rejected. You can check our page reviews and physical shop address for peace of mind.
 [Buyer] Sure, I'll pay the advance. Please share your bKash number.
 [Merchant] Thank you for understanding! Please send 500 taka to 01793959562 (Merchant) and share the TrxID.
 [Buyer] Sent 500 taka. TrxID is BK20X769P. Please deliver to: Agrabad Commercial Area, GEC Circle, Chattogram. Mobile: 01687654321.
 [Merchant] Payment received and verified. Your order is confirmed. The remaining 46,100 taka will be collected on delivery.",yes,PURCHASE_COMMITTED,Comparator,Garmin Forerunner 265 GPS Watch,Sports & Fitness
10249,ENG_250,"[Buyer] Hey, I am interested in purchasing the Fujifilm X-T30 II Mirrorless Camera. Is it available?
 [Merchant] Hello. Yes, Fujifilm X-T30 II Mirrorless Camera is in stock.
 [Buyer] Thanks. How much does it cost in total?
 [Merchant] It's 98,000 taka, all inclusive.
 [Buyer] How does this compare to the model one tier below it?
 [Merchant] The main gains are in build quality and the warranty backing. Cheaper listings are often grey-market imports with no local service.
 [Buyer] Can it shoot 4K video?
 [Merchant] Yes, it records oversampled 4K/30p video with no crop.
 [Buyer] What variants are available right now?
 [Merchant] Right now we have these in stock: Silver, Charcoal Black.
 [Buyer] That's a bit steep. Can you offer any discount on that?
 [Merchant] Since you are confirming today, I can meet you in the middle at 97,426 taka.
 [Buyer] Can you shave off a little more? Round it to 97,126 taka and I'll confirm now.
 [Merchant] You drive a hard bargain. 97,126 taka, final.
 [Buyer] Can you shave off a little more? Round it to 96,852 taka and I'll confirm now.
 [Merchant] That's really the limit - but fine, 96,852 taka since you're ordering today.
 [Buyer] Deal at 96,852 taka. Let's proceed. Okay, how does the delivery process work?
 [Merchant] We offer home delivery all over Bangladesh via Steadfast/Pathao. Inside Dhaka is 100 taka (24 hours), Outside Dhaka is 160 taka (48-72 hours). Since it's a high-value item, our policy requires a 500 taka advance payment. You can pay the rest to the delivery man.
 [Buyer] Too many scam pages these days. Why should I trust you with an advance?
 [Merchant] It is standard procedure to avoid fake courier requests. We offer an open-box inspection in front of the rider before you pay the remaining COD amount.
 [Buyer] Okay, I understand. I'll trust your page this time. Sending the advance now.
 [Merchant] Thank you for understanding! Please send 500 taka to 01734195309 (Merchant) and share the TrxID.
 [Buyer] Sent 500 taka. TrxID is BK37X970P. Please deliver to: Agrabad Commercial Area, GEC Circle, Chattogram. Mobile: 01819876543.
 [Merchant] Payment received and verified. Your order is confirmed. The remaining 96,452 taka will be collected on delivery.",yes,PURCHASE_COMMITTED,LowBaller,Fujifilm X-T30 II Mirrorless Camera,Audio & Visual Gear
10250,ENG_251,"[Buyer] right garmin Forerunner 265 GPS Watch. Available?
 [Merchant] Hello there! Yes, we have brand new units in stock, ready for you!
 [Buyer] waterproof for swimming?
 [Merchant] yes absolutely! It features a 5 ATM rating, so you can safely use it for both pool and open-water swimming without any worries.
 [Buyer] Price?
 [Merchant] This one is priced at 46,500 taka
 [Buyer] so discount to 45,348 taka?
 [Merchant] Ah, the price is strictly fixed at 46,500, taka friend. But we promise 100% authenticity and full warranty protection, unlike some cheaper sellers
 [Buyer] Too expensive. Buying from Daraz instead
 [Merchant] No worries at all! Just reach out anytime if you need anything else, have a great day!",no,INQUIRY_DROPOUT,DeliveryObsessed,Garmin Forerunner 265 GPS Watch,Sports & Fitness
10251,ENG_252,"[Buyer] Hello, do you have the Viofo A129 Pro Duo 4K Dash Cam in stock? Please confirm.
 [Merchant] Hi! Absolutely, we have it ready for you.
 [Buyer] I need this before tomorrow evening. Is that possible?
 [Merchant] We can prioritize your parcel. Confirm now and it goes out with today's pickup.
 [Buyer] Quick one - is there a GPS logger?
 [Merchant] Let me confirm that for you. Yes, the bundled GPS mount stamps speed and location onto the footage.
 [Buyer] Just double-checking - it's physically in your shop right now, not on order?
 [Merchant] In hand and ready. You can even come see it at our outlet.
 [Buyer] Great. What condition is it in? Is it 100% intact?
 [Merchant] Yes, it is guaranteed brand new and sealed. You'll be the first to open it.
 [Buyer] Understood. Could you let me know the current price?
 [Merchant] We are currently offering it for 23,500 taka.
 [Buyer] What are the delivery options and charges?
 [Merchant] Delivery is 100 taka inside Dhaka and 160 taka outside. We dispatch immediately upon order confirmation. To confirm the order, we require a small 500 taka advance via bKash to cover the courier booking fee. The rest is Cash on Delivery.
 [Buyer] Why the advance? I want 100% Cash on Delivery without any prior payment.
 [Merchant] Alright, for you we'll waive the advance this once. Full COD, but please receive the parcel - rejections cost us.
 [Buyer] Great, full COD works for me. Let's do it.
 [Merchant] Perfect. Please share your full delivery address and mobile number to book the parcel.
 [Buyer] Address: Station Road, Gopalganj Sadar, Gopalganj. Mobile: 01611778899.
 [Merchant] Order confirmed and booked. Full 23,600 taka is payable to the rider on delivery.",yes,PURCHASE_COMMITTED,Urgent,Viofo A129 Pro Duo 4K Dash Cam,Automotive & Riding Gear
10252,ENG_253,"[Buyer] Hi there, is the Keychron Q1 Pro Custom Keyboard available in ready stock?
 [Merchant] Hello sir/ma'am. Yes, it's currently available for immediate delivery.
 [Buyer] Any chance this is a used or open-box piece?
 [Merchant] Yes, it is 100% official brand new, factory sealed with all accessories.
 [Buyer] How heavy is it?
 [Merchant] Happy to clarify: the full aluminum build weighs around 1.6 kg, so it stays firmly planted on the desk.
 [Buyer] Also, what is the keyboard layout size?
 [Merchant] Certainly. It's a 75% compact layout with a knob, so you keep the function row and arrow keys.
 [Buyer] I had a technical question. Does it support wireless 2.4GHz dongle or only Bluetooth 5.1?
 [Merchant] To be precise, the Q1 Pro operates on Bluetooth 5.1 and Type-C wired mode. It does not come with a 2.4GHz dongle.
 [Buyer] Is the body plastic or metal?
 [Merchant] It has a premium full CNC machined aluminum body.
 [Buyer] Is this ready stock or pre-order? I need to be sure.
 [Merchant] It's physically in our shop, in hand. We can dispatch today.
 [Buyer] I need this before tomorrow evening. Is that possible?
 [Merchant] We can prioritize your parcel. Confirm now and it goes out with today's pickup.
 [Buyer] What is the price? Please let me know.
 [Merchant] The item is priced at 18,500 taka.
 [Buyer] Any chance you can lower the price a bit? Maybe 16,700 taka?
 [Merchant] Alright, I can give a small concession. Final price 17,600 taka. Deal?
 [Buyer] Alright, 17,600 taka sounds fair. I'll take it. Do you deliver outside Dhaka?
 [Merchant] Delivery is 100 taka inside Dhaka and 160 taka outside. We dispatch immediately upon order confirmation. To confirm the order, we require a small 500 taka advance via bKash to cover the courier booking fee. The rest is Cash on Delivery.
 [Buyer] Okay, I understand. I'll trust your page this time. Sending the advance now.
 [Merchant] Thank you for understanding! Please send 500 taka to 01723123053 (Merchant) and share the TrxID.
 [Buyer] Sent 500 taka. TrxID is BK66X914P. Please deliver to: Station Road, Gopalganj Sadar, Gopalganj. Mobile: 01712349911.
 [Merchant] Payment received and verified. Your order is confirmed. The remaining 17,200 taka will be collected on delivery.",yes,PURCHASE_COMMITTED,Urgent,Keychron Q1 Pro Custom Keyboard,Computing & Peripherals
10253,ENG_254,"[Buyer] Hi there, is the Keychron Q1 Pro Custom Keyboard available in ready stock?
 [Merchant] Hello. Yes, Keychron Q1 Pro Custom Keyboard is in stock.
 [Buyer] Another thing: how heavy is it?
 [Merchant] The full aluminum build weighs around 1.6 kg, so it stays firmly planted on the desk.
 [Buyer] Also, what type of switches does it come with?
 [Merchant] Right, so It comes pre-installed with Keychron K Pro Banana tactile switches, but it's fully hot-swappable. Hope that helps!
 [Buyer] Who handles warranty claims if something goes wrong?
 [Merchant] Full 1-year warranty. Just bring the invoice and we handle the rest.
 [Buyer] Can I see the invoice or import papers to verify it's official?
 [Merchant] Of course - here's a short video of the actual box in our showroom.
 [Buyer] Awesome. Before we proceed, is it completely brand new and factory sealed?
 [Merchant] Of course. It's an official global version, sealed box, with full warranty.
 [Buyer] What's the rate on this one?
 [Merchant] The item is priced at 18,500 taka.
 [Buyer] I've seen it slightly cheaper elsewhere. Can you do 16,683 taka?
 [Merchant] For you, 17,592 taka. That's genuinely the floor.
 [Buyer] Deal at 17,592 taka. Let's proceed. I need it delivered to my home. What's the procedure?
 [Merchant] Delivery is 100 taka inside Dhaka and 160 taka outside. We dispatch immediately upon order confirmation. We just need 500 taka sent to our merchant bKash as a security deposit for the courier. The remaining amount will be collected as COD.
 [Buyer] Is the advance strictly necessary? I'd rather do full COD.
 [Merchant] I completely understand your concern. The advance simply ensures you are a serious buyer and covers our return shipping risk if the parcel is rejected. You can check our page reviews and physical shop address for peace of mind.
 [Buyer] Okay, I understand. I'll trust your page this time. Sending the advance now.
 [Merchant] Thank you for understanding! Please send 500 taka to 01755378392 (Merchant) and share the TrxID.
 [Buyer] Sent 500 taka. TrxID is BK16X323P. Please deliver to: Zindabazar, Lamabazar Road, Sylhet. Mobile: 01611778899.
 [Merchant] Payment received and verified. Your order is confirmed. The remaining 17,252 taka will be collected on delivery.",yes,PURCHASE_COMMITTED,Skeptic,Keychron Q1 Pro Custom Keyboard,Computing & Peripherals
10254,ENG_255,"[Buyer] Hello, could you please tell me if the Samsung T7 Shield 2TB Portable SSD is currently in ready stock?
 [Merchant] yes ready stock here
 [Buyer] thank you. What is the price for this item, please?
 [Merchant] yes 22,500 taka flat. fixed price.
 [Buyer] Could you kindly let me know which color options you have available at the moment?
 [Merchant] have Black, Beige, Blue. all 22,500 taka
 [Buyer] please let me know if I can record Apple ProRes straight to it using an iPhone 15 Pro
 [Merchant] ya works perfect for direct ProRes 4K recording on iPhone 15 Pro.
 [Buyer] I would also appreciate it if you could share the read and write speeds, please.
 [Merchant] up to 1050 MB/s read, 1000 MB/s write via USB 3.2 Gen 2
 [Buyer] Thank you for bearing with me. Does it offer any water resistance protection?
 [Merchant] IP65 rating. safe from water and dust for outdoor shoots.
 [Buyer] Could you please confirm if it works properly on both Windows and Mac computers?
 [Merchant] ok preformatted exFAT. plug and play on Windows, macOS, Android
 [Buyer] Thank you so much for all your help. I will think it over and get back to you later, please.
 [Merchant] sure take time. let me know.",no,DEFERRED_CONSIDERATION,TechSpecsNerd,Samsung T7 Shield 2TB Portable SSD,Computing & Peripherals
10255,ENG_256,"[Buyer] Hello! I saw your post regarding the Dyson Purifier Cool TP07. Do you have it?
 [Merchant] Hi there! Thanks for reaching out. We do have it available.
 [Buyer] Thanks. How much does it cost in total?
 [Merchant] The item is priced at 68,000 taka.
 [Buyer] Sorry, one more time: is this in hand, or do you have to bring it in?
 [Merchant] It's physically in our shop, in hand. We can dispatch today.
 [Buyer] I had a technical question. Is it loud at night?
 [Merchant] Right, so There's a dedicated night mode that caps fan speed and dims the display. Hope that helps!
 [Buyer] What are the delivery options and charges?
 [Merchant] Delivery is 100 taka inside Dhaka and 160 taka outside. We dispatch immediately upon order confirmation. Since it's a high-value item, our policy requires a 500 taka advance payment. You can pay the rest to the delivery man.
 [Buyer] Great, full COD works for me. Let's do it.
 [Merchant] Perfect. Please share your full delivery address and mobile number to book the parcel.
 [Buyer] Address: House 102, Road 5, Block B, Bashundhara R/A, Dhaka. Mobile: 01734567890.
 [Merchant] Order confirmed and booked. Full 68,100 taka is payable to the rider on delivery.",yes,PURCHASE_COMMITTED,Urgent,Dyson Purifier Cool TP07,Home & Kitchen Appliances
10256,ENG_257,"[Buyer] Hi, quick question - Samsung T7 Shield 2TB Portable SSD, in stock right now?
 [Merchant] Hello! Yes, the Samsung T7 Shield 2TB Portable SSD is available in our ready stock.
 [Buyer] Alright. So what is the final price for this?
 [Merchant] For the genuine sealed unit, the price is 22,500 taka.
 [Buyer] Is there a choice of colors or finishes?
 [Merchant] Right now we have these in stock: Black, Beige, Blue.
 [Buyer] Also, does it work with both Windows and Mac?
 [Merchant] Good question. Yes, it ships exFAT formatted and works on Windows, macOS, and Android out of the box.
 [Buyer] I need this before tomorrow evening. Is that possible?
 [Merchant] Same-day is possible inside Dhaka via Pathao, but the charge would be higher, around 200 taka.
 [Buyer] Do you deliver outside Dhaka?
 [Merchant] We use premium courier services. It takes 1 day for Dhaka (100 taka) and 2-3 days outside (160 taka). For order confirmation, a 500 taka advance via bKash is mandatory. The balance is full Cash on Delivery (COD).
 [Buyer] Is the advance strictly necessary? I'd rather do full COD.
 [Merchant] It is standard procedure to avoid fake courier requests. We offer an open-box inspection in front of the rider before you pay the remaining COD amount.
 [Buyer] Sure, I'll pay the advance. Please share your bKash number.
 [Merchant] Thank you for understanding! Please send 500 taka to 01729549651 (Merchant) and share the TrxID.
 [Buyer] Sent 500 taka. TrxID is BK85X482P. Please deliver to: House 14, Road 3, Dhanmondi, Dhaka. Mobile: 01711223388.
 [Merchant] Payment received and verified. Your order is confirmed. The remaining 22,100 taka will be collected on delivery.",yes,PURCHASE_COMMITTED,Urgent,Samsung T7 Shield 2TB Portable SSD,Computing & Peripherals
10257,ENG_258,"[Buyer] Hello, is the Keychron Q1 Pro Custom Keyboard currently in stock?
 [Merchant] Hello! Yes, the Keychron Q1 Pro Custom Keyboard is available in our ready stock.
 [Buyer] Nice. Does it come intact with the original factory seal?
 [Merchant] Absolutely. It is completely intact, unopened, and comes with a 1-year official warranty.
 [Buyer] What if I order 5 of these? Does the price change?
 [Merchant] For 3 or more units we can discuss a corporate rate. Please share your requirement in detail.
 [Buyer] Quick one - is the body plastic or metal?
 [Merchant] It has a premium full CNC machined aluminum body. Let me know if you need more detail.
 [Buyer] I had a technical question. Does it support wireless 2.4GHz dongle or only Bluetooth 5.1?
 [Merchant] Absolutely. The Q1 Pro operates on Bluetooth 5.1 and Type-C wired mode. It does not come with a 2.4GHz dongle.
 [Buyer] How heavy is it?
 [Merchant] Absolutely. The full aluminum build weighs around 1.6 kg, so it stays firmly planted on the desk. Anything else you'd like to know?
 [Buyer] I had a technical question. What is the keyboard layout size?
 [Merchant] Absolutely. It's a 75% compact layout with a knob, so you keep the function row and arrow keys.
 [Buyer] Alright. So what is the final price for this?
 [Merchant] Our selling price for this unit is 18,500 taka.
 [Buyer] What are the delivery options and charges?
 [Merchant] Delivery charge is 100 taka for Dhaka, 160 taka outside. Packages are fully insured. For order confirmation, a 500 taka advance via bKash is mandatory. The balance is full Cash on Delivery (COD).
 [Buyer] I prefer paying everything when I have the product in my hands. Can we skip the advance?
 [Merchant] Sir, it's just 500 taka for courier security. We have a solid 5-year track record and thousands of reviews. We cannot bypass this policy, unfortunately.
 [Buyer] Alright, that makes sense. I will send the 500 taka advance.
 [Merchant] Thank you for understanding! Please send 500 taka to 01775239366 (Merchant) and share the TrxID.
 [Buyer] Sent 500 taka. TrxID is BK20X550P. Please deliver to: House 14, Road 3, Dhanmondi, Dhaka. Mobile: 01611778899.
 [Merchant] Payment received and verified. Your order is confirmed. The remaining 18,160 taka will be collected on delivery.",yes,PURCHASE_COMMITTED,LowBaller,Keychron Q1 Pro Custom Keyboard,Computing & Peripherals
10258,ENG_259,"[Buyer] Hello! I saw your post regarding the Sony WH-1000XM5 Wireless Headphones. Do you have it?
 [Merchant] Hi! Absolutely, we have it ready for you.
 [Buyer] What is the battery life like with ANC on?
 [Merchant] You get up to 30 hours of battery life with noise cancellation turned on.
 [Buyer] Does it support multi-point Bluetooth connection?
 [Merchant] Happy to clarify: yes, you can connect it to two devices simultaneously, like your phone and laptop. Let me know if you need more detail.
 [Buyer] I see. And Does it fold up for travel?
 [Merchant] Happy to clarify: the XM5 does not fold at the hinges like the XM4, but it comes with a slim moulded carry case.
 [Buyer] Which colors do you have in stock?
 [Merchant] Available variants are Black, Silver, Midnight Blue.
 [Buyer] Great. What's your best price for this item?
 [Merchant] It's 32,000 taka, all inclusive.
 [Buyer] Could you give a small discount? My budget is closer to 30,467 taka.
 [Merchant] I can't do 30,467, but as a special offer for a quick deal, I can offer 31,234 taka.
 [Buyer] Meet me at 31,034 taka and I'll pay immediately.
 [Merchant] You drive a hard bargain. 31,034 taka, final.
 [Buyer] Deal at 31,034 taka. Let's proceed. Okay, how does the delivery process work?
 [Merchant] We offer home delivery all over Bangladesh via Steadfast/Pathao. Inside Dhaka is 100 taka (24 hours), Outside Dhaka is 160 taka (48-72 hours). Since it's a high-value item, our policy requires a 500 taka advance payment. You can pay the rest to the delivery man.
 [Buyer] Great, full COD works for me. Let's do it.
 [Merchant] Perfect. Please share your full delivery address and mobile number to book the parcel.
 [Buyer] Address: Kandirpar, Victoria College Road, Cumilla. Mobile: 01712349911.
 [Merchant] Order confirmed and booked. Full 31,134 taka is payable to the rider on delivery.",yes,PURCHASE_COMMITTED,LowBaller,Sony WH-1000XM5 Wireless Headphones,Audio & Visual Gear
10259,ENG_260,"[Buyer] Hi there! I hope you are having a wonderful day. I was checking out your page and wanted to ask if you still have the Samsung T7 Shield 2TB Portable SSD available?
 [Merchant] Hello! Welcome to our store. Yes, we definitely have the Samsung T7 Shield 2TB Portable SSD available in stock right now.
 [Buyer] That is wonderful news, thanks so much! Just to double check before moving forward, is the unit entirely brand new and still factory sealed?
 [Merchant] Yes, absolutely! We only carry genuine and factory-sealed items here. You are getting a completely brand new piece.
 [Buyer] Oh lovely. Can you also tell me if it happens to be water resistant?
 [Merchant] I would love to help clarify that for you. It features an IP65 rating for water and dust resistance, which makes it wonderful for outdoor shoots!
 [Buyer] One more quick question just to be sure... am I able to record Apple ProRes directly to it using an iPhone 15 Pro?
 [Merchant] Let me confirm that for you... yes, it is completely compatible for direct ProRes 4K recording straight from the iPhone 15 Pro. Please let me know if you need any other details!
 [Buyer] Wonderful! Could you kindly let me know how much it costs?
 [Merchant] It is priced at 22,500, taka and that is all inclusive.
 [Buyer] Ah I see. Is there any wiggle room on that? Would you be open to doing 21,360 taka instead?
 [Merchant] Unfortunately, we really cannot drop it that low. Our absolute best price is the stated 22,500, taka as it is a premium item.
 [Buyer] Oh that is a bit steep for my budget. I guess I will pass for now and look into getting it on Daraz instead, but thank you!
 [Merchant] Understood completely. Thank you so much for dropping by and reaching out to us today!",no,INQUIRY_DROPOUT,Standard,Samsung T7 Shield 2TB Portable SSD,Computing & Peripherals
10260,ENG_261,"[Buyer] Hi, I want to buy the Dyson Purifier Cool TP07. Let me know if it's available.
 [Merchant] Greetings! Yes, we have brand new units in stock.
 [Buyer] Great. What's your best price for this item?
 [Merchant] We are currently offering it for 68,000 taka.
 [Buyer] Quick one - how far does it oscillate?
 [Merchant] Checking the spec sheet - it features adjustable oscillation up to 350 degrees to project air across the whole room.
 [Buyer] I see. And Is it loud at night?
 [Merchant] There's a dedicated night mode that caps fan speed and dims the display.
 [Buyer] Alright. Do you do home delivery? And what is the fee?
 [Merchant] Delivery is 100 taka inside Dhaka and 160 taka outside. We dispatch immediately upon order confirmation. To confirm the order, we require a small 500 taka advance via bKash to cover the courier booking fee. The rest is Cash on Delivery.
 [Buyer] Alright, that makes sense. I will send the 500 taka advance.
 [Merchant] Thank you for understanding! Please send 500 taka to 01717524503 (Merchant) and share the TrxID.
 [Buyer] Sent 500 taka. TrxID is BK93X283P. Please deliver to: Zindabazar, Lamabazar Road, Sylhet. Mobile: 01711223388.
 [Merchant] Payment received and verified. Your order is confirmed. The remaining 67,660 taka will be collected on delivery.",yes,PURCHASE_COMMITTED,Ghoster,Dyson Purifier Cool TP07,Home & Kitchen Appliances
10261,ENG_262,"[Buyer] hmm hey... u guys still selling the Breville Barista Express Espresso Machine?
 [Merchant] hello and welcome, ma'am! We appreciate your inquiry, and yes, that item is currently in stock.
 [Buyer] whats the water tank size on it?
 [Merchant] Let me look at the specifications for you. teh detachable water reservoir has a 2 litres capacity, which easily makes around 15-18 double shots.
 [Buyer] got a tech question tho... single or dual boiler?
 [Merchant] right checking the details here - it features a single Thermocoil heating system, meaning yuo will brew your espresso and then froth your milk one after the other rather than at the exact same time. Hope this information is useful to you, ma'am!
 [Buyer] does it come with a built-in grinder?
 [Merchant] To be exact, yes indeed, it comes equipped with an integrated precision conical burr grinder complete wiht dose control
 [Buyer] who takes care of warranty issues if it breaks?
 [Merchant] it includes a full 1-year warranty, ma'am. Simply show your purchase invoice to us, and we will take care of everything else for you
 [Buyer] thnx. whats the final price tho?
 [Merchant] ok for an authentic, factory-sealed unit, teh total price comes to 78,000 taka, ma'am.
 [Buyer] way too pricey for me atm :/ thnx anyway tho
 [Merchant] sure we completely understand, ma'am. Please do not hesitate to reach out to us again whenever you like",no,INQUIRY_DROPOUT,TechSpecsNerd,Breville Barista Express Espresso Machine,Home & Kitchen Appliances
10262,ENG_263,"[Buyer] Hello, is the Fujifilm X-T30 II Mirrorless Camera currently in stock?
 [Merchant] Greetings! Yes, we have brand new units in stock.
 [Buyer] Also, does this include a kit lens?
 [Merchant] Happy to clarify: yes, this package includes the XC 15-45mm OIS PZ lens.
 [Buyer] How soon can it reach me? I need it urgently.
 [Merchant] Same-day is possible inside Dhaka via Pathao, but the charge would be higher, around 200 taka.
 [Buyer] Alright. So what is the final price for this?
 [Merchant] For the genuine sealed unit, the price is 98,000 taka. We just need 500 taka sent to our merchant bKash as a security deposit for the courier. The remaining amount will be collected as COD.
 [Buyer] Alright, that makes sense. I will send the 500 taka advance.
 [Merchant] Thank you for understanding! Please send 500 taka to 01745748832 (Merchant) and share the TrxID.
 [Buyer] Sent 500 taka. TrxID is BK81X968P. Please deliver to: Agrabad Commercial Area, GEC Circle, Chattogram. Mobile: 01611778899.
 [Merchant] Payment received and verified. Your order is confirmed. The remaining 97,600 taka will be collected on delivery.",yes,PURCHASE_COMMITTED,Urgent,Fujifilm X-T30 II Mirrorless Camera,Audio & Visual Gear
10263,ENG_264,"[Buyer] Breville Barista Express Espresso Machine. available?
 [Merchant] Hello there! Yes, we have it in stock and ready to ship out right away.
 [Buyer] Warranty terms? Duration?
 [Merchant] You get a solid 1-year replacement warranty for any manufacturing defects, handled right here at our shop.
 [Buyer] Portafilter size?
 [Merchant] It features a standard 54mm stainless steel portafilter. Perfect for great extraction!
 [Buyer] Grinder included?
 [Merchant] Yes, absolutely! It comes equipped with an integrated precision conical burr grinder featuring dose control.
 [Buyer] Water tank volume?
 [Merchant] It comes with a removable tank that holds 2 litres, giving you about 15-18 double shots.
 [Buyer] Send live photo of box. No stock pics.
 [Merchant] Sure thing! Here is a quick video showing the actual box sitting right here in our showroom.
 [Buyer] In physical stock right now?
 [Merchant] In hand and ready. You are also welcome to drop by our outlet to check it out in person.
 [Buyer] Price?
 [Merchant] The price for this genuine sealed unit is 78,000 taka.
 [Buyer] Lower price plz. Budget 75,313 taka.
 [Merchant] Apologies, we cannot go that low. Our 78,000 taka tag is already our best price for genuine stock.
 [Buyer] Too expensive. Buying from Daraz instead.
 [Merchant] No worries at all! Thank you for stopping by, and wishing you all the best.",no,INQUIRY_DROPOUT,Skeptic,Breville Barista Express Espresso Machine,Home & Kitchen Appliances
10264,ENG_265,"[Buyer] Fujifilm X-T30 II Mirrorless Camera in stock?
 [Merchant] Hello! Yes, it is in stock and ready to ship out to you right away.
 [Buyer] IBIS included?
 [Merchant] right no, the X-T30 II doesn't have built-in stabilization. It depends on OIS lenses. Let me know if you need any other details!
 [Buyer] Total count of film simulation modes?
 [Merchant] it comes with 18 amazing Fujifilm film simulation modes, such as Classic Neg and Eterna.
 [Buyer] lowest price?
 [Merchant] ok that would be 98,000 taka, total.
 [Buyer] Drop to 96,495 taka and I buy now
 [Merchant] Since you are purchasing today, I can compromise at 97,248 taka for you.
 [Buyer] set it to 96,948 taka to close.
 [Merchant] You are a tough negotiator! Okay, 96,948 taka is our final price.
 [Buyer] so understood. Thanks
 [Merchant] right you're very welcome! Feel free to reach out whenever you're ready to proceed.",no,DEFERRED_CONSIDERATION,Standard,Fujifilm X-T30 II Mirrorless Camera,Audio & Visual Gear
10265,ENG_266,"[Buyer] hi u guys have sony wh-1000xm5 wireless headphones
 [Merchant] hello! Thank you so much for messaging us. Yes, we definitely have them in stock adn ready to ship!
 [Buyer] how much is it
 [Merchant] The price for this model is 32,000 taka right now.
 [Buyer] other places are cheaper can u do 30,835 taka
 [Merchant] Since you are ordering today, I can give you a special discount and bring it down to 31,418 taka for you.
 [Buyer] ok ok deal at 31,418 taka lets do it
 [Merchant] We usually need a small 500 taka advance via bKash to lock in the courier, but we can arrange full payment upon delivery for you.
 [Buyer] awesome full cod is best lets go
 [Merchant] yes wonderful! Please drop your delivery address and phone number so we can set up the shipment right away
 [Buyer] building 24 road 8 mirpur dohs dhaka ph 01734567890
 [Merchant] yes got it, your order is fully confirmed! The total of 31,578 taka will be collected by the rider when it arrives",yes,PURCHASE_COMMITTED,Ghoster,Sony WH-1000XM5 Wireless Headphones,Audio & Visual Gear
10266,ENG_267,"[Buyer] well need the Sony WH-1000XM5 Wireless Headphones. Got stock?
 [Merchant] in stock. shipping out today.
 [Buyer] any meaningful driver or tuning delta over previous gen?
 [Merchant] sure better build + warranty. cheaper ones grey market with zero local support.
 [Buyer] well factory seal intact? Want pure retail unit.
 [Merchant] factory sealed box. 1-year official warranty included
 [Buyer] well can I drive it via analog cable if the internal cell drops to zero?
 [Merchant] yes. includes 3.5mm headphone cable for passive wired listening.
 [Buyer] What about fast charge protocol specs?
 [Merchant] 3 mins charge = 3 hrs playback. per official spec sheet.
 [Buyer] Does the firmware support dual-link BT pairing simultaneously?
 [Merchant] yes. connect two devices at once, like phone and laptop.
 [Buyer] How much noise floor reduction improvement on the ANC array over the XM4?
 [Merchant] uses two processors, 8 microphones. much better noise cancellation on highs.
 [Buyer] Alright. Price?
 [Merchant] 32,000 taka flat.
 [Buyer] market is lower. Can yuo match 29,693 taka?
 [Merchant] right cant do 29,693. best for quick deal is 30,847 taka.
 [Buyer] fine, 30,847 taka works. Lock it in. Shipping rates and logistics?
 [Merchant] 100 taka inside Dhaka, 160 taka outside. fully insured. send 500 taka bKash advance, rest COD
 [Buyer] Send bKash digits, processing advance now
 [Merchant] send 500 taka to 01734782479 (Merchant) then drop TrxID.
 [Buyer] done, 500 taka sent. TrxID: BK29X961P. Ship to: House 14, Road 3, Dhanmondi, Dhaka. Cell: 01712349911.
 [Merchant] payment checked. order confirmed. 30,447 taka balance on delivery",yes,PURCHASE_COMMITTED,Ghoster,Sony WH-1000XM5 Wireless Headphones,Audio & Visual Gear
10267,ENG_268,"[Buyer] Hi, quick question - Keychron Q1 Pro Custom Keyboard, in stock right now?
 [Merchant] Hello sir/ma'am. Yes, it's currently available for immediate delivery.
 [Buyer] How soon can it reach me? I need it urgently.
 [Merchant] We can prioritize your parcel. Confirm now and it goes out with today's pickup.
 [Buyer] What type of switches does it come with?
 [Merchant] It comes pre-installed with Keychron K Pro Banana tactile switches, but it's fully hot-swappable.
 [Buyer] Quick one - does it support QMK/VIA for key remapping?
 [Merchant] Yes, it fully supports QMK and VIA right out of the box for custom keymaps and macros. Anything else you'd like to know?
 [Buyer] Also, what is the keyboard layout size?
 [Merchant] It's a 75% compact layout with a knob, so you keep the function row and arrow keys. Anything else you'd like to know?
 [Buyer] Perfect. Just confirming, this is a completely sealed, unopened unit right?
 [Merchant] Absolutely. It is completely intact, unopened, and comes with a 1-year official warranty.
 [Buyer] Alright. So what is the final price for this?
 [Merchant] Our selling price for this unit is 18,500 taka.
 [Buyer] That's a bit steep. Can you offer any discount on that?
 [Merchant] Margin is tight, but I want to make this sale. I'll agree to 17,312 taka.
 [Buyer] Deal at 17,312 taka. Let's proceed. Do you deliver outside Dhaka?
 [Merchant] Delivery is 100 taka inside Dhaka and 160 taka outside. We dispatch immediately upon order confirmation. We just need 500 taka sent to our merchant bKash as a security deposit for the courier. The remaining amount will be collected as COD.
 [Buyer] Too many scam pages these days. Why should I trust you with an advance?
 [Merchant] It is standard procedure to avoid fake courier requests. We offer an open-box inspection in front of the rider before you pay the remaining COD amount.
 [Buyer] Fair enough. I'll send the 500 taka to confirm the booking.
 [Merchant] Thank you for understanding! Please send 500 taka to 01767573760 (Merchant) and share the TrxID.
 [Buyer] Sent 500 taka. TrxID is BK54X760P. Please deliver to: College Road, Bogra Sadar, Bogura. Mobile: 01822334455.
 [Merchant] Payment received and verified. Your order is confirmed. The remaining 16,912 taka will be collected on delivery.",yes,PURCHASE_COMMITTED,Urgent,Keychron Q1 Pro Custom Keyboard,Computing & Peripherals
10268,ENG_269,"[Buyer] Hello. Interested in the Sony WH-1000XM5 Wireless Headphones. Still selling?
 [Merchant] Hello! In stock and ready to dispatch today.
 [Buyer] I had a technical question. How is the active noise cancellation compared to the XM4?
 [Merchant] The XM5 uses two processors and 8 microphones for significantly improved noise cancellation, especially for high-frequency sounds. That's straight from the official spec sheet.
 [Buyer] Another thing: can I use them wired if the battery dies?
 [Merchant] Good question. Yes, it comes with a 3.5mm headphone cable for passive wired listening.
 [Buyer] Also, what is the battery life like with ANC on?
 [Merchant] To be precise, you get up to 30 hours of battery life with noise cancellation turned on.
 [Buyer] How soon can it reach me? I need it urgently.
 [Merchant] Same-day is possible inside Dhaka via Pathao, but the charge would be higher, around 200 taka.
 [Buyer] Thanks. How much does it cost in total?
 [Merchant] For the genuine sealed unit, the price is 32,000 taka.
 [Buyer] That's a bit steep. Can you offer any discount on that?
 [Merchant] For you, 30,682 taka. That's genuinely the floor.
 [Buyer] Alright, 30,682 taka sounds fair. I'll take it. Okay, how does the delivery process work?
 [Merchant] We use premium courier services. It takes 1 day for Dhaka (100 taka) and 2-3 days outside (160 taka). To confirm the order, we require a small 500 taka advance via bKash to cover the courier booking fee. The rest is Cash on Delivery.
 [Buyer] Is the advance strictly necessary? I'd rather do full COD.
 [Merchant] Sir, it's just 500 taka for courier security. We have a solid 5-year track record and thousands of reviews. We cannot bypass this policy, unfortunately.
 [Buyer] Sure, I'll pay the advance. Please share your bKash number.
 [Merchant] Thank you for understanding! Please send 500 taka to 01769468637 (Merchant) and share the TrxID.
 [Buyer] Sent 500 taka. TrxID is BK44X264P. Please deliver to: House 14, Road 3, Dhanmondi, Dhaka. Mobile: 01711223388.
 [Merchant] Payment received and verified. Your order is confirmed. The remaining 30,282 taka will be collected on delivery.",yes,PURCHASE_COMMITTED,DeliveryObsessed,Sony WH-1000XM5 Wireless Headphones,Audio & Visual Gear
10269,ENG_270,"[Buyer] Good afternoon, I am looking for the Breville Barista Express Espresso Machine. Can you confirm stock?
 [Merchant] Hello! Yes, the Breville Barista Express Espresso Machine is available in our ready stock.
 [Buyer] What is the price? Please let me know.
 [Merchant] Our selling price for this unit is 78,000 taka.
 [Buyer] Great. What condition is it in? Is it 100% intact?
 [Merchant] Brand new, untouched, seal intact. We don't sell refurbished items at all.
 [Buyer] Is this worth it over the previous generation?
 [Merchant] It's a genuine step up, and more importantly ours is official stock with real warranty support.
 [Buyer] What is the water tank capacity?
 [Merchant] Good question. The removable tank holds 2 litres, which is roughly 15-18 double shots. Let me know if you need more detail.
 [Buyer] I see. And Is it a single or dual boiler?
 [Merchant] Good question. It uses a single Thermocoil heating system, meaning you brew espresso and steam milk sequentially, not simultaneously.
 [Buyer] Also, how long does it take to heat up?
 [Merchant] Good question. About 30 seconds from cold to first shot thanks to the Thermocoil. Let me know if you need more detail.
 [Buyer] Could you share a picture of the sealed box with today's date?
 [Merchant] Yes, I can share the import invoice. We're a registered importer.
 [Buyer] Okay. I'll let you know.
 [Merchant] No rush at all. The offer stands, just message us whenever.",no,DEFERRED_CONSIDERATION,Skeptic,Breville Barista Express Espresso Machine,Home & Kitchen Appliances
10270,ENG_271,"[Buyer] well hello there hope u are having a nice day... i am looking to pick up the Samsung T7 Shield 2TB Portable SSD plz tell me if u have it ready
 [Merchant] Greetings, ma'am! We currently have brand new units available in our inventory and ready for dispatch
 [Buyer] just wanted to check... does it handle bumps well? is it properly rugged and drop-resistant?
 [Merchant] Yes, ma'am, it features a rugged rubberized exterior designed to withstand accidental drops from up to 3 meters for your peace of mind.
 [Buyer] oh thats cool... one quick technical thing tho... can u plug it into an iPhone 15 Pro and record Apple ProRes straight onto it?
 [Merchant] right yes, ma'am, it is fully compatible for direct 4K ProRes recording from teh iPhone 15 Pro, as confirmed directly by the manufacturer specifications.
 [Buyer] thnx so much for all the help with my questions... let me sleep on it for a couple of days adn ill get back to u
 [Merchant] Understood, sir. Please feel free to reach out whenever you are ready, though do keep in mind that our stock levels do change frequently",no,DEFERRED_CONSIDERATION,Skeptic,Samsung T7 Shield 2TB Portable SSD,Computing & Peripherals
10271,ENG_272,"[Buyer] Keychron Q1 Pro Custom Keyboard. In stock?
 [Merchant] Hello! Welcome to our page, and yes absolutely, we have it ready for you!
 [Buyer] Available colors?
 [Merchant] Glad you asked! We currently have Carbon Black, Silver Grey, and Blue ready to ship.
 [Buyer] QMK/VIA support included?
 [Merchant] Yes indeed! It offers full support for QMK and VIA right out of the box so you can easily customize all your keymaps and macros without hassle.
 [Buyer] Delivery timeline? Urgent.
 [Merchant] No worries at all, we can definitely rush this for you. Just confirm your details now and we will send it out with our very quick today's pickup!
 [Buyer] Total cost?
 [Merchant] For the brand new sealed unit, the total comes to 18,500 taka.
 [Buyer] Understood.
 [Merchant] Thank you so much for chatting with us! Have a wonderful day ahead.",no,INQUIRY_DROPOUT,Urgent,Keychron Q1 Pro Custom Keyboard,Computing & Peripherals
10272,ENG_273,"[Buyer] Samsung T7 Shield 2TB Portable SSD in stock?
 [Merchant] Yes! Absolutely! We have the Samsung T7 Shield 2TB Portable SSD right here and ready to ship out today!
 [Buyer] IP65 certified?
 [Merchant] Oh for sure! It features an IP65 rating for water and dust resistance, totally perfect for outdoor shoots! Grab yours now before stock runs low!
 [Buyer] What cables come in the box?
 [Merchant] Let me check that for u... yes! You get both USB-C to C and USB-C to A cables included inside the box! Everything you need to plug and play instantly!
 [Buyer] Will update.
 [Merchant] No worries at all sir, take your time! Just let me know whenever you're ready to grab this amazing deal!",no,DEFERRED_CONSIDERATION,Standard,Samsung T7 Shield 2TB Portable SSD,Computing & Peripherals
10273,ENG_274,"[Buyer] hope you are doing well. do you guys happen to hvae the Garmin Forerunner 265 GPS Watch in stock right now?
 [Merchant] yes available
 [Buyer] that is wonderful to hear! can I wear it safely while swimming laps?
 [Merchant] has 5 ATM rating pool and open water swimming both fine
 [Buyer] thanks for checking that for me. I wanted to ask if it keeps track of sleep patterns and HRV too?
 [Merchant] yes overnight HRV status sleep stages morning readiness score
 [Buyer] that sounds super useful! what would be the absolute best rate you can give me on this?
 [Merchant] ok 46,500 taka all inclusive
 [Buyer] can you lower it a bit more? if you can do 45,231 taka I will buy it straight away
 [Merchant] cannot do 45,231 but for quick deal can give 45,866 taka
 [Buyer] alright then, let me think about it for a bit and I will get back to you soon.
 [Merchant] sure take your time offer stands message anytime",no,DEFERRED_CONSIDERATION,DeliveryObsessed,Garmin Forerunner 265 GPS Watch,Sports & Fitness
10274,ENG_275,"[Buyer] Hello, could you please tell me if the Fujifilm X-T30 II Mirrorless Camera is available right now?
 [Merchant] Hi! So glad you messaged us. Yes, we definitely have it in stock!
 [Buyer] Thank you for letting me know. Does this model feature in-body image stabilization (IBIS) please?
 [Merchant] Just to be clear, no, the X-T30 II lacks built-in IBIS. It depends entirely on OIS lenses, like the kit lens bundled with it. Hope that clears things up for u!
 [Buyer] I am so sorry to ask again, but is it physically here with you, or do I have to wait for an import?
 [Merchant] Ready stock, completely ready! Absolutely no pre-order wait. It is sitting right here on our shelf for you.
 [Buyer] Thank you very much. Could you kindly share the exact price of it please?
 [Merchant] The price for this wonderful camera is 98,000 taka.
 [Buyer] Thank you for all your help. I just need to review my finances at month-end before I can confirm anything, so I will reach out to you later please.
 [Merchant] Alright, totally understand. Thanks a lot for dropping by, let us know anytime!",no,DEFERRED_CONSIDERATION,DeliveryObsessed,Fujifilm X-T30 II Mirrorless Camera,Audio & Visual Gear
10275,ENG_276,"[Buyer] Fujifilm X-T30 II Mirrorless Camera available?
 [Merchant] yes stock ready dispatch today
 [Buyer] Condition? Unopened and untouched?
 [Merchant] brand new factory sealed original. no worries
 [Buyer] Warranty terms and duration?
 [Merchant] 1-year replacement warranty for defects. claim at outlet
 [Buyer] Count of film simulation modes?
 [Merchant] has 18 modes like Classic Neg and Eterna. genuine stuff
 [Buyer] Sensor resolution?
 [Merchant] 26.1MP X-Trans CMOS 4 APS-C sensor. top quality
 [Buyer] Has IBIS?
 [Merchant] no IBIS on X-T30 II. uses OIS lens stabilization
 [Buyer] Total price?
 [Merchant] 98,000 taka final
 [Buyer] Delivery timeline and cost?
 [Merchant] dhaka 1 day 100 taka. outside 2-3 days 160 taka. fast courier
 [Buyer] Understood.
 [Merchant] guaranteed authentic. bye",no,INQUIRY_DROPOUT,TechSpecsNerd,Fujifilm X-T30 II Mirrorless Camera,Audio & Visual Gear
10276,ENG_277,"[Buyer] Hello. Do you still have the Samsung T7 Shield 2TB Portable SSD?
 [Merchant] Hello. Yes, Samsung T7 Shield 2TB Portable SSD is in stock.
 [Buyer] Is it water resistant?
 [Merchant] Good question. It has an IP65 rating for water and dust resistance, making it great for outdoor shoots.
 [Buyer] Quick one - what are the read and write speeds?
 [Merchant] Happy to clarify: it delivers sequential read/write speeds of up to 1050/1000 MB/s via USB 3.2 Gen 2.
 [Buyer] I see. And Does it work with both Windows and Mac?
 [Merchant] To be precise, yes, it ships exFAT formatted and works on Windows, macOS, and Android out of the box. Hope that helps!
 [Buyer] Another thing: can I record Apple ProRes directly to it from an iPhone 15 Pro?
 [Merchant] Happy to clarify: yes, it is fully compatible for direct ProRes 4K recording from the iPhone 15 Pro.
 [Buyer] Good to know. Can you confirm if this is official brand new stock with warranty?
 [Merchant] Yes sir, we only deal in genuine, factory-sealed products. It's completely brand new.
 [Buyer] Is it water resistant?
 [Merchant] Yes - it has an IP65 rating for water and dust resistance, making it great for outdoor shoots.
 [Buyer] What are the read and write speeds?
 [Merchant] Good question. It delivers sequential read/write speeds of up to 1050/1000 MB/s via USB 3.2 Gen 2.
 [Buyer] Another thing: does it work with both Windows and Mac?
 [Merchant] Good question. Yes, it ships exFAT formatted and works on Windows, macOS, and Android out of the box.
 [Buyer] One more on the specs. Can I record Apple ProRes directly to it from an iPhone 15 Pro?
 [Merchant] Yes, it is fully compatible for direct ProRes 4K recording from the iPhone 15 Pro.
 [Buyer] This is helpful. Let me think it over and get back to you.
 [Merchant] Okay, noted. Thanks for reaching out to us.",no,DEFERRED_CONSIDERATION,TechSpecsNerd,Samsung T7 Shield 2TB Portable SSD,Computing & Peripherals
10277,ENG_278,"[Buyer] hi u guys got d dyson purifier cool tp07 ready right now
 [Merchant] hello and welcome! Yes absolutely, we have fresh brand new units ready to ship out today!
 [Buyer] any other color options available for it
 [Merchant] ok we have White/Silver and Black/Nickel ready to go! Both gorgeous finishes are priced exactly the same for you.
 [Buyer] how much is it costing me
 [Merchant] it is only 68,000 taka! Just send a quick 500 taka to our merchant bKash to secure the delivery slot, and the rest is cash on delivery!
 [Buyer] nah i want total cash on delivery plz lets do dat
 [Merchant] sure not a problem at all! Just drop your delivery address and contact number so we can get this dispatched right away!
 [Buyer] so building 24 road 8 mirpur dohs dhaka ph 01711223388
 [Merchant] all set and booked! The full amount of 68,100 taka will be collected by the delivery rider upon arrival.",yes,PURCHASE_COMMITTED,Ghoster,Dyson Purifier Cool TP07,Home & Kitchen Appliances
10278,ENG_279,"[Buyer] sony wh-1000xm5. got it?
 [Merchant] Hello. Thank you for contacting our store. We can confirm that the item is currently in stock.
 [Buyer] ok wait... it's not some fake or used return right? first time buying online so a bit worried bout scams
 [Merchant] yes all our units are 100% official brand new, factory sealed with all accessories included in the original packaging
 [Buyer] ok but what if it dies? who fixes it?
 [Merchant] Each purchase includes official 1-year coverage. Please note that physical damage and water damage are excluded, as per standard warranty terms.
 [Buyer] can u take a snap of the actual box with todays date on a paper? just need proof u actually have it...
 [Merchant] Certainly, we are capturing and sending a live photo of the sealed unit from our shelf right now for your verification.
 [Buyer] does it pair with two screens at once? need to know for sure
 [Merchant] Yes, multi-point Bluetooth connection is fully supported. You can connect it to two devices simultaneously, like your phone and laptop.
 [Buyer] u sure this is in hand? not waiting for import right?
 [Merchant] This is ready stock, sir, not a pre-order item. It is physically on our shelf right now and ready for dispatch.
 [Buyer] alright. how much?
 [Merchant] The current retail price for this model is 32,000 taka.
 [Buyer] 32k is too high man... can u do 29,623 taka? plz?
 [Merchant] Regrettably, the price is fixed at 32,000 taka. We ensure absolute authenticity and official warranty support, which unauthorized or cheaper sellers cannot guarantee.
 [Buyer] hm ok thnx anyway
 [Merchant] We completely understand your position. We never compromise on product quality or warranty standards. Have a good day.",no,INQUIRY_DROPOUT,Skeptic,Sony WH-1000XM5 Wireless Headphones,Audio & Visual Gear
10279,ENG_280,"[Buyer] hi looking for sony wh-1000xm5 u got stock
 [Merchant] good day, ma'am! Yes, we have them fully in stock and ready to ship.
 [Buyer] factory defects covered by warranty?
 [Merchant] Certainly, yuo will receive 1 year of official warranty coverage. All claims are managed directly through our service desk.
 [Buyer] fast charge available?
 [Merchant] right yes indeed, a brief 3 minutes of charging provides approximately 3 hours of playback time.
 [Buyer] wat abt anc compared to xm4
 [Merchant] ok that is an excellent inquiry. The XM5 incorporates two processors adn 8 microphones to deliver vastly superior noise cancellation, particularly regarding high-frequency sounds, as stated in the official spec sheet.
 [Buyer] well multi point bluetooth supported?
 [Merchant] To be exact, yes, you are able to pair it with two separate devices at the same time, such as your laptop and phone.
 [Buyer] battery backup with anc on?
 [Merchant] Indeed, you can expect up to 30 hours of continuous battery performance when noise cancellation is active.
 [Buyer] ok ok final price?
 [Merchant] yes for a brand new, factory-sealed unit, teh cost is 32,000 taka.
 [Buyer] right come on give discount 29,114 taka plz
 [Merchant] I can offer a slight discount for you, sir. The absolute lowest price is 30,557 taka. Do we have a deal?
 [Buyer] fine 30,557 taka works ship it... how does shipping work
 [Merchant] We provide reliable home delivery across Bangladesh via Steadfast or Pathao. Delivery inside Dhaka is 100 taka taking 24 hours, while outside Dhaka is 160 taka taking 48-72 hours. We only require a 500 taka advance sent to our merchant bKash to secure the courier, and the balance will be collected via cash on delivery
 [Buyer] why advance need full cash on delivery
 [Merchant] this is simply our standard policy to prevent fraudulent courier bookings. Furthermore, we permit an open-box inspection in front of the delivery rider before you pay the remaining balance.
 [Buyer] hmm alright sending advance now
 [Merchant] sure we truly appreciate your cooperation, ma'am! Kindly transfer 500 taka to 01781488212 (Merchant) and reply with your TrxID.
 [Buyer] sent 500 trx bk18x895p address sector 7 road 18 house 5 uttara dhaka ph 01712349911
 [Merchant] We hvae successfully checked and received your payment. Your shipment is officially confirmed, and the remaining 30,157 taka will be collected at your doorstep",yes,PURCHASE_COMMITTED,TechSpecsNerd,Sony WH-1000XM5 Wireless Headphones,Audio & Visual Gear
10280,ENG_281,"[Buyer] Hi, I want to buy the Fujifilm X-T30 II Mirrorless Camera. Let me know if it's available.
 [Merchant] Hello. Yes, Fujifilm X-T30 II Mirrorless Camera is in stock.
 [Buyer] Do you have any color options, or just one?
 [Merchant] Available variants are Silver, Charcoal Black.
 [Buyer] Can it shoot 4K video?
 [Merchant] Right, so Yes, it records oversampled 4K/30p video with no crop.
 [Buyer] One more on the specs. How many film simulation modes does it have?
 [Merchant] Certainly. It features 18 classic Fujifilm film simulation modes, including Classic Neg and Eterna. Let me know if you need more detail.
 [Buyer] Quick one - does it have a microphone input?
 [Merchant] Yes, there's a 3.5mm mic jack, and headphone monitoring works via the USB-C adapter.
 [Buyer] Great. What's your best price for this item?
 [Merchant] The current official price is 98,000 taka.
 [Buyer] Do you deliver outside Dhaka?
 [Merchant] We offer home delivery all over Bangladesh via Steadfast/Pathao. Inside Dhaka is 100 taka (24 hours), Outside Dhaka is 160 taka (48-72 hours).
 [Buyer] That's slower than I need. I'll pass, thanks for the details.
 [Merchant] Okay, noted. Thanks for reaching out to us.",no,INQUIRY_DROPOUT,Urgent,Fujifilm X-T30 II Mirrorless Camera,Audio & Visual Gear
10281,ENG_282,"[Buyer] Hi, quick question - Keychron Q1 Pro Custom Keyboard, in stock right now?
 [Merchant] Hello! In stock and ready to dispatch today.
 [Buyer] I need this before tomorrow evening. Is that possible?
 [Merchant] Same-day is possible inside Dhaka via Pathao, but the charge would be higher, around 200 taka.
 [Buyer] I see. And Does it support QMK/VIA for key remapping?
 [Merchant] Let me confirm that for you. Yes, it fully supports QMK and VIA right out of the box for custom keymaps and macros.
 [Buyer] I had a technical question. Is the body plastic or metal?
 [Merchant] Certainly. It has a premium full CNC machined aluminum body. Let me know if you need more detail.
 [Buyer] One more on the specs. What type of switches does it come with?
 [Merchant] Checking the spec sheet - it comes pre-installed with Keychron K Pro Banana tactile switches, but it's fully hot-swappable. Anything else you'd like to know?
 [Buyer] Okay, that sounds good. How much are you asking for it?
 [Merchant] The current official price is 18,500 taka.
 [Buyer] Is the price fixed or negotiable? I was hoping for 17,433 taka.
 [Merchant] I can't do 17,433, but as a special offer for a quick deal, I can offer 17,967 taka.
 [Buyer] Almost there. Do 17,467 taka and it's a deal.
 [Merchant] That's really the limit - but fine, 17,467 taka since you're ordering today.
 [Buyer] I need it delivered to my home. What's the procedure?
 [Merchant] Delivery is 100 taka inside Dhaka and 160 taka outside. We dispatch immediately upon order confirmation. Since it's a high-value item, our policy requires a 500 taka advance payment. You can pay the rest to the delivery man.
 [Buyer] I prefer paying everything when I have the product in my hands. Can we skip the advance?
 [Merchant] It is standard procedure to avoid fake courier requests. We offer an open-box inspection in front of the rider before you pay the remaining COD amount.
 [Buyer] Sorry, I don't trust Facebook pages with advance payments. I'll buy from a physical shop. Cancel it.
 [Merchant] Alright, cancelling the request. Sorry we couldn't work it out.",no,EXPLICIT_REJECTION,DeliveryObsessed,Keychron Q1 Pro Custom Keyboard,Computing & Peripherals
10282,ENG_283,"[Buyer] Hello! I saw your post regarding the Dyson Purifier Cool TP07. Do you have it?
 [Merchant] Hello sir/ma'am. Yes, it's currently available for immediate delivery.
 [Buyer] Do you have any color options, or just one?
 [Merchant] Right now we have these in stock: White/Silver, Black/Nickel.
 [Buyer] I had a technical question. Does it connect to WiFi?
 [Merchant] Right, so Yes, you can control it and monitor air quality in real-time using the MyDyson app via WiFi. That's straight from the official spec sheet.
 [Buyer] One more on the specs. What kind of filters does it use?
 [Merchant] To be precise, it uses a fully sealed HEPA H13 standard filter that captures 99.97% of particles as small as 0.3 microns. Let me know if you need more detail.
 [Buyer] Quick one - how far does it oscillate?
 [Merchant] Yes - it features adjustable oscillation up to 350 degrees to project air across the whole room.
 [Buyer] I see. And How often do filters need replacing?
 [Merchant] Roughly every 12 months at 12 hours of daily use; the app tracks remaining filter life.
 [Buyer] Is there any warranty coverage? For how long?
 [Merchant] Full 1-year warranty. Just bring the invoice and we handle the rest.
 [Buyer] What makes your listing different from the ones on Daraz?
 [Merchant] The main gains are in build quality and the warranty backing. Cheaper listings are often grey-market imports with no local service.
 [Buyer] Thanks. How much does it cost in total?
 [Merchant] It's 68,000 taka, all inclusive.
 [Buyer] What is your last price? I will take it for 65,024 taka.
 [Merchant] I can't do 65,024, but as a special offer for a quick deal, I can offer 66,512 taka.
 [Buyer] Alright. Do you do home delivery? And what is the fee?
 [Merchant] Delivery is 100 taka inside Dhaka and 160 taka outside. We dispatch immediately upon order confirmation. To confirm the order, we require a small 500 taka advance via bKash to cover the courier booking fee. The rest is Cash on Delivery.
 [Buyer] Is the advance strictly necessary? I'd rather do full COD.
 [Merchant] I completely understand your concern. The advance simply ensures you are a serious buyer and covers our return shipping risk if the parcel is rejected. You can check our page reviews and physical shop address for peace of mind.
 [Buyer] Never mind then. If there's no full COD, I am not interested.
 [Merchant] Alright, cancelling the request. Sorry we couldn't work it out.",no,EXPLICIT_REJECTION,Comparator,Dyson Purifier Cool TP07,Home & Kitchen Appliances
10283,ENG_284,"[Buyer] hey u guys got teh Breville Barista Express Espresso Machine in stock?
 [Merchant] good day, sir! Thank yuo for messaging us. Yes, we certainly have that item in stock.
 [Buyer] how much is it plz tell me
 [Merchant] The pirce for this unit is 78,000 taka right now.
 [Buyer] wait just to be sure... is it actually ready in store or do u gotta order it?
 [Merchant] It is right here in our physical inventory, ready for immediate dispatch today, ma'am.
 [Buyer] can u send it today? need it super fast cus of a bday
 [Merchant] We would be happy to expedite your order. If you confirm right away, it will be included in today's delivery batch.
 [Buyer] so awesome just to double check its 100% brand new and sealed right
 [Merchant] Rest assured, it is completely brand new with the factory seal untouched. We never deal in used or refurbished goods.
 [Buyer] one more thing... can I manually foam milk for art
 [Merchant] Certainly, sir. The high-performance steam wand is fully capable of creating microfoam manually for your latte art.
 [Buyer] ok cool... is it single boiler or dual
 [Merchant] This model features a single Thermocoil heating system, meaning extraction and steaming occur one after the other rather than at the exact same time, as per the official specifications.
 [Buyer] thanks for the info lemme talk to the fam and ill message u tomorrow
 [Merchant] yes take your time, sir. Please feel free to reach out whenever you are ready.",no,DEFERRED_CONSIDERATION,Urgent,Breville Barista Express Espresso Machine,Home & Kitchen Appliances
10284,ENG_285,"[Buyer] hey u guys got the garmin forerunner 265 gps watch in stock plz
 [Merchant] yes greetings. Yes, the item is currently in stock, 100% authentic, and backed by our full official warranty
 [Buyer] does the gps work ok when ur downtown around huge buildings
 [Merchant] Affirmative. It is equipped with advanced Multi-band GNSS technology, ensuring optimal tracking precision near tall structures and dense foliage, fully covered by our performance guarantee
 [Buyer] is it much better than the cheaper version underneath it
 [Merchant] Please note that lower pricing in the market typically reflects unofficial gray-market imports. Our inventory is entirely official hardware complete with proper legal documentation and manufacturer warranty.
 [Buyer] hmm wait its not used or open box right... just wanna make sure
 [Merchant] we assure you that all units are strictly brand new and factory-sealed. You will be the initial opener, protected by our authenticity guarantee
 [Buyer] how much is it btw
 [Merchant] The retail price is exactly 46,500, taka inclusive of all standard warranty privileges and documentation
 [Buyer] ok thnx for the info... lemme talk to my folks first n ill ping u tmrw ok
 [Merchant] Thank you for inquiring with us. We invite you to review our warranty policies at your convenience, and we remain at your service. Have a pleasant day",no,DEFERRED_CONSIDERATION,LowBaller,Garmin Forerunner 265 GPS Watch,Sports & Fitness
10285,ENG_286,"[Buyer] sony wh-1000xm5. in stock?
 [Merchant] hello, sir! Thank you for contacting us. Yes, we have that item available in our inventory.
 [Buyer] price?
 [Merchant] right teh price for this model is 32,000 taka, ma'am.
 [Buyer] so sealed?
 [Merchant] yes it is completely brand new and factory sealed, sir. We never deal in refurbished products.
 [Buyer] warranty?
 [Merchant] You get a 1-year replacement warranty for any manufacturing defects, which can be claimed directly at our store, ma'am.
 [Buyer] colors?
 [Merchant] sure we currently have Black, Silver, and Midnight Blue available for you to choose from, sir.
 [Buyer] send actual photo
 [Merchant] sure certainly, ma'am. I am taking a live picture of the sealed box from our shelf right now and sending it over.
 [Buyer] fast charge?
 [Merchant] yes, sir, a quick 3-minute charge will give you approximately 3 hours of playback time.
 [Buyer] ok battery duration with anc on?
 [Merchant] sure let me double-check that detail for you, ma'am. You will get up to 30 hours of battery life wiht noise cancellation active.
 [Buyer] works wiht cable?
 [Merchant] ok yes, sir, it includes a 3.5mm headphone cable so you can use it passively when the battery runs out.
 [Buyer] anc difference vs xm4?
 [Merchant] sure let me check the exact specifications for you, ma'am. The XM5 utilizes dual processors along with 8 microphones to deliver much better noise cancellation, particularly for high-frequency sounds
 [Buyer] home delivery process?
 [Merchant] yes we ship via trusted couriers, sir. Dhaka delivery takes 1 day for 100 taka, while outside Dhaka takes 2-3 days for 160 taka. We require a 500 taka advance sent to our merchant bKash as a courier deposit, and the remaining balance is paid via cash on delivery
 [Buyer] no advance. full cod?
 [Merchant] I understand your hesitation, ma'am, but the 500 taka advance is strictly for courier security. We have a trusted 5-year track record with thousands of reviews, and unfortunately, we cannot waive this requirement.
 [Buyer] fine. sending deposit.
 [Merchant] sure we truly appreciate your trust, sir! Kindly transfer 500 taka to 01725329820 (Merchant) and provide the TrxID here.
 [Buyer] hmm sent 500. BK63X139P. Apartment 6B, House 42, Road 11, Banani, Dhaka. 01687654321.
 [Merchant] We have received and verified your payment, ma'am. Your order is now confirmed, adn the remaining 31,600 taka will be collected when it arrives.",yes,PURCHASE_COMMITTED,Skeptic,Sony WH-1000XM5 Wireless Headphones,Audio & Visual Gear
10286,ENG_287,"[Buyer] Hi, quick question - Viofo A129 Pro Duo 4K Dash Cam, in stock right now?
 [Merchant] Hello! Yes, the Viofo A129 Pro Duo 4K Dash Cam is available in our ready stock.
 [Buyer] Which colors do you have in stock?
 [Merchant] We currently stock Standard Bundle, Bundle + HK3 Kit. All at the same price.
 [Buyer] Does it record while parked?
 [Merchant] Checking the spec sheet - yes, but you need to purchase and install the optional HK3 Hardwire Kit to enable buffered parking mode. That's straight from the official spec sheet.
 [Buyer] I see. And Does it have built-in WiFi to download videos?
 [Merchant] Checking the spec sheet - yes, it features dual-band (2.4GHz & 5GHz) WiFi for fast video transfers to your phone.
 [Buyer] One more on the specs. How does it handle heat in summer?
 [Merchant] To be precise, it uses a supercapacitor instead of a battery, which is far more heat-tolerant for Bangladesh summers. Let me know if you need more detail.
 [Buyer] Another thing: does it come with an SD card?
 [Merchant] Checking the spec sheet - no, the MicroSD card must be purchased separately. We recommend High Endurance cards.
 [Buyer] Great. What condition is it in? Is it 100% intact?
 [Merchant] Absolutely. It is completely intact, unopened, and comes with a 1-year official warranty.
 [Buyer] Is this worth it over the previous generation?
 [Merchant] Price differences usually come from unofficial imports. Ours is official, with paperwork.
 [Buyer] Understood. Could you let me know the current price?
 [Merchant] We are currently offering it for 23,500 taka.
 [Buyer] I need it delivered to my home. What's the procedure?
 [Merchant] Delivery charge is 100 taka for Dhaka, 160 taka outside. Packages are fully insured. To confirm the order, we require a small 500 taka advance via bKash to cover the courier booking fee. The rest is Cash on Delivery.
 [Buyer] Sure, I'll pay the advance. Please share your bKash number.
 [Merchant] Thank you for understanding! Please send 500 taka to 01787922729 (Merchant) and share the TrxID.
 [Buyer] Sent 500 taka. TrxID is BK47X667P. Please deliver to: Kandirpar, Victoria College Road, Cumilla. Mobile: 01712349911.
 [Merchant] Payment received and verified. Your order is confirmed. The remaining 23,160 taka will be collected on delivery.",yes,PURCHASE_COMMITTED,Comparator,Viofo A129 Pro Duo 4K Dash Cam,Automotive & Riding Gear
10287,ENG_288,"[Buyer] Hello. Interested in the Garmin Forerunner 265 GPS Watch. Still selling?
 [Merchant] Hello sir/ma'am. Yes, it's currently available for immediate delivery.
 [Buyer] What's the rate on this one?
 [Merchant] For the genuine sealed unit, the price is 46,500 taka.
 [Buyer] Quick one - what is the battery life in smartwatch mode?
 [Merchant] Yes - it lasts up to 13 days in smartwatch mode, or up to 20 hours in GPS mode. Hope that helps!
 [Buyer] Another thing: can I store music directly on the watch?
 [Merchant] Good question. Absolutely, it has 8GB of internal storage so you can download Spotify playlists for phone-free running.
 [Buyer] I see. And Is it waterproof for swimming?
 [Merchant] Yes, it carries a 5 ATM rating, so pool and open-water swimming are both fine.
 [Buyer] Is this ready stock or pre-order? I need to be sure.
 [Merchant] It's physically in our shop, in hand. We can dispatch today.
 [Buyer] Can you send me a real photo of the actual unit, not a stock image?
 [Merchant] Sure, sending a live photo of the sealed unit from our shelf right now.
 [Buyer] Is this new or refurbished? I only want brand new.
 [Merchant] Brand new, untouched, seal intact. We don't sell refurbished items at all.
 [Buyer] What kind of warranty do I get with this?
 [Merchant] You get 1 year of official warranty. Claims are handled through our service desk.
 [Buyer] What is your last price? I will take it for 43,621 taka.
 [Merchant] Since you are confirming today, I can meet you in the middle at 45,061 taka.
 [Buyer] Can you shave off a little more? Round it to 44,561 taka and I'll confirm now.
 [Merchant] Okay, 44,561 taka. But that's absolutely the last adjustment.
 [Buyer] Deal at 44,561 taka. Let's proceed. What are the delivery options and charges?
 [Merchant] We offer home delivery all over Bangladesh via Steadfast/Pathao. Inside Dhaka is 100 taka (24 hours), Outside Dhaka is 160 taka (48-72 hours). We just need 500 taka sent to our merchant bKash as a security deposit for the courier. The remaining amount will be collected as COD.
 [Buyer] I am not comfortable sending an advance. I've had bad experiences with pages taking advance and blocking. Can you do full COD?
 [Merchant] We sympathize, but this is a strict company policy for items over 10,000 taka to prevent fake orders. You can verify our trade license and physical store in Multiplan Center.
 [Buyer] Fair enough. I'll send the 500 taka to confirm the booking.
 [Merchant] Thank you for understanding! Please send 500 taka to 01713932674 (Merchant) and share the TrxID.
 [Buyer] Sent 500 taka. TrxID is BK66X306P. Please deliver to: Kandirpar, Victoria College Road, Cumilla. Mobile: 01687654321.
 [Merchant] Payment received and verified. Your order is confirmed. The remaining 44,161 taka will be collected on delivery.",yes,PURCHASE_COMMITTED,Skeptic,Garmin Forerunner 265 GPS Watch,Sports & Fitness
10288,ENG_289,"[Buyer] hello, good day. I was wondering if you currently have the Garmin Forerunner 265 GPS Watch available in your inventory? Thank you.
 [Merchant] Greetings. Yes, this unit is currently in stock and fully eligible for dispatch today, backed by our standard official warranty.
 [Buyer] Could you please tell me if it is safe to use for swimming? Thank you very much.
 [Merchant] Affirmative. It is built with a 5 ATM water resistance rating, making it completely suitable for both swimming pools and open water. Please let us know if you require any further technical clarification.
 [Buyer] Does it also monitor sleep quality and heart rate variability? Please let me know.
 [Merchant] Indeed it does. The device provides comprehensive tracking for overnight HRV status, detailed sleep stages, and a morning training readiness score, all fully covered under our authenticity guarantee.
 [Buyer] ok one more question, please, does this particular edition come equipped with an AMOLED display?
 [Merchant] To be completely precise regarding the specifications, yes, the Forerunner 265 comes built with a vivid AMOLED touchscreen display. All our items are 100% genuine
 [Buyer] What is the total price for this item, please?
 [Merchant] The retail price is 46,500 taka, which is inclusive of all taxes and comes with full official manufacturer warranty support.
 [Buyer] Is there any discount available, please? If you can offer it for 43,783 taka, I would like to purchase it.
 [Merchant] we regret to inform you that 46,500 taka is our strict, non-negotiable retail price. As authorized electronics retailers, our profit margins on authentic inventory are kept minimal.
 [Buyer] ok that price is unfortunately too high for my current budget. I think I will have to pass and purchase it elsewhere. Thank you for your time.
 [Merchant] we completely understand your position. Thank you for considering our electronics showroom, adn we wish you the very best.",no,INQUIRY_DROPOUT,DeliveryObsessed,Garmin Forerunner 265 GPS Watch,Sports & Fitness
10289,ENG_290,"[Buyer] Hi there! I was hoping to grab a pair of Sony WH-1000XM5 Wireless Headphones. Do you happen to have them in stock?
 [Merchant] yes in stock fresh units.
 [Buyer] Oh that's wonderful news, thanks so much! Could you tell me what the total comes to?
 [Merchant] price is 32,000 taka.
 [Buyer] Got it! I would love to have them brought straight to my place. How does your home delivery work?
 [Merchant] delivery 100 taka inside Dhaka, 160 taka outside. dispatch right away. high value item so 500 taka advance required, rest cash on delivery.
 [Buyer] That is completely fair, I appreciate you explaining it so clearly. I will go ahead and send over that 500 taka advance right now.
 [Merchant] send 500 taka to 01714652631 (Merchant) then send TrxID.
 [Buyer] Just sent the 500 taka across to you! My TrxID is BK60X843P. Please send it to House 14, Road 3, Dhanmondi, Dhaka, and my number is 01923456789.
 [Merchant] got payment. confirmed. remaining 31,600 taka cod.",yes,PURCHASE_COMMITTED,Skeptic,Sony WH-1000XM5 Wireless Headphones,Audio & Visual Gear
10290,ENG_291,"[Buyer] got the samsung t7 shield 2tb portable ssd? price?
 [Merchant] Yes! We have plenty in stock and ready to ship out to you right now!
 [Buyer] well is it actually better than teh old one... or just hype?
 [Merchant] It is a massive upgrade! Plus, ours is 100% official stock backed by a real manufacturer warranty so you are totally covered
 [Buyer] will it die if it gets wet? how waterproof is it really
 [Merchant] It comes with an IP65 rating for water and dust resistance, making it super durable and ready for action!
 [Buyer] wires come in the box or i gotta buy em?
 [Merchant] You get everything you need right in the box, including both USB-C to C and USB-C to A cables!
 [Buyer] wait... will it record apple prores straight from my iphone 15 pro without scamming me?
 [Merchant] Absolutely! It is fully compatible for direct ProRes 4K recording from the iPhone 15 Pro. Order now before stock runs out!
 [Buyer] does it work on normal pcs and macs or is it gonna need formatting
 [Merchant] it comes pre-formatted in exFAT so it works seamlessly on Windows, macOS, and Android right out of the box!
 [Buyer] hmm ok thnx... let me think about it, online shopping makes me nervous
 [Merchant] Take your time! But grab yours soon before someone else snatches up our last units!",no,DEFERRED_CONSIDERATION,TechSpecsNerd,Samsung T7 Shield 2TB Portable SSD,Computing & Peripherals
10291,ENG_292,"[Buyer] Hello! I saw your post regarding the Viofo A129 Pro Duo 4K Dash Cam. Do you have it?
 [Merchant] Hello! Yes, the Viofo A129 Pro Duo 4K Dash Cam is available in our ready stock.
 [Buyer] Alright. So what is the final price for this?
 [Merchant] For the genuine sealed unit, the price is 23,500 taka.
 [Buyer] Is there a choice of colors or finishes?
 [Merchant] Right now we have these in stock: Standard Bundle, Bundle + HK3 Kit.
 [Buyer] Does it come with an SD card?
 [Merchant] No, the MicroSD card must be purchased separately. We recommend High Endurance cards. Anything else you'd like to know?
 [Buyer] Also, is the rear camera also 4K?
 [Merchant] No, the front camera records in true 4K (Sony Exmor R), while the rear camera records in 1080p (Sony Starvis).
 [Buyer] One more on the specs. Is there a GPS logger?
 [Merchant] Right, so Yes, the bundled GPS mount stamps speed and location onto the footage. Let me know if you need more detail.
 [Buyer] One more on the specs. How does it handle heat in summer?
 [Merchant] Right, so It uses a supercapacitor instead of a battery, which is far more heat-tolerant for Bangladesh summers.
 [Buyer] Good to know. Can you confirm if this is official brand new stock with warranty?
 [Merchant] Of course. It's an official global version, sealed box, with full warranty.
 [Buyer] Any chance you can lower the price a bit? Maybe 22,066 taka?
 [Merchant] I can't do 22,066, but as a special offer for a quick deal, I can offer 22,783 taka.
 [Buyer] Alright, 22,783 taka sounds fair. I'll take it. Do you deliver outside Dhaka?
 [Merchant] We use premium courier services. It takes 1 day for Dhaka (100 taka) and 2-3 days outside (160 taka). For order confirmation, a 500 taka advance via bKash is mandatory. The balance is full Cash on Delivery (COD).
 [Buyer] Why the advance? I want 100% Cash on Delivery without any prior payment.
 [Merchant] It is standard procedure to avoid fake courier requests. We offer an open-box inspection in front of the rider before you pay the remaining COD amount.
 [Buyer] Okay, I understand. I'll trust your page this time. Sending the advance now.
 [Merchant] Thank you for understanding! Please send 500 taka to 01724954409 (Merchant) and share the TrxID.
 [Buyer] Sent 500 taka. TrxID is BK78X856P. Please deliver to: Sector 7, Road 18, House 5, Uttara, Dhaka. Mobile: 01711223388.
 [Merchant] Payment received and verified. Your order is confirmed. The remaining 22,443 taka will be collected on delivery.",yes,PURCHASE_COMMITTED,Standard,Viofo A129 Pro Duo 4K Dash Cam,Automotive & Riding Gear
10292,ENG_293,"[Buyer] Hello! I saw your post regarding the Viofo A129 Pro Duo 4K Dash Cam. Do you have it?
 [Merchant] Hello! In stock and ready to dispatch today.
 [Buyer] Understood. Could you let me know the current price?
 [Merchant] The item is priced at 23,500 taka.
 [Buyer] Can you do same-day delivery? It's a gift and I'm running out of time.
 [Merchant] Same-day is possible inside Dhaka via Pathao, but the charge would be higher, around 200 taka.
 [Buyer] Sorry, one more time: is this in hand, or do you have to bring it in?
 [Merchant] Ready stock, sir. Not pre-order. It's on our shelf right now.
 [Buyer] One more on the specs. Is there a GPS logger?
 [Merchant] Yes, the bundled GPS mount stamps speed and location onto the footage. Let me know if you need more detail.
 [Buyer] One more on the specs. Does it have built-in WiFi to download videos?
 [Merchant] To be precise, yes, it features dual-band (2.4GHz & 5GHz) WiFi for fast video transfers to your phone. That's straight from the official spec sheet.
 [Buyer] Thanks for all the detailed info. I need to think about it for a bit. I'll let you know.
 [Merchant] Of course. We'll keep your preference noted. Talk soon!",no,DEFERRED_CONSIDERATION,Urgent,Viofo A129 Pro Duo 4K Dash Cam,Automotive & Riding Gear
10293,ENG_294,"[Buyer] Good afternoon, I am looking for the Keychron Q1 Pro Custom Keyboard. Can you confirm stock?
 [Merchant] Hello! In stock and ready to dispatch today.
 [Buyer] What if I order 5 of these? Does the price change?
 [Merchant] We do offer bulk pricing for offices. Let me know the exact quantity.
 [Buyer] Is the body plastic or metal?
 [Merchant] Absolutely. It has a premium full CNC machined aluminum body.
 [Buyer] Also, what is the keyboard layout size?
 [Merchant] Let me confirm that for you. It's a 75% compact layout with a knob, so you keep the function row and arrow keys. Anything else you'd like to know?
 [Buyer] I see. And Does it support QMK/VIA for key remapping?
 [Merchant] Yes, it fully supports QMK and VIA right out of the box for custom keymaps and macros.
 [Buyer] What kind of warranty do I get with this?
 [Merchant] 1-year replacement warranty against manufacturing defects, processed at our outlet.
 [Buyer] Perfect. Just confirming, this is a completely sealed, unopened unit right?
 [Merchant] Yes, it is guaranteed brand new and sealed. You'll be the first to open it.
 [Buyer] Alright. So what is the final price for this?
 [Merchant] For the genuine sealed unit, the price is 18,500 taka.
 [Buyer] Any chance you can lower the price a bit? Maybe 17,146 taka?
 [Merchant] Margin is tight, but I want to make this sale. I'll agree to 17,823 taka.
 [Buyer] Almost there. Do 17,323 taka and it's a deal.
 [Merchant] That's really the limit - but fine, 17,323 taka since you're ordering today.
 [Buyer] Alright, 17,323 taka sounds fair. I'll take it. What are the delivery options and charges?
 [Merchant] Delivery is 100 taka inside Dhaka and 160 taka outside. We dispatch immediately upon order confirmation. To confirm the order, we require a small 500 taka advance via bKash to cover the courier booking fee. The rest is Cash on Delivery.
 [Buyer] I prefer paying everything when I have the product in my hands. Can we skip the advance?
 [Merchant] I completely understand your concern. The advance simply ensures you are a serious buyer and covers our return shipping risk if the parcel is rejected. You can check our page reviews and physical shop address for peace of mind.
 [Buyer] Okay, I understand. I'll trust your page this time. Sending the advance now.
 [Merchant] Thank you for understanding! Please send 500 taka to 01750935148 (Merchant) and share the TrxID.
 [Buyer] Sent 500 taka. TrxID is BK70X206P. Please deliver to: College Road, Bogra Sadar, Bogura. Mobile: 01611778899.
 [Merchant] Payment received and verified. Your order is confirmed. The remaining 16,923 taka will be collected on delivery.",yes,PURCHASE_COMMITTED,BulkBuyer,Keychron Q1 Pro Custom Keyboard,Computing & Peripherals
10294,ENG_295,"[Buyer] Hey, I am interested in purchasing the Viofo A129 Pro Duo 4K Dash Cam. Is it available?
 [Merchant] Hello! Yes, the Viofo A129 Pro Duo 4K Dash Cam is available in our ready stock.
 [Buyer] Good to see an active page for once.
 [Merchant] That's our policy - fast replies, no ghosting.
 [Buyer] Is the rear camera also 4K?
 [Merchant] No, the front camera records in true 4K (Sony Exmor R), while the rear camera records in 1080p (Sony Starvis). That's straight from the official spec sheet.
 [Buyer] Another thing: does it have built-in WiFi to download videos?
 [Merchant] Happy to clarify: yes, it features dual-band (2.4GHz & 5GHz) WiFi for fast video transfers to your phone.
 [Buyer] Is there a GPS logger?
 [Merchant] Yes, the bundled GPS mount stamps speed and location onto the footage. Hope that helps!
 [Buyer] Who handles warranty claims if something goes wrong?
 [Merchant] Official 1-year coverage. Physical damage and water damage are excluded, as usual.
 [Buyer] Is there a choice of colors or finishes?
 [Merchant] We currently stock Standard Bundle, Bundle + HK3 Kit. All at the same price.
 [Buyer] Great. What's your best price for this item?
 [Merchant] For the genuine sealed unit, the price is 23,500 taka.
 [Buyer] Can you do anything better? 21,189 taka and I'll confirm right now.
 [Merchant] Margin is tight, but I want to make this sale. I'll agree to 22,345 taka.
 [Buyer] Deal at 22,345 taka. Let's proceed. How fast can you deliver it to my address?
 [Merchant] We use premium courier services. It takes 1 day for Dhaka (100 taka) and 2-3 days outside (160 taka). Since it's a high-value item, our policy requires a 500 taka advance payment. You can pay the rest to the delivery man.
 [Buyer] Fair enough. I'll send the 500 taka to confirm the booking.
 [Merchant] Thank you for understanding! Please send 500 taka to 01781623494 (Merchant) and share the TrxID.
 [Buyer] Sent 500 taka. TrxID is BK51X496P. Please deliver to: Flat 3A, House 7, Road 27, Mohammadpur, Dhaka. Mobile: 01687654321.
 [Merchant] Payment received and verified. Your order is confirmed. The remaining 21,945 taka will be collected on delivery.",yes,PURCHASE_COMMITTED,Ghoster,Viofo A129 Pro Duo 4K Dash Cam,Automotive & Riding Gear
10295,ENG_296,"[Buyer] Hello! I saw your post regarding the Viofo A129 Pro Duo 4K Dash Cam. Do you have it?
 [Merchant] Hello! Yes, the Viofo A129 Pro Duo 4K Dash Cam is available in our ready stock.
 [Buyer] Quick one - how does it handle heat in summer?
 [Merchant] It uses a supercapacitor instead of a battery, which is far more heat-tolerant for Bangladesh summers. Let me know if you need more detail.
 [Buyer] Do you have a video of the actual product in your shop?
 [Merchant] Attaching a real photo with our shop card next to it for verification.
 [Buyer] Alright. So what is the final price for this?
 [Merchant] The item is priced at 23,500 taka. Since it's a high-value item, our policy requires a 500 taka advance payment. You can pay the rest to the delivery man.
 [Buyer] Okay, I understand. I'll trust your page this time. Sending the advance now.
 [Merchant] Thank you for understanding! Please send 500 taka to 01749882072 (Merchant) and share the TrxID.
 [Buyer] Sent 500 taka. TrxID is BK89X423P. Please deliver to: Kandirpar, Victoria College Road, Cumilla. Mobile: 01822334455.
 [Merchant] Payment received and verified. Your order is confirmed. The remaining 23,100 taka will be collected on delivery.",yes,PURCHASE_COMMITTED,Skeptic,Viofo A129 Pro Duo 4K Dash Cam,Automotive & Riding Gear
10296,ENG_297,"[Buyer] right hey, need teh Viofo A129 Pro Duo 4K Dash Cam. u got stock verified?
 [Merchant] hey! yes absolutely in stock right now... ready to ship out instantly!
 [Buyer] condition? factory sealed 100%?
 [Merchant] brand new, untouched, factory sealed box! we never deal in open-box or refurbished stuff, only pristine units here!
 [Buyer] any official warranty backing it? timeframe?
 [Merchant] full 1-year warranty included! just keep your invoice safe with u and we will take care of everything hassle-free!
 [Buyer] checking module specs... does thsi integrate a GPS logger?
 [Merchant] yes! the included GPS mount records speed and location directly onto the file metadata seamlessly
 [Buyer] dual channel resolution: is the secondary rear lens also 4K?
 [Merchant] front shoots true 4K on a Sony Exmor R sensor, rear shoots 1080p using Sony Starvis... gorgeous video quality day or night!
 [Buyer] snap a pic of the actual box in your hand. no stock renders
 [Merchant] sending live snapshot right now with our store timestamp card resting on top!
 [Buyer] how do your units differ from gray market batches floating on Daraz?
 [Merchant] sure those are unofficial grey imports with zero local support! ours are 100% official channels wiht complete valid paperwork and serial tracking.
 [Buyer] ok. total landed price?
 [Merchant] just 23,500 taka flat, all inclusive! grab it before stocks run dry today!
 [Buyer] hmm seen it cheaper elsewhere. match 22,278 taka?
 [Merchant] that dips below cost for genuine units... but i want u as our customer! lowest i can do is 22,889 taka.
 [Buyer] meet me at 22,389 taka and i pull the trigger.
 [Merchant] you are driving a hard bargain! alright screw it, taka 22,389 for u since you're confirming right now!
 [Buyer] alright. i'll get back to u.
 [Merchant] right sounds good! don't wait too long though, stock is moving fast today!",no,DEFERRED_CONSIDERATION,Skeptic,Viofo A129 Pro Duo 4K Dash Cam,Automotive & Riding Gear
10297,ENG_298,"[Buyer] hey u guys got the Keychron Q1 Pro Custom Keyboard?
 [Merchant] Hello sir! Yes ma'am, the Keychron Q1 Pro Custom Keyboard is currently available in stock for you.
 [Buyer] how much?
 [Merchant] The price is 18,500 taka for a 100% genuine and sealed unit, sir.
 [Buyer] what color variants do u have in stock?
 [Merchant] We have Carbon Black, Silver Grey, and Blue ready for dispatch. All colors are priced identically at 18,500 taka, ma'am
 [Buyer] just to confirm... brand new sealed right? not open box?
 [Merchant] Rest assured, it is completely factory-sealed, brand new, and backed by a 1-year official warranty, sir.
 [Buyer] what's teh form factor? 75%?
 [Merchant] Yes, it features a 75% compact layout complete with a rotary knob, preserving both your function row and dedicated arrow keys, ma'am.
 [Buyer] does it have a 2.4ghz RF receiver or just bluetooth?
 [Merchant] The Q1 Pro supports Bluetooth 5.1 alongside a stable Type-C wired mode. Please note it does not include a 2.4GHz RF dongle, sir
 [Buyer] does it run QMK/VIA natively?
 [Merchant] right indeed! It features full native QMK and VIA support out of the box so you can easily configure custom keymaps and macros, ma'am.
 [Buyer] which stock switches are installed?
 [Merchant] It comes equipped with Keychron K Pro Banana tactile switches pre-installed, and the PCB is fully hot-swappable for your convenience, sir.
 [Buyer] thnx for teh specs... lemme think on it and ill hit u back
 [Merchant] certainly, ma'am. Take all the time you need, and feel free to reach out whenever you are ready. Have a wonderful day!",no,DEFERRED_CONSIDERATION,Ghoster,Keychron Q1 Pro Custom Keyboard,Computing & Peripherals
10298,ENG_299,"[Buyer] Hello, good day to you. Could you please let me know if the Samsung T7 Shield 2TB Portable SSD is still available for purchase?
 [Merchant] hi! yes, stock available.
 [Buyer] If I purchase 3 units of this item, would you please be able to offer a discounted rate per unit?
 [Merchant] have bulk rates. what exact quantity u need?
 [Buyer] Could you please tell me what the read and write speeds are for this portable drive?
 [Merchant] up to 1050/1000 MB/s seq read/write via USB 3.2 Gen 2. very fast.
 [Buyer] I wanted to ask a technical question, please. Is this particular SSD water resistant?
 [Merchant] IP65 rated for water and dust. great for outdoor work. need anything else?
 [Buyer] I have another technical question, if you don't mind. Can I record Apple ProRes directly onto it using an iPhone 15 Pro?
 [Merchant] yes, fully compatible for direct ProRes 4K from iPhone 15 Pro. 100% working.
 [Buyer] Thank you for the information. What kind of warranty coverage comes with this product, please?
 [Merchant] 1-yr replacement warranty for defects. claim at our shop.
 [Buyer] That is wonderful. Could you please let me know your absolute best price for this item?
 [Merchant] sealed pack price is 22,500 taka.
 [Buyer] Is that price strictly fixed, or is there some room for negotiation? I was hoping to get it for around 21,251 taka, please.
 [Merchant] cannot do 21,251. special deal for u: 21,876 taka best price.
 [Buyer] Alright, 21,876 taka sounds quite reasonable and I am happy to proceed. Could you please tell me how quickly you can deliver it to my location?
 [Merchant] dhaka 100 taka, outside 160 taka. dispatch right away. need 500 taka bKash advance for courier, rest COD.
 [Buyer] I hope you understand, but there are so many scam pages online these days. Why should I trust you enough to send an advance payment?
 [Merchant] understand completely. advance only shows serious buyer and covers return cost if rejected. check page reviews and physical outlet anytime.
 [Buyer] Alright, that explanation makes sense to me. Please give me a moment and I will send the 500 taka advance right away.
 [Merchant] thnx! send 500 taka to 01744484668 (Merchant) and send TrxID plz.
 [Buyer] I have sent the 500 taka. The TrxID is BK87X445P. Please deliver the package to: Agrabad Commercial Area, GEC Circle, Chattogram. My mobile number is 01822334455. Thank you so much.
 [Merchant] payment checked & confirmed. order placed. remaining 21,536 taka on delivery.",yes,PURCHASE_COMMITTED,BulkBuyer,Samsung T7 Shield 2TB Portable SSD,Computing & Peripherals
10299,ENG_300,"[Buyer] Hi, quick question - Fujifilm X-T30 II Mirrorless Camera, in stock right now?
 [Merchant] Hello! Yes, the Fujifilm X-T30 II Mirrorless Camera is available in our ready stock.
 [Buyer] Do you have a video of the actual product in your shop?
 [Merchant] Attaching a real photo with our shop card next to it for verification.
 [Buyer] How does this compare to the model one tier below it?
 [Merchant] The main gains are in build quality and the warranty backing. Cheaper listings are often grey-market imports with no local service.
 [Buyer] What is the sensor resolution?
 [Merchant] Happy to clarify: it uses a 26.1MP X-Trans CMOS 4 APS-C sensor. Anything else you'd like to know?
 [Buyer] Does it have a microphone input?
 [Merchant] Yes, there's a 3.5mm mic jack, and headphone monitoring works via the USB-C adapter.
 [Buyer] Does this include a kit lens?
 [Merchant] Happy to clarify: yes, this package includes the XC 15-45mm OIS PZ lens.
 [Buyer] Quick one - how many film simulation modes does it have?
 [Merchant] It features 18 classic Fujifilm film simulation modes, including Classic Neg and Eterna. Hope that helps!
 [Buyer] Who handles warranty claims if something goes wrong?
 [Merchant] Full 1-year warranty. Just bring the invoice and we handle the rest.
 [Buyer] Is this new or refurbished? I only want brand new.
 [Merchant] Of course. It's an official global version, sealed box, with full warranty.
 [Buyer] What's the rate on this one?
 [Merchant] It's 98,000 taka, all inclusive.
 [Buyer] That's a bit steep. Can you offer any discount on that?
 [Merchant] Alright, I can give a small concession. Final price 96,981 taka. Deal?
 [Buyer] Okay, how does the delivery process work?
 [Merchant] We use premium courier services. It takes 1 day for Dhaka (100 taka) and 2-3 days outside (160 taka). We just need 500 taka sent to our merchant bKash as a security deposit for the courier. The remaining amount will be collected as COD.
 [Buyer] Why the advance? I want 100% Cash on Delivery without any prior payment.
 [Merchant] It is standard procedure to avoid fake courier requests. We offer an open-box inspection in front of the rider before you pay the remaining COD amount.
 [Buyer] Never mind then. If there's no full COD, I am not interested.
 [Merchant] Alright, cancelling the request. Sorry we couldn't work it out.",no,EXPLICIT_REJECTION,Skeptic,Fujifilm X-T30 II Mirrorless Camera,Audio & Visual Gear
10300,ENG_301,"[Buyer] hey u guys got sony wh-1000xm5 wireless headphones rn
 [Merchant] Hello there! Yes indeed, we have them in stock and ready to ship out right away!
 [Buyer] wat colors do u hvae
 [Merchant] We have three gorgeous options ready for you: Black, Silver, and Midnight Blue!
 [Buyer] who fixes it if it breaks
 [Merchant] It comes with an official 1-year coverage! Please note that physical damage and water damage are excluded, as is standard practice.
 [Buyer] fast charge?
 [Merchant] Absolutely! Just 3 minutes of charging hooks you up with roughly 3 hours of playback time!
 [Buyer] can i plug it in if battery dies
 [Merchant] Let me double-check... yes, absolutely! It includes a 3.5mm headphone cable so you can keep listening passively.
 [Buyer] is anc better than xm4
 [Merchant] To give you the exact details, the XM5 packs dual processors and 8 microphones, delivering a massive upgrade in noise cancellation, especially for high frequencies!
 [Buyer] ok thnx how much total
 [Merchant] sure the price for this amazing item is 32,000 taka!
 [Buyer] ok u ship home how much
 [Merchant] yes we do! Delivery charge is only 100 taka for Dhaka and 160 taka outside. Every package is fully insured for yuor peace of mind!
 [Buyer] cool thnx for info
 [Merchant] You are very welcome! Best of luck with your search, and hope to serve you soon!",no,INQUIRY_DROPOUT,Ghoster,Sony WH-1000XM5 Wireless Headphones,Audio & Visual Gear
10301,ENG_302,"[Buyer] Hey, I am interested in purchasing the Fujifilm X-T30 II Mirrorless Camera. Is it available?
 [Merchant] Greetings! Yes, we have brand new units in stock.
 [Buyer] Also, does it have a microphone input?
 [Merchant] Checking the spec sheet - yes, there's a 3.5mm mic jack, and headphone monitoring works via the USB-C adapter. That's straight from the official spec sheet.
 [Buyer] I had a technical question. What is the sensor resolution?
 [Merchant] It uses a 26.1MP X-Trans CMOS 4 APS-C sensor.
 [Buyer] I see. And Does it have in-body image stabilization (IBIS)?
 [Merchant] Checking the spec sheet - no, the X-T30 II does not have IBIS. Stabilization relies on OIS-equipped lenses like the one included. That's straight from the official spec sheet.
 [Buyer] I see. And Does this include a kit lens?
 [Merchant] Good question. Yes, this package includes the XC 15-45mm OIS PZ lens.
 [Buyer] I see. Unfortunately that spec doesn't meet my requirements. Thanks anyway.
 [Merchant] That's alright. Best of luck with your search!",no,INQUIRY_DROPOUT,Skeptic,Fujifilm X-T30 II Mirrorless Camera,Audio & Visual Gear
10302,ENG_303,"[Buyer] hello there! hope u are having a great day. i have been hunting for the Fujifilm X-T30 II Mirrorless Camera and wanted to check if you have it in stock?
 [Merchant] right yes, stock available.
 [Buyer] oh wonderful! could u kindly let me know the price for this?
 [Merchant] right 98,000 taka.
 [Buyer] thanks so much! is there any warranty on it, and for how long does it last?
 [Merchant] right 1-year official warranty. water and physical damage not covered.
 [Buyer] gotcha, appreciate the details! does this one happen to include a microphone input?
 [Merchant] has 3.5mm mic jack. audio monitoring works through usb-c adapter.
 [Buyer] ah perfect, thanks for checking! do u also happen to know the sensor resolution?
 [Merchant] 26.1MP X-Trans CMOS 4 APS-C sensor.
 [Buyer] sweet! just one last quick detail about what comes in teh box... does it bring a kit lens?
 [Merchant] includes XC 15-45mm OIS PZ lens in box.
 [Buyer] thats awesome, thanks for bearing with all my questions! can it shoot 4K video too?
 [Merchant] yes, shoots oversampled 4K/30p video, no crop.
 [Buyer] wonderful news! how does the shipping process usually work with u guys?
 [Merchant] yes dhaka delivery 100, taka outside 160 taka. insured shipping. need 500 taka advance via merchant bKash as security, rest is COD
 [Buyer] right oh... is that advance payment really required? i would honestly prefer to pay the whole amount on delivery.
 [Merchant] company policy for orders over 10,000 taka to stop fake bookings. fully safe, trade license and Multiplan Center shop can be checked
 [Buyer] i am really sorry, but i just cannot send advance money to online pages. i will go pick one up from a physical store instead. please cancel my order.
 [Merchant] cancelled. no worries.",no,EXPLICIT_REJECTION,TechSpecsNerd,Fujifilm X-T30 II Mirrorless Camera,Audio & Visual Gear
10303,ENG_304,"[Buyer] Hello! I saw your post regarding the Fujifilm X-T30 II Mirrorless Camera. Do you have it?
 [Merchant] Greetings! Yes, we have brand new units in stock.
 [Buyer] Another thing: can it shoot 4K video?
 [Merchant] Yes, it records oversampled 4K/30p video with no crop.
 [Buyer] Good to know. Can you confirm if this is official brand new stock with warranty?
 [Merchant] Absolutely. It is completely intact, unopened, and comes with a 1-year official warranty.
 [Buyer] What's the rate on this one?
 [Merchant] The item is priced at 98,000 taka.
 [Buyer] That's a bit steep. Can you offer any discount on that?
 [Merchant] For you, 96,654 taka. That's genuinely the floor.
 [Buyer] Can you shave off a little more? Round it to 96,154 taka and I'll confirm now.
 [Merchant] You drive a hard bargain. 96,154 taka, final.
 [Buyer] Almost there. Do 95,954 taka and it's a deal.
 [Merchant] You drive a hard bargain. 95,954 taka, final.
 [Buyer] 95,954 taka works. Please confirm my order. Alright. Do you do home delivery? And what is the fee?
 [Merchant] Delivery is 100 taka inside Dhaka and 160 taka outside. We dispatch immediately upon order confirmation. For order confirmation, a 500 taka advance via bKash is mandatory. The balance is full Cash on Delivery (COD).
 [Buyer] Too many scam pages these days. Why should I trust you with an advance?
 [Merchant] It is standard procedure to avoid fake courier requests. We offer an open-box inspection in front of the rider before you pay the remaining COD amount.
 [Buyer] Okay, I understand. I'll trust your page this time. Sending the advance now.
 [Merchant] Thank you for understanding! Please send 500 taka to 01728767013 (Merchant) and share the TrxID.
 [Buyer] Sent 500 taka. TrxID is BK83X345P. Please deliver to: Kandirpar, Victoria College Road, Cumilla. Mobile: 01734567890.
 [Merchant] Payment received and verified. Your order is confirmed. The remaining 95,614 taka will be collected on delivery.",yes,PURCHASE_COMMITTED,LowBaller,Fujifilm X-T30 II Mirrorless Camera,Audio & Visual Gear
10304,ENG_305,"[Buyer] Hi, quick question - Viofo A129 Pro Duo 4K Dash Cam, in stock right now?
 [Merchant] Greetings! Yes, we have brand new units in stock.
 [Buyer] What is the price? Please let me know.
 [Merchant] We are currently offering it for 23,500 taka.
 [Buyer] If I take 3 units, can you give a better per-unit rate?
 [Merchant] For 3 or more units we can discuss a corporate rate. Please share your requirement in detail.
 [Buyer] Does it have built-in WiFi to download videos?
 [Merchant] Good question. Yes, it features dual-band (2.4GHz & 5GHz) WiFi for fast video transfers to your phone.
 [Buyer] I see. And How does it handle heat in summer?
 [Merchant] Let me confirm that for you. It uses a supercapacitor instead of a battery, which is far more heat-tolerant for Bangladesh summers. Anything else you'd like to know?
 [Buyer] Any chance you can lower the price a bit? Maybe 21,902 taka?
 [Merchant] I can't do 21,902, but as a special offer for a quick deal, I can offer 22,701 taka.
 [Buyer] Okay, I'm happy with 22,701 taka. Book it for me. Okay, how does the delivery process work?
 [Merchant] Delivery is 100 taka inside Dhaka and 160 taka outside. We dispatch immediately upon order confirmation. For order confirmation, a 500 taka advance via bKash is mandatory. The balance is full Cash on Delivery (COD).
 [Buyer] Alright, that makes sense. I will send the 500 taka advance.
 [Merchant] Thank you for understanding! Please send 500 taka to 01745757365 (Merchant) and share the TrxID.
 [Buyer] Sent 500 taka. TrxID is BK38X627P. Please deliver to: Agrabad Commercial Area, GEC Circle, Chattogram. Mobile: 01819876543.
 [Merchant] Payment received and verified. Your order is confirmed. The remaining 22,301 taka will be collected on delivery.",yes,PURCHASE_COMMITTED,LowBaller,Viofo A129 Pro Duo 4K Dash Cam,Automotive & Riding Gear
10305,ENG_306,"[Buyer] Hello, is the Sony WH-1000XM5 Wireless Headphones currently in stock?
 [Merchant] Hello! In stock and ready to dispatch today.
 [Buyer] Also, can I use them wired if the battery dies?
 [Merchant] Good question. Yes, it comes with a 3.5mm headphone cable for passive wired listening.
 [Buyer] I had a technical question. Does it support multi-point Bluetooth connection?
 [Merchant] Yes, you can connect it to two devices simultaneously, like your phone and laptop.
 [Buyer] One more on the specs. Does it fold up for travel?
 [Merchant] Right, so The XM5 does not fold at the hinges like the XM4, but it comes with a slim moulded carry case. Hope that helps!
 [Buyer] Thanks for the quick reply, by the way.
 [Merchant] Happy to help! We're online from 10 AM to 10 PM daily.
 [Buyer] What's the rate on this one?
 [Merchant] Our selling price for this unit is 32,000 taka.
 [Buyer] Okay, thanks for the information.
 [Merchant] Sure thing. Have a good day!",no,INQUIRY_DROPOUT,Ghoster,Sony WH-1000XM5 Wireless Headphones,Audio & Visual Gear
10306,ENG_307,"[Buyer] Hello. Interested in the Viofo A129 Pro Duo 4K Dash Cam. Still selling?
 [Merchant] Hello! Yes, the Viofo A129 Pro Duo 4K Dash Cam is available in our ready stock.
 [Buyer] Do you have a video of the actual product in your shop?
 [Merchant] Yes, I can share the import invoice. We're a registered importer.
 [Buyer] Nice. Does it come intact with the original factory seal?
 [Merchant] Yes, it is guaranteed brand new and sealed. You'll be the first to open it.
 [Buyer] Is this worth it over the previous generation?
 [Merchant] We're an authorized reseller with a physical outlet. If anything fails, you have somewhere to go.
 [Buyer] Does the warranty cover manufacturing defects?
 [Merchant] Full 1-year warranty. Just bring the invoice and we handle the rest.
 [Buyer] I see. And Is the rear camera also 4K?
 [Merchant] No, the front camera records in true 4K (Sony Exmor R), while the rear camera records in 1080p (Sony Starvis). Let me know if you need more detail.
 [Buyer] Another thing: is there a GPS logger?
 [Merchant] To be precise, yes, the bundled GPS mount stamps speed and location onto the footage. Let me know if you need more detail.
 [Buyer] I see. And Does it have built-in WiFi to download videos?
 [Merchant] Yes, it features dual-band (2.4GHz & 5GHz) WiFi for fast video transfers to your phone.
 [Buyer] Quick one - does it come with an SD card?
 [Merchant] No, the MicroSD card must be purchased separately. We recommend High Endurance cards. Hope that helps!
 [Buyer] Thanks. How much does it cost in total?
 [Merchant] We are currently offering it for 23,500 taka.
 [Buyer] Could you give a small discount? My budget is closer to 20,683 taka.
 [Merchant] Alright, I can give a small concession. Final price 22,092 taka. Deal?
 [Buyer] Almost there. Do 21,592 taka and it's a deal.
 [Merchant] You drive a hard bargain. 21,592 taka, final.
 [Buyer] I need it delivered to my home. What's the procedure?
 [Merchant] We offer home delivery all over Bangladesh via Steadfast/Pathao. Inside Dhaka is 100 taka (24 hours), Outside Dhaka is 160 taka (48-72 hours). For order confirmation, a 500 taka advance via bKash is mandatory. The balance is full Cash on Delivery (COD).
 [Buyer] Let me consider it. I'll message you once I've made up my mind.
 [Merchant] No problem at all. We're here if anything changes.",no,DEFERRED_CONSIDERATION,Skeptic,Viofo A129 Pro Duo 4K Dash Cam,Automotive & Riding Gear
10307,ENG_308,"[Buyer] Hello. Interested in the Fujifilm X-T30 II Mirrorless Camera. Still selling?
 [Merchant] Hello. Yes, Fujifilm X-T30 II Mirrorless Camera is in stock.
 [Buyer] Alright. So what is the final price for this?
 [Merchant] We are currently offering it for 98,000 taka.
 [Buyer] Good to know. Can you confirm if this is official brand new stock with warranty?
 [Merchant] Yes, it is 100% official brand new, factory sealed with all accessories.
 [Buyer] I see. And Does this include a kit lens?
 [Merchant] Good question. Yes, this package includes the XC 15-45mm OIS PZ lens. That's straight from the official spec sheet.
 [Buyer] Quick one - what is the sensor resolution?
 [Merchant] Let me confirm that for you. It uses a 26.1MP X-Trans CMOS 4 APS-C sensor.
 [Buyer] Also, does it have a microphone input?
 [Merchant] Checking the spec sheet - yes, there's a 3.5mm mic jack, and headphone monitoring works via the USB-C adapter. That's straight from the official spec sheet.
 [Buyer] What is your last price? I will take it for 96,058 taka.
 [Merchant] Margin is tight, but I want to make this sale. I'll agree to 97,029 taka.
 [Buyer] Can you shave off a little more? Round it to 96,529 taka and I'll confirm now.
 [Merchant] That's really the limit - but fine, 96,529 taka since you're ordering today.
 [Buyer] I see. Thanks for your help.
 [Merchant] That's completely fine. Wishing you the best.",no,DEFERRED_CONSIDERATION,TechSpecsNerd,Fujifilm X-T30 II Mirrorless Camera,Audio & Visual Gear
10308,ENG_309,"[Buyer] Hello, could you please tell me if the Sony WH-1000XM5 Wireless Headphones are currently available?
 [Merchant] Hello there! Yes, they are fully in stock and ready to ship out to you today!
 [Buyer] How fast will the delivery be, please? I am in quite a rush to get them
 [Merchant] ok if you can finalize everything in the next hour, we will send them out today for delivery tomorrow right here inside Dhaka!
 [Buyer] so thank you. Would you mind telling me how much they cost right now?
 [Merchant] the pirce for the brand new sealed unit is 32,000 taka. To lock in your order, a 500 taka advance via bKash is required, and the rest will be paid through Cash on Delivery.
 [Buyer] that sounds fair, thank you. I will go ahead and send the 500 taka advance to secure my order.
 [Merchant] Thank you so much! Kindly send the 500 taka to our merchant number 01723430521 and drop the TrxID here when you are done.
 [Buyer] I have just sent the 500 taka. The TrxID is BK19X779P. Please send the package to: College Road, Bogra Sadar, Bogura, and my mobile number is 01687654321. Thank you.
 [Merchant] ok payment received and checked successfully! Your order is all set. The remaining 31,600 taka will be collected as Cash on Delivery when it arrives",yes,PURCHASE_COMMITTED,Urgent,Sony WH-1000XM5 Wireless Headphones,Audio & Visual Gear
10309,ENG_310,"[Buyer] hey u guys got sony wh-1000xm5 wireless headphones in stock rn?
 [Merchant] Welcome to our electronics store. We can confirm that 100% authentic units of the Sony WH-1000XM5 are currently available in our inventory, backed by our official store warranty.
 [Buyer] um quick q... can u still use 'em with a wire if the battery goes dead?
 [Merchant] Please be assured of product versatility. Yes, teh package includes an official 3.5mm audio cable intended for passive wired listening whenever battery power is depleted
 [Buyer] how long does the battery last if anc is on?
 [Merchant] yes regarding your inquiry, the device delivers up to 30 hours of continuous playback with active noise cancellation enabled. All our products are genuine and verified for performance.
 [Buyer] is the noise cancelling actually better than the xm4 tho?
 [Merchant] To elaborate on teh technical specifications, the Sony WH-1000XM5 integrates two specialized processors alongside 8 microphones to deliver significantly superior noise cancellation performance, particularly against high-frequency ambient sounds. We guarantee 100% authenticity on all components
 [Buyer] ok cool thnx for the info
 [Merchant] It is our absolute pleasure to assist you. Should you require further clarification regarding our official warranty policy or authentic stock, please do not hesitate to ask. Have a wonderful day",no,DEFERRED_CONSIDERATION,LowBaller,Sony WH-1000XM5 Wireless Headphones,Audio & Visual Gear
10310,ENG_311,"[Buyer] Hello, good day! I came across your advertisement for the Samsung T7 Shield 2TB Portable SSD. Could you please tell me if it is currently available?
 [Merchant] ok hello there! Yes absolutely, the Samsung T7 Shield 2TB Portable SSD is fully in stock and ready to ship, but stocks are moving fast so grab yours today!
 [Buyer] thank you for confirming. I would also like to ask, is the body truly rugged and capable of handling drops?
 [Merchant] Oh for sure! It features a super durable rubberized casing built to safely survive sudden drops from up to 3 meters, giving you total peace of mind!
 [Buyer] I see. Please pardon me for asking, but does it offer any water resistance as well?
 [Merchant] Yes indeed! It comes wiht an IP65 rating for water and dust resistance, making it an absolute lifesaver for outdoor shoots!
 [Buyer] that sounds wonderful. Could you kindly let me know if it is compatible with both Windows and Mac systems?
 [Merchant] Glad you asked! Yes, it comes pre-formatted in exFAT so it works seamlessly on Windows, macOS, and Android right out of the box without any hassle!
 [Buyer] Thank you very much. Can you also please tell me what kind of connection cables come inside the package?
 [Merchant] You got it! You will receive both a USB-C to C cable adn a USB-C to A cable included right inside the box, so you are fully set up from the get-go!
 [Buyer] That is very helpful. What is the total cost for this item, please?
 [Merchant] for this 100% genuine sealed unit, the special price is only 22,500 taka! Grab it while supplies last!
 [Buyer] thank you for letting me know. Do you provide home delivery services, and if so, what are the shipping charges please?
 [Merchant] sure we sure do! We use fast courier services: it takes just 1 day for Dhaka for 100 taka, and only 2-3 days outside Dhaka for 160 taka!
 [Buyer] That is clear to me now. Thank you very much for yuor time and kind assistance
 [Merchant] You are most welcome! Let us know whenever you are ready to order, we are always here to help!",no,INQUIRY_DROPOUT,DeliveryObsessed,Samsung T7 Shield 2TB Portable SSD,Computing & Peripherals
10311,ENG_312,"[Buyer] Hi there, is the Breville Barista Express Espresso Machine available in ready stock?
 [Merchant] Hello. Yes, Breville Barista Express Espresso Machine is in stock.
 [Buyer] Does the warranty cover manufacturing defects?
 [Merchant] You get 1 year of official warranty. Claims are handled through our service desk.
 [Buyer] Can I see the invoice or import papers to verify it's official?
 [Merchant] Of course - here's a short video of the actual box in our showroom.
 [Buyer] Perfect. Just confirming, this is a completely sealed, unopened unit right?
 [Merchant] Brand new, untouched, seal intact. We don't sell refurbished items at all.
 [Buyer] One more on the specs. How long does it take to heat up?
 [Merchant] Yes - about 30 seconds from cold to first shot thanks to the Thermocoil. Let me know if you need more detail.
 [Buyer] One more on the specs. What is the water tank capacity?
 [Merchant] The removable tank holds 2 litres, which is roughly 15-18 double shots. Let me know if you need more detail.
 [Buyer] Another thing: can I manually texture milk for latte art?
 [Merchant] Checking the spec sheet - yes, the powerful steam wand allows you to hand-texture microfoam milk perfect for latte art.
 [Buyer] Another thing: is it a single or dual boiler?
 [Merchant] Checking the spec sheet - it uses a single Thermocoil heating system, meaning you brew espresso and steam milk sequentially, not simultaneously.
 [Buyer] Thanks. How much does it cost in total?
 [Merchant] The item is priced at 78,000 taka.
 [Buyer] Alright, got it. Thanks.
 [Merchant] That's completely fine. Wishing you the best.",no,DEFERRED_CONSIDERATION,TrustSeeker,Breville Barista Express Espresso Machine,Home & Kitchen Appliances
10312,ENG_313,"[Buyer] hope you are well... just wondering if the Sony WH-1000XM5 Wireless Headphones can be bought right now?
 [Merchant] Greetings. Yes, we currently maintain brand new units in our active inventory.
 [Buyer] thnx for checking... how much for one please?
 [Merchant] For the authentic sealed unit, the standard retail price is set at 32,000 taka.
 [Buyer] wondering if buying 3 pieces gets any discount on each?
 [Merchant] Bulk quantities qualify for revised pricing structures. Specifically, for 5+ units we provide meaningful financial savings.
 [Buyer] sweet! just to double check before moving forward, is it 100% brand new and factory sealed?
 [Merchant] Affirmative, authenticity is fully guaranteed with factory seals intact. You will be the initial individual to unbox the item.
 [Buyer] what color choices are out right now?
 [Merchant] Our current available selections comprise Black, Silver, and Midnight Blue. All variations share the identical price point.
 [Buyer] gotcha... and how does the active noise cancellation hold up next to the older XM4?
 [Merchant] Indeed - the XM5 integrates dual processors alongside 8 microphones to deliver substantially enhanced noise cancellation performance, particularly targeting high-frequency sounds, in accordance with official manufacturing specifications.
 [Buyer] one more thing... how long does the battery last when noise cancellation is on?
 [Merchant] We are pleased to specify that users receive up to 30 hours of continuous operational battery life with active noise cancellation engaged.
 [Buyer] id love to get this sent to my house, how do we do that?
 [Merchant] We facilitate secure nationwide delivery across Bangladesh utilizing Steadfast or Pathao. Delivery inside Dhaka requires 100 taka with a 24-hour timeframe, while delivery outside Dhaka costs 160 taka taking 48-72 hours. To finalize your order, an advance payment of 500 taka through bKash is strictly required. The remaining balance is processed via complete Cash on Delivery (COD).
 [Buyer] wait why do I need to send money first? I really want 100% Cash on Delivery without paying anything beforehand.
 [Merchant] This policy is enforced as standard operating procedure to mitigate fraudulent courier orders. Furthermore, we facilitate an open-box inspection in the physical presence of the delivery agent prior to clearing the remaining COD balance.
 [Buyer] ah sorry that wont work for me... im not sending any advance money. let's just drop it.
 [Merchant] Understood, processing the cancellation of your inquiry. We regret that we could not successfully conclude this transaction.",no,EXPLICIT_REJECTION,LowBaller,Sony WH-1000XM5 Wireless Headphones,Audio & Visual Gear
10313,ENG_314,"[Buyer] Hello, could you please confirm if the Sony WH-1000XM5 Wireless Headphones are currently available?
 [Merchant] Greetings. We can confirm that 100% authentic, brand new units of the Sony WH-1000XM5 are in stock, backed by our official store warranty
 [Buyer] thank you. Does it fold up for travel, please?
 [Merchant] As per official specifications, the XM5 does not fold at the hinges like the XM4, but it comes with a slim moulded carry case. Every unit is genuine and covered under our standard warranty policy. Let me know if you need more detail
 [Buyer] I see... could you also tell me if there is a quick charge feature, please?
 [Merchant] To be precise, yes, 3 minutes of charging gives you around 3 hours of playback. All our products are authentic and protected by warranty. Let me know if you need more detail.
 [Buyer] Ah, that is quite unfortunate and unfortunately does not suit my travel needs, so I will please look at other models instead. Thank you very much for your time.
 [Merchant] Understood. Please feel free to message us any time if you wish to explore alternative genuine items backed by our official warranty.",no,INQUIRY_DROPOUT,TrustSeeker,Sony WH-1000XM5 Wireless Headphones,Audio & Visual Gear
10314,ENG_315,"[Buyer] Hello. Do you still have the Dyson Purifier Cool TP07?
 [Merchant] Hello! In stock and ready to dispatch today.
 [Buyer] Alright. So what is the final price for this?
 [Merchant] It's 68,000 taka, all inclusive.
 [Buyer] Does it connect to WiFi?
 [Merchant] Checking the spec sheet - yes, you can control it and monitor air quality in real-time using the MyDyson app via WiFi.
 [Buyer] How far does it oscillate?
 [Merchant] Right, so It features adjustable oscillation up to 350 degrees to project air across the whole room.
 [Buyer] I had a technical question. Is it loud at night?
 [Merchant] Checking the spec sheet - there's a dedicated night mode that caps fan speed and dims the display. Anything else you'd like to know?
 [Buyer] Also, does it cool the room like an AC?
 [Merchant] To be precise, no, it is a fan and purifier. It circulates purified air but does not have a compressor to lower the room temperature.
 [Buyer] What makes your listing different from the ones on Daraz?
 [Merchant] It's a genuine step up, and more importantly ours is official stock with real warranty support.
 [Buyer] Perfect. Just confirming, this is a completely sealed, unopened unit right?
 [Merchant] Yes, it is guaranteed brand new and sealed. You'll be the first to open it.
 [Buyer] What are the delivery options and charges?
 [Merchant] We use premium courier services. It takes 1 day for Dhaka (100 taka) and 2-3 days outside (160 taka). For order confirmation, a 500 taka advance via bKash is mandatory. The balance is full Cash on Delivery (COD).
 [Buyer] I prefer paying everything when I have the product in my hands. Can we skip the advance?
 [Merchant] Okay, since you're local and reachable by phone, we'll do full COD this time.
 [Buyer] Great, full COD works for me. Let's do it.
 [Merchant] Perfect. Please share your full delivery address and mobile number to book the parcel.
 [Buyer] Address: Station Road, Gopalganj Sadar, Gopalganj. Mobile: 01734567890.
 [Merchant] Order confirmed and booked. Full 68,160 taka is payable to the rider on delivery.",yes,PURCHASE_COMMITTED,Ghoster,Dyson Purifier Cool TP07,Home & Kitchen Appliances
10315,ENG_316,"[Buyer] Hello. Interested in the Garmin Forerunner 265 GPS Watch. Still selling?
 [Merchant] Hi! Absolutely, we have it ready for you.
 [Buyer] Great. What condition is it in? Is it 100% intact?
 [Merchant] Yes, it is 100% official brand new, factory sealed with all accessories.
 [Buyer] Can I store music directly on the watch?
 [Merchant] Right, so Absolutely, it has 8GB of internal storage so you can download Spotify playlists for phone-free running.
 [Buyer] Another shop is offering a similar item cheaper. Why should I buy from you?
 [Merchant] It's a genuine step up, and more importantly ours is official stock with real warranty support.
 [Buyer] Based on that, I think the other option suits me better. Thanks for your help.
 [Merchant] We understand. We don't compromise on quality or warranty. Have a good day.",no,INQUIRY_DROPOUT,LowBaller,Garmin Forerunner 265 GPS Watch,Sports & Fitness
10316,ENG_317,"[Buyer] Hi, quick question - Sony WH-1000XM5 Wireless Headphones, in stock right now?
 [Merchant] Hello sir/ma'am. Yes, it's currently available for immediate delivery.
 [Buyer] What kind of warranty do I get with this?
 [Merchant] Official 1-year coverage. Physical damage and water damage are excluded, as usual.
 [Buyer] Is there a choice of colors or finishes?
 [Merchant] We currently stock Black, Silver, Midnight Blue. All at the same price.
 [Buyer] Is there a quick charge feature?
 [Merchant] Yes, 3 minutes of charging gives you around 3 hours of playback. Hope that helps!
 [Buyer] Also, how is the active noise cancellation compared to the XM4?
 [Merchant] To be precise, the XM5 uses two processors and 8 microphones for significantly improved noise cancellation, especially for high-frequency sounds. Hope that helps!
 [Buyer] Okay, that sounds good. How much are you asking for it?
 [Merchant] It's 32,000 taka, all inclusive.
 [Buyer] Is the price fixed or negotiable? I was hoping for 29,677 taka.
 [Merchant] Alright, I can give a small concession. Final price 30,839 taka. Deal?
 [Buyer] Alright, 30,839 taka sounds fair. I'll take it. How fast can you deliver it to my address?
 [Merchant] We offer home delivery all over Bangladesh via Steadfast/Pathao. Inside Dhaka is 100 taka (24 hours), Outside Dhaka is 160 taka (48-72 hours). Since it's a high-value item, our policy requires a 500 taka advance payment. You can pay the rest to the delivery man.
 [Buyer] Is the advance strictly necessary? I'd rather do full COD.
 [Merchant] I completely understand your concern. The advance simply ensures you are a serious buyer and covers our return shipping risk if the parcel is rejected. You can check our page reviews and physical shop address for peace of mind.
 [Buyer] Alright, that makes sense. I will send the 500 taka advance.
 [Merchant] Thank you for understanding! Please send 500 taka to 01779068971 (Merchant) and share the TrxID.
 [Buyer] Sent 500 taka. TrxID is BK11X835P. Please deliver to: Sector 7, Road 18, House 5, Uttara, Dhaka. Mobile: 01923456789.
 [Merchant] Payment received and verified. Your order is confirmed. The remaining 30,439 taka will be collected on delivery.",yes,PURCHASE_COMMITTED,Standard,Sony WH-1000XM5 Wireless Headphones,Audio & Visual Gear
10317,ENG_318,"[Buyer] Good afternoon, I am looking for the Viofo A129 Pro Duo 4K Dash Cam. Can you confirm stock?
 [Merchant] Hello. Yes, Viofo A129 Pro Duo 4K Dash Cam is in stock.
 [Buyer] What makes your listing different from the ones on Daraz?
 [Merchant] It's a genuine step up, and more importantly ours is official stock with real warranty support.
 [Buyer] Okay, that sounds good. How much are you asking for it?
 [Merchant] It's 23,500 taka, all inclusive.
 [Buyer] Do you deliver outside Dhaka?
 [Merchant] Delivery charge is 100 taka for Dhaka, 160 taka outside. Packages are fully insured. For order confirmation, a 500 taka advance via bKash is mandatory. The balance is full Cash on Delivery (COD).
 [Buyer] Alright, that makes sense. I will send the 500 taka advance.
 [Merchant] Thank you for understanding! Please send 500 taka to 01770513438 (Merchant) and share the TrxID.
 [Buyer] Sent 500 taka. TrxID is BK30X325P. Please deliver to: House 14, Road 3, Dhanmondi, Dhaka. Mobile: 01822334455.
 [Merchant] Payment received and verified. Your order is confirmed. The remaining 23,100 taka will be collected on delivery.",yes,PURCHASE_COMMITTED,Skeptic,Viofo A129 Pro Duo 4K Dash Cam,Automotive & Riding Gear
10318,ENG_319,"[Buyer] Hello! I saw your post regarding the Keychron Q1 Pro Custom Keyboard. Do you have it?
 [Merchant] Hello! Yes, the Keychron Q1 Pro Custom Keyboard is available in our ready stock.
 [Buyer] How does this compare to the model one tier below it?
 [Merchant] Price differences usually come from unofficial imports. Ours is official, with paperwork.
 [Buyer] Which colors do you have in stock?
 [Merchant] Right now we have these in stock: Carbon Black, Silver Grey, Blue.
 [Buyer] Sorry, one more time: is this in hand, or do you have to bring it in?
 [Merchant] Ready stock, sir. Not pre-order. It's on our shelf right now.
 [Buyer] Who handles warranty claims if something goes wrong?
 [Merchant] You get 1 year of official warranty. Claims are handled through our service desk.
 [Buyer] What type of switches does it come with?
 [Merchant] Let me confirm that for you. It comes pre-installed with Keychron K Pro Banana tactile switches, but it's fully hot-swappable. That's straight from the official spec sheet.
 [Buyer] Do you have a video of the actual product in your shop?
 [Merchant] Attaching a real photo with our shop card next to it for verification.
 [Buyer] Great. What condition is it in? Is it 100% intact?
 [Merchant] Yes sir, we only deal in genuine, factory-sealed products. It's completely brand new.
 [Buyer] Alright. So what is the final price for this?
 [Merchant] The item is priced at 18,500 taka.
 [Buyer] What is your last price? I will take it for 16,796 taka.
 [Merchant] For you, 17,648 taka. That's genuinely the floor.
 [Buyer] Almost there. Do 17,148 taka and it's a deal.
 [Merchant] That's really the limit - but fine, 17,148 taka since you're ordering today.
 [Buyer] 17,148 taka works. Please confirm my order. How fast can you deliver it to my address?
 [Merchant] We use premium courier services. It takes 1 day for Dhaka (100 taka) and 2-3 days outside (160 taka). To confirm the order, we require a small 500 taka advance via bKash to cover the courier booking fee. The rest is Cash on Delivery.
 [Buyer] Why the advance? I want 100% Cash on Delivery without any prior payment.
 [Merchant] We sympathize, but this is a strict company policy for items over 10,000 taka to prevent fake orders. You can verify our trade license and physical store in Multiplan Center.
 [Buyer] Sure, I'll pay the advance. Please share your bKash number.
 [Merchant] Thank you for understanding! Please send 500 taka to 01720067561 (Merchant) and share the TrxID.
 [Buyer] Sent 500 taka. TrxID is BK15X740P. Please deliver to: Station Road, Gopalganj Sadar, Gopalganj. Mobile: 01611778899.
 [Merchant] Payment received and verified. Your order is confirmed. The remaining 16,748 taka will be collected on delivery.",yes,PURCHASE_COMMITTED,Skeptic,Keychron Q1 Pro Custom Keyboard,Computing & Peripherals
10319,ENG_320,"[Buyer] Hello. Do you still have the Samsung T7 Shield 2TB Portable SSD?
 [Merchant] Greetings! Yes, we have brand new units in stock.
 [Buyer] I see. And Is it water resistant?
 [Merchant] Let me confirm that for you. It has an IP65 rating for water and dust resistance, making it great for outdoor shoots. Hope that helps!
 [Buyer] I had a technical question. What are the read and write speeds?
 [Merchant] To be precise, it delivers sequential read/write speeds of up to 1050/1000 MB/s via USB 3.2 Gen 2.
 [Buyer] Alright. So what is the final price for this?
 [Merchant] The item is priced at 22,500 taka.
 [Buyer] I've seen it slightly cheaper elsewhere. Can you do 20,072 taka?
 [Merchant] Since you are confirming today, I can meet you in the middle at 21,286 taka.
 [Buyer] Almost there. Do 20,986 taka and it's a deal.
 [Merchant] You drive a hard bargain. 20,986 taka, final.
 [Buyer] Deal at 20,986 taka. Let's proceed. What are the delivery options and charges?
 [Merchant] Delivery is 100 taka inside Dhaka and 160 taka outside. We dispatch immediately upon order confirmation. We just need 500 taka sent to our merchant bKash as a security deposit for the courier. The remaining amount will be collected as COD.
 [Buyer] I prefer paying everything when I have the product in my hands. Can we skip the advance?
 [Merchant] We sympathize, but this is a strict company policy for items over 10,000 taka to prevent fake orders. You can verify our trade license and physical store in Multiplan Center.
 [Buyer] Okay, I understand. I'll trust your page this time. Sending the advance now.
 [Merchant] Thank you for understanding! Please send 500 taka to 01725044938 (Merchant) and share the TrxID.
 [Buyer] Sent 500 taka. TrxID is BK43X558P. Please deliver to: Sector 7, Road 18, House 5, Uttara, Dhaka. Mobile: 01712349911.
 [Merchant] Payment received and verified. Your order is confirmed. The remaining 20,646 taka will be collected on delivery.",yes,PURCHASE_COMMITTED,Standard,Samsung T7 Shield 2TB Portable SSD,Computing & Peripherals
10320,ENG_321,"[Buyer] Hello! I saw your post regarding the Dyson Purifier Cool TP07. Do you have it?
 [Merchant] Hello! Yes, the Dyson Purifier Cool TP07 is available in our ready stock.
 [Buyer] Alright. So what is the final price for this?
 [Merchant] The item is priced at 68,000 taka.
 [Buyer] I need multiple pieces for my office. Any bulk pricing?
 [Merchant] For 3 or more units we can discuss a corporate rate. Please share your requirement in detail.
 [Buyer] I see. And Does it connect to WiFi?
 [Merchant] Happy to clarify: yes, you can control it and monitor air quality in real-time using the MyDyson app via WiFi.
 [Buyer] One more on the specs. What kind of filters does it use?
 [Merchant] Yes - it uses a fully sealed HEPA H13 standard filter that captures 99.97% of particles as small as 0.3 microns.
 [Buyer] Is this worth it over the previous generation?
 [Merchant] The main gains are in build quality and the warranty backing. Cheaper listings are often grey-market imports with no local service.
 [Buyer] What are the delivery options and charges?
 [Merchant] We offer home delivery all over Bangladesh via Steadfast/Pathao. Inside Dhaka is 100 taka (24 hours), Outside Dhaka is 160 taka (48-72 hours). We just need 500 taka sent to our merchant bKash as a security deposit for the courier. The remaining amount will be collected as COD.
 [Buyer] I prefer paying everything when I have the product in my hands. Can we skip the advance?
 [Merchant] It is standard procedure to avoid fake courier requests. We offer an open-box inspection in front of the rider before you pay the remaining COD amount.
 [Buyer] Fair enough. I'll send the 500 taka to confirm the booking.
 [Merchant] Thank you for understanding! Please send 500 taka to 01799789017 (Merchant) and share the TrxID.
 [Buyer] Sent 500 taka. TrxID is BK83X151P. Please deliver to: College Road, Bogra Sadar, Bogura. Mobile: 01687654321.
 [Merchant] Payment received and verified. Your order is confirmed. The remaining 67,600 taka will be collected on delivery.",yes,PURCHASE_COMMITTED,BulkBuyer,Dyson Purifier Cool TP07,Home & Kitchen Appliances
10321,ENG_322,"[Buyer] hi u got the Breville Barista Express Espresso Machine in stock rn
 [Merchant] We can confirm that the Breville Barista Express Espresso Machine is currently available in our inventory, backed by our standard official warranty and authenticity guarantee.
 [Buyer] can u do latte art with the steam tho
 [Merchant] Yes, absolutely. The integrated high-pressure steam wand is specifically engineered for manual microfoam texturing, which is fully optimal for creating detailed latte art.
 [Buyer] well wait does it grind beans itself too
 [Merchant] Indeed. The unit features a built-in precision conical burr grinder complete with integrated dose control technology for optimal extraction
 [Buyer] is it single boiler or dual
 [Merchant] right according to the official manufacturer specifications, it utilizes a single Thermocoil heating system, meaning coffee extraction and milk texturing occur sequentially rather than simultaneously. All genuine units carry our full authorized warranty.
 [Buyer] ok thnx let me check and text u back later
 [Merchant] Thank you for consulting our store. Please reach out whenever you are ready, and we will ensure your genuine product order is processed securely with full warranty coverage.",no,DEFERRED_CONSIDERATION,TechSpecsNerd,Breville Barista Express Espresso Machine,Home & Kitchen Appliances
10322,ENG_323,"[Buyer] Hello, do you have the Viofo A129 Pro Duo 4K Dash Cam in stock? Please confirm.
 [Merchant] Hello! Yes, the Viofo A129 Pro Duo 4K Dash Cam is available in our ready stock.
 [Buyer] Quick one - how does it handle heat in summer?
 [Merchant] Absolutely. It uses a supercapacitor instead of a battery, which is far more heat-tolerant for Bangladesh summers.
 [Buyer] Perfect. Just confirming, this is a completely sealed, unopened unit right?
 [Merchant] Yes sir, we only deal in genuine, factory-sealed products. It's completely brand new.
 [Buyer] Which colors do you have in stock?
 [Merchant] You can pick from Standard Bundle, Bundle + HK3 Kit.
 [Buyer] Okay, that sounds good. How much are you asking for it?
 [Merchant] For the genuine sealed unit, the price is 23,500 taka.
 [Buyer] What is your last price? I will take it for 21,474 taka.
 [Merchant] Since you are confirming today, I can meet you in the middle at 22,487 taka.
 [Buyer] Deal at 22,487 taka. Let's proceed. Alright. Do you do home delivery? And what is the fee?
 [Merchant] Delivery is 100 taka inside Dhaka and 160 taka outside. We dispatch immediately upon order confirmation. Since it's a high-value item, our policy requires a 500 taka advance payment. You can pay the rest to the delivery man.
 [Buyer] I prefer paying everything when I have the product in my hands. Can we skip the advance?
 [Merchant] We sympathize, but this is a strict company policy for items over 10,000 taka to prevent fake orders. You can verify our trade license and physical store in Multiplan Center.
 [Buyer] Fair enough. I'll send the 500 taka to confirm the booking.
 [Merchant] Thank you for understanding! Please send 500 taka to 01723531284 (Merchant) and share the TrxID.
 [Buyer] Sent 500 taka. TrxID is BK59X966P. Please deliver to: Flat 3A, House 7, Road 27, Mohammadpur, Dhaka. Mobile: 01822334455.
 [Merchant] Payment received and verified. Your order is confirmed. The remaining 22,087 taka will be collected on delivery.",yes,PURCHASE_COMMITTED,Standard,Viofo A129 Pro Duo 4K Dash Cam,Automotive & Riding Gear
10323,ENG_324,"[Buyer] Hi, I want to buy the Fujifilm X-T30 II Mirrorless Camera. Let me know if it's available.
 [Merchant] Hi there! Thanks for reaching out. We do have it available.
 [Buyer] Okay, that sounds good. How much are you asking for it?
 [Merchant] The item is priced at 98,000 taka.
 [Buyer] Is this ready stock or pre-order? I need to be sure.
 [Merchant] Ready stock, sir. Not pre-order. It's on our shelf right now.
 [Buyer] How soon can it reach me? I need it urgently.
 [Merchant] We can prioritize your parcel. Confirm now and it goes out with today's pickup.
 [Buyer] Does it have in-body image stabilization (IBIS)?
 [Merchant] Checking the spec sheet - no, the X-T30 II does not have IBIS. Stabilization relies on OIS-equipped lenses like the one included.
 [Buyer] One more on the specs. Can it shoot 4K video?
 [Merchant] Checking the spec sheet - yes, it records oversampled 4K/30p video with no crop.
 [Buyer] Also, how many film simulation modes does it have?
 [Merchant] Good question. It features 18 classic Fujifilm film simulation modes, including Classic Neg and Eterna. Anything else you'd like to know?
 [Buyer] Quick one - does this include a kit lens?
 [Merchant] Happy to clarify: yes, this package includes the XC 15-45mm OIS PZ lens. Hope that helps!
 [Buyer] What is your last price? I will take it for 95,070 taka.
 [Merchant] I can't do 95,070, but as a special offer for a quick deal, I can offer 96,535 taka.
 [Buyer] Alright, 96,535 taka sounds fair. I'll take it. Alright. Do you do home delivery? And what is the fee?
 [Merchant] We use premium courier services. It takes 1 day for Dhaka (100 taka) and 2-3 days outside (160 taka). Since it's a high-value item, our policy requires a 500 taka advance payment. You can pay the rest to the delivery man.
 [Buyer] Okay, I understand. I'll trust your page this time. Sending the advance now.
 [Merchant] Thank you for understanding! Please send 500 taka to 01761142567 (Merchant) and share the TrxID.
 [Buyer] Sent 500 taka. TrxID is BK53X614P. Please deliver to: Flat 3A, House 7, Road 27, Mohammadpur, Dhaka. Mobile: 01822334455.
 [Merchant] Payment received and verified. Your order is confirmed. The remaining 96,135 taka will be collected on delivery.",yes,PURCHASE_COMMITTED,Urgent,Fujifilm X-T30 II Mirrorless Camera,Audio & Visual Gear
10324,ENG_325,"[Buyer] Hi there, is the Samsung T7 Shield 2TB Portable SSD available in ready stock?
 [Merchant] Hello sir/ma'am. Yes, it's currently available for immediate delivery.
 [Buyer] Which colors do you have in stock?
 [Merchant] You can pick from Black, Beige, Blue.
 [Buyer] Can I record Apple ProRes directly to it from an iPhone 15 Pro?
 [Merchant] Let me confirm that for you. Yes, it is fully compatible for direct ProRes 4K recording from the iPhone 15 Pro.
 [Buyer] I see. And Is it rugged and drop-resistant?
 [Merchant] Yes, it has a tough rubberized exterior and can survive drops from up to 3 meters.
 [Buyer] I had a technical question. What are the read and write speeds?
 [Merchant] Good question. It delivers sequential read/write speeds of up to 1050/1000 MB/s via USB 3.2 Gen 2. That's straight from the official spec sheet.
 [Buyer] I had a technical question. What cables are included?
 [Merchant] You get both USB-C to C and USB-C to A cables in the box. That's straight from the official spec sheet.
 [Buyer] Any chance this is a used or open-box piece?
 [Merchant] Yes, it is 100% official brand new, factory sealed with all accessories.
 [Buyer] Does the warranty cover manufacturing defects?
 [Merchant] You get 1 year of official warranty. Claims are handled through our service desk.
 [Buyer] Alright. So what is the final price for this?
 [Merchant] The current official price is 22,500 taka.
 [Buyer] That's a bit steep. Can you offer any discount on that?
 [Merchant] Margin is tight, but I want to make this sale. I'll agree to 21,300 taka.
 [Buyer] Okay, how does the delivery process work?
 [Merchant] We offer home delivery all over Bangladesh via Steadfast/Pathao. Inside Dhaka is 100 taka (24 hours), Outside Dhaka is 160 taka (48-72 hours).
 [Buyer] Everything sounds fine. I just need a couple of days before I place the order.
 [Merchant] Thanks for checking with us. Take care.",no,DEFERRED_CONSIDERATION,Ghoster,Samsung T7 Shield 2TB Portable SSD,Computing & Peripherals
10325,ENG_326,"[Buyer] Hello, could you please tell me if the Fujifilm X-T30 II Mirrorless Camera is currently in stock and ready to ship?
 [Merchant] Hey there! Absolutely, it is in stock right now and ready for immediate delivery!
 [Buyer] Could you kindly let me know what the price is for this model, please?
 [Merchant] For this 100% genuine sealed unit, the special price is only 98,000 taka! Grab yours quick before stock runs out!
 [Buyer] Thank you. Can you please confirm if it comes completely untouched with the original factory seal?
 [Merchant] Yes, 100% brand new and factory sealed guaranteed! You will be the very first person to break the seal!
 [Buyer] I was hoping to ask a technical question, if you don't mind. Does it feature a microphone input?
 [Merchant] Yes indeed! There is a dedicated 3.5mm mic jack, and you can handle headphone monitoring via the USB-C adapter. It is amazing for creators!
 [Buyer] I appreciate that. Could you also tell me how many film simulation modes it has, please?
 [Merchant] It packs a fantastic 18 classic Fujifilm film simulation modes, including gorgeous ones like Classic Neg and Eterna! You are going to love the colors!
 [Buyer] Does this package happen to include a kit lens as well, please?
 [Merchant] Yes, absolutely! This amazing package comes complete with the versatile XC 15-45mm OIS PZ lens. Such a great value!
 [Buyer] One more question if I may, is it capable of shooting 4K video?
 [Merchant] You bet! It records stunning oversampled 4K/30p video with zero crop. Perfect for crisp, professional footage!
 [Buyer] Thank you. Are there different colors or finishes available to choose from?
 [Merchant] We have two gorgeous variants in stock right now: Silver and Charcoal Black! Both look breathtaking!
 [Buyer] I would like to have it delivered to my home, please. Could you tell me what the procedure is?
 [Merchant] We ship safely all over Bangladesh through Steadfast or Pathao! Inside Dhaka is just 100 taka in 24 hours, and Outside Dhaka is 160 taka taking 48-72 hours. To lock in your order, a small 500 taka advance via bKash is required, and the rest is convenient Cash on Delivery (COD)!
 [Buyer] I am sorry, but there are so many scam pages these days. Why should I trust you enough to send an advance payment?
 [Merchant] Don't worry at all, that is completely standard to protect against fake courier bookings! Plus, we offer an open-box inspection right in front of the delivery rider before you hand over the remaining COD amount!
 [Buyer] Unfortunately, that does not work for me, and I cannot pay the advance. Please forget about it, thank you anyway.
 [Merchant] No problem at all, policy is policy so we will wrap this up here. Take care and have a wonderful day!",no,EXPLICIT_REJECTION,Ghoster,Fujifilm X-T30 II Mirrorless Camera,Audio & Visual Gear
10326,ENG_327,"[Buyer] checking stock on the Breville Barista Express Espresso Machine. you got it in?
 [Merchant] yep ready stock
 [Buyer] how does your SKU compare to grey market units floating around on platforms like Daraz?
 [Merchant] cheaper ones are unofficial imports. ours 100% official channels with proper documentation.
 [Buyer] factory sealed retail box, correct? no open-box or display pieces?
 [Merchant] factory sealed pristine condition. zero refurbished stock here.
 [Buyer] what's the exact volumetric capacity of the water reservoir?
 [Merchant] holds 2 litres in removable tank. good for about 15-18 double shots.
 [Buyer] and confirming it features an onboard grinding mechanism?
 [Merchant] yes integrated precision conical burr grinder with dose control. totally authentic official unit.
 [Buyer] got it. appreciate the technical breakdown
 [Merchant] anytime. hit us up whenever.",no,INQUIRY_DROPOUT,Ghoster,Breville Barista Express Espresso Machine,Home & Kitchen Appliances
10327,ENG_328,"[Buyer] Hi, I want to buy the Samsung T7 Shield 2TB Portable SSD. Let me know if it's available.
 [Merchant] Hello. Yes, Samsung T7 Shield 2TB Portable SSD is in stock.
 [Buyer] Is it rugged and drop-resistant?
 [Merchant] Yes, it has a tough rubberized exterior and can survive drops from up to 3 meters. Anything else you'd like to know?
 [Buyer] I see. And Is it water resistant?
 [Merchant] Let me confirm that for you. It has an IP65 rating for water and dust resistance, making it great for outdoor shoots.
 [Buyer] Also, does it work with both Windows and Mac?
 [Merchant] Happy to clarify: yes, it ships exFAT formatted and works on Windows, macOS, and Android out of the box. Let me know if you need more detail.
 [Buyer] Who handles warranty claims if something goes wrong?
 [Merchant] You get 1 year of official warranty. Claims are handled through our service desk.
 [Buyer] Understood. Could you let me know the current price?
 [Merchant] Our selling price for this unit is 22,500 taka.
 [Buyer] Alright. Do you do home delivery? And what is the fee?
 [Merchant] Delivery charge is 100 taka for Dhaka, 160 taka outside. Packages are fully insured. We just need 500 taka sent to our merchant bKash as a security deposit for the courier. The remaining amount will be collected as COD.
 [Buyer] Sure, I'll pay the advance. Please share your bKash number.
 [Merchant] Thank you for understanding! Please send 500 taka to 01759041510 (Merchant) and share the TrxID.
 [Buyer] Sent 500 taka. TrxID is BK15X651P. Please deliver to: Zindabazar, Lamabazar Road, Sylhet. Mobile: 01734567890.
 [Merchant] Payment received and verified. Your order is confirmed. The remaining 22,100 taka will be collected on delivery.",yes,PURCHASE_COMMITTED,TechSpecsNerd,Samsung T7 Shield 2TB Portable SSD,Computing & Peripherals
10328,ENG_329,"[Buyer] Hello! I saw your post regarding the Breville Barista Express Espresso Machine. Do you have it?
 [Merchant] Hello sir/ma'am. Yes, it's currently available for immediate delivery.
 [Buyer] Is this ready stock or pre-order? I need to be sure.
 [Merchant] It's physically in our shop, in hand. We can dispatch today.
 [Buyer] Can I see the invoice or import papers to verify it's official?
 [Merchant] Of course - here's a short video of the actual box in our showroom.
 [Buyer] Can I manually texture milk for latte art?
 [Merchant] Let me confirm that for you. Yes, the powerful steam wand allows you to hand-texture microfoam milk perfect for latte art. Hope that helps!
 [Buyer] I had a technical question. What is the water tank capacity?
 [Merchant] To be precise, the removable tank holds 2 litres, which is roughly 15-18 double shots. That's straight from the official spec sheet.
 [Buyer] Also, what size is the portafilter?
 [Merchant] It comes with a standard 54mm stainless steel portafilter.
 [Buyer] Another thing: how long does it take to heat up?
 [Merchant] Right, so About 30 seconds from cold to first shot thanks to the Thermocoil. Hope that helps!
 [Buyer] Is this new or refurbished? I only want brand new.
 [Merchant] Brand new, untouched, seal intact. We don't sell refurbished items at all.
 [Buyer] Understood. Could you let me know the current price?
 [Merchant] Our selling price for this unit is 78,000 taka.
 [Buyer] What are the delivery options and charges?
 [Merchant] Delivery charge is 100 taka for Dhaka, 160 taka outside. Packages are fully insured. Since it's a high-value item, our policy requires a 500 taka advance payment. You can pay the rest to the delivery man.
 [Buyer] Sure, I'll pay the advance. Please share your bKash number.
 [Merchant] Thank you for understanding! Please send 500 taka to 01753578465 (Merchant) and share the TrxID.
 [Buyer] Sent 500 taka. TrxID is BK80X393P. Please deliver to: Apartment 6B, House 42, Road 11, Banani, Dhaka. Mobile: 01819876543.
 [Merchant] Payment received and verified. Your order is confirmed. The remaining 77,660 taka will be collected on delivery.",yes,PURCHASE_COMMITTED,TrustSeeker,Breville Barista Express Espresso Machine,Home & Kitchen Appliances
10329,ENG_330,"[Buyer] Hey, I am interested in purchasing the Sony WH-1000XM5 Wireless Headphones. Is it available?
 [Merchant] Hi! Absolutely, we have it ready for you.
 [Buyer] Can you do same-day delivery? It's a gift and I'm running out of time.
 [Merchant] If you confirm within the next hour, we can dispatch today for next-day delivery inside Dhaka.
 [Buyer] Quick one - how is the active noise cancellation compared to the XM4?
 [Merchant] Yes - the XM5 uses two processors and 8 microphones for significantly improved noise cancellation, especially for high-frequency sounds. Anything else you'd like to know?
 [Buyer] One more on the specs. Does it support multi-point Bluetooth connection?
 [Merchant] Checking the spec sheet - yes, you can connect it to two devices simultaneously, like your phone and laptop.
 [Buyer] Can I use them wired if the battery dies?
 [Merchant] Yes, it comes with a 3.5mm headphone cable for passive wired listening.
 [Buyer] Right, thanks for explaining everything.
 [Merchant] Understood, thanks for considering us. Do check back anytime.",no,INQUIRY_DROPOUT,Urgent,Sony WH-1000XM5 Wireless Headphones,Audio & Visual Gear
10330,ENG_331,"[Buyer] got the Samsung T7 Shield 2TB Portable SSD in stock?
 [Merchant] hey! yes absolutely, we have the Samsung T7 Shield 2TB Portable SSD ready to ship right now! grab yours before stock runs out!
 [Buyer] need to check ingress protection... is it waterproof?
 [Merchant] totally! it has an IP65 rating for water and dust resistance, making it great for outdoor shoots. Don't worry at all, it's super rugged!
 [Buyer] what are teh sustained transfer rates for read and write?
 [Merchant] right you get blazing fast performance wiht sequential read/write speeds of up to 1050/1000 MB/s via USB 3.2 Gen 2! lightning quick file transfers guaranteed!
 [Buyer] bundled accessories? what exact interface cords come in the package?
 [Merchant] no worries at all! you get both USB-C to C and USB-C to A cables in the box. everything you need to connect instantly!
 [Buyer] can it handle external host logging for 4K ProRes directly from an iPhone 15 Pro?
 [Merchant] oh for sure! it is fully compatible for direct ProRes 4K recording from the iPhone 15 Pro. creators love this feature!
 [Buyer] thsi isn't a refurbished or resealed unit, right?
 [Merchant] absolutely 100% brand new! It's an official global version, sealed box, with full warranty. buy with complete peace of mind!
 [Buyer] ok got it. what's the damage on pricing?
 [Merchant] ok amazing price today! We are currently offering it for 22,500 taka. incredible value for this beast!
 [Buyer] thanks for the details. let me run this by my family and I'll ping you tomorrow.
 [Merchant] sounds good! Our inbox is always open if you need anything. hurry back before it sells out!",no,DEFERRED_CONSIDERATION,Standard,Samsung T7 Shield 2TB Portable SSD,Computing & Peripherals
10331,ENG_332,"[Buyer] hmm hi looking for garmin forerunner 265 gps watch u got it in stock
 [Merchant] Hello, sir! Yes indeed, we have the Garmin Forerunner 265 GPS Watch fully in stock and ready to be dispatched for you.
 [Buyer] cool what is the price
 [Merchant] yes the pirce for this specific model is 46,500 taka, ma'am.
 [Buyer] any warranty included
 [Merchant] Yes, sir, it comes with an official 1-year coverage. Please keep in mind that physical damage and water damage are excluded, as is standard.
 [Buyer] sure it isnt used or open box right
 [Merchant] it is completely brand new, untouched, and the factory seal is totally intact, ma'am. We never deal in refurbished goods.
 [Buyer] can i swim with it
 [Merchant] Certainly, sir. It comes with a 5 ATM rating, so both pool swimming and open-water swimming are fully supported
 [Buyer] battery life in normal watch mode?
 [Merchant] Let me double-check the spec sheet for you, ma'am. It provides up to 13 days of battery life in smartwatch mode, or up to 20 hours when using GPS. Do let me know if you need any other details.
 [Buyer] does it track sleep adn hrv too
 [Merchant] yes, sir, it does track those metrics thoroughly. It includes overnight HRV status, detailed sleep stages, and a helpful morning readiness score
 [Buyer] can i put music on it directly
 [Merchant] Indeed, ma'am! It features 8GB of internal storage, allowing yuo to download Spotify playlists directly for phone-free running sessions
 [Buyer] send actual pic of the watch plz not stock photo
 [Merchant] certainly, sir. I am attaching a real photo of the unit right now, complete with our shop card placed next to it for yuor peace of mind
 [Buyer] saw another page selling cheaper why buy yours
 [Merchant] we pride ourselves on genuine build quality and reliable warranty support, ma'am. Lower-priced offers elsewhere are often grey-market imports that lack any authentic local service.
 [Buyer] well ok how does delivery work
 [Merchant] we partner with trusted courier services, sir. Inside Dhaka it takes 1 day for 100 taka, while outside Dhaka it takes 2-3 days for 160 taka. To confirm the order, a 500 taka advance via bKash is required, and the remainder is paid via Cash on Delivery.
 [Buyer] sounds fair sending 500 now to book
 [Merchant] yes thank you very much for your cooperation, ma'am! Kindly send the 500 taka to our merchant bKash number at 01791550074 and promptly share the TrxID with us
 [Buyer] sent 500 trx bk10x654p send to building 24 road 8 mirpur dohs dhaka ph 01712349911
 [Merchant] sure we have successfully received and verified your payment, sir. Your order is officially confirmed. The remaining balance of 46,100 taka will be collected at the time of delivery.",yes,PURCHASE_COMMITTED,Skeptic,Garmin Forerunner 265 GPS Watch,Sports & Fitness
10332,ENG_333,"[Buyer] Hello. Do you still have the Samsung T7 Shield 2TB Portable SSD?
 [Merchant] Hello. Yes, Samsung T7 Shield 2TB Portable SSD is in stock.
 [Buyer] Any chance this is a used or open-box piece?
 [Merchant] Yes sir, we only deal in genuine, factory-sealed products. It's completely brand new.
 [Buyer] Can I record Apple ProRes directly to it from an iPhone 15 Pro?
 [Merchant] Good question. Yes, it is fully compatible for direct ProRes 4K recording from the iPhone 15 Pro. Anything else you'd like to know?
 [Buyer] Another thing: what are the read and write speeds?
 [Merchant] Certainly. It delivers sequential read/write speeds of up to 1050/1000 MB/s via USB 3.2 Gen 2. Anything else you'd like to know?
 [Buyer] Is there any warranty coverage? For how long?
 [Merchant] Full 1-year warranty. Just bring the invoice and we handle the rest.
 [Buyer] What is the price? Please let me know.
 [Merchant] For the genuine sealed unit, the price is 22,500 taka.
 [Buyer] Can you do anything better? 21,291 taka and I'll confirm right now.
 [Merchant] Since you are confirming today, I can meet you in the middle at 21,896 taka.
 [Buyer] Alright, 21,896 taka sounds fair. I'll take it. What are the delivery options and charges?
 [Merchant] We offer home delivery all over Bangladesh via Steadfast/Pathao. Inside Dhaka is 100 taka (24 hours), Outside Dhaka is 160 taka (48-72 hours). For order confirmation, a 500 taka advance via bKash is mandatory. The balance is full Cash on Delivery (COD).
 [Buyer] Great, full COD works for me. Let's do it.
 [Merchant] Perfect. Please share your full delivery address and mobile number to book the parcel.
 [Buyer] Address: Flat 3A, House 7, Road 27, Mohammadpur, Dhaka. Mobile: 01712349911.
 [Merchant] Order confirmed and booked. Full 22,056 taka is payable to the rider on delivery.",yes,PURCHASE_COMMITTED,Skeptic,Samsung T7 Shield 2TB Portable SSD,Computing & Peripherals
10333,ENG_334,"[Buyer] Hey, I am interested in purchasing the Dyson Purifier Cool TP07. Is it available?
 [Merchant] Hello sir/ma'am. Yes, it's currently available for immediate delivery.
 [Buyer] Can you send me a real photo of the actual unit, not a stock image?
 [Merchant] Yes, I can share the import invoice. We're a registered importer.
 [Buyer] Is there any warranty coverage? For how long?
 [Merchant] Full 1-year warranty. Just bring the invoice and we handle the rest.
 [Buyer] One more on the specs. What kind of filters does it use?
 [Merchant] It uses a fully sealed HEPA H13 standard filter that captures 99.97% of particles as small as 0.3 microns.
 [Buyer] I had a technical question. Does it connect to WiFi?
 [Merchant] Yes, you can control it and monitor air quality in real-time using the MyDyson app via WiFi. That's straight from the official spec sheet.
 [Buyer] I had a technical question. How far does it oscillate?
 [Merchant] Checking the spec sheet - it features adjustable oscillation up to 350 degrees to project air across the whole room. Let me know if you need more detail.
 [Buyer] Is it loud at night?
 [Merchant] There's a dedicated night mode that caps fan speed and dims the display. Hope that helps!
 [Buyer] Any chance this is a used or open-box piece?
 [Merchant] Yes, it is 100% official brand new, factory sealed with all accessories.
 [Buyer] What's the rate on this one?
 [Merchant] Our selling price for this unit is 68,000 taka.
 [Buyer] What is your last price? I will take it for 66,246 taka.
 [Merchant] That's below our cost, honestly. 68,000 taka is firm.
 [Buyer] That's too high for me. I'll have to pass and buy from Daraz.
 [Merchant] Thanks for checking with us. Take care.",no,INQUIRY_DROPOUT,Skeptic,Dyson Purifier Cool TP07,Home & Kitchen Appliances
10334,ENG_335,"[Buyer] Hey, I am interested in purchasing the Garmin Forerunner 265 GPS Watch. Is it available?
 [Merchant] Hi! Absolutely, we have it ready for you.
 [Buyer] How does this compare to the model one tier below it?
 [Merchant] Price differences usually come from unofficial imports. Ours is official, with paperwork.
 [Buyer] How accurate is the GPS in the city?
 [Merchant] Good question. It uses Multi-band GNSS technology, providing excellent accuracy even near tall buildings or dense tree cover.
 [Buyer] Also, does it track sleep and HRV?
 [Merchant] It does - overnight HRV status, sleep stages, and a morning readiness score.
 [Buyer] Also, is it waterproof for swimming?
 [Merchant] Yes, it carries a 5 ATM rating, so pool and open-water swimming are both fine. Hope that helps!
 [Buyer] Quick one - can I store music directly on the watch?
 [Merchant] Absolutely, it has 8GB of internal storage so you can download Spotify playlists for phone-free running. Let me know if you need more detail.
 [Buyer] Right, thanks for explaining everything.
 [Merchant] Understood. Feel free to message us any time.",no,DEFERRED_CONSIDERATION,LowBaller,Garmin Forerunner 265 GPS Watch,Sports & Fitness
10335,ENG_336,"[Buyer] Hello, could you please tell me if the Breville Barista Express Espresso Machine is currently available in ready stock?
 [Merchant] Welcome to our electronics store. We carry authentic inventory, and this item is currently in stock.
 [Buyer] Could you please let me know what the price is for this item?
 [Merchant] Our pricing for the genuine factory-sealed unit is strictly 78,000, taka backed by our official store warranty
 [Buyer] I just want to double check, is this ready stock or is it a pre-order item please?
 [Merchant] this is fully ready stock available in our physical inventory. Customers are always welcome to inspect teh unit directly at our retail outlet.
 [Buyer] can yuo please tell me if it features a single boiler or a dual boiler system?
 [Merchant] as per the manufacturer specifications, it incorporates a single Thermocoil heating circuit, which requires sequential operation for espresso extraction and milk texturing.
 [Buyer] Thank you. Could you also tell me roughly how long it takes to heat up?
 [Merchant] Utilizing the advanced Thermocoil heating technology, the unit achieves operational temperature from a cold start in approximately 30 seconds.
 [Buyer] I would kindly need to receive this before tomorrow evening. Would that be possible, please?
 [Merchant] Same-day dispatch can be arranged within Dhaka metropolitan limits through Pathao, incurring an adjusted delivery fee of around 200 taka.
 [Buyer] Alright, thank you. Do you provide home delivery services, and what would the applicable fee be, please?
 [Merchant] We facilitate nationwide delivery across Bangladesh utilizing Steadfast and Pathao logistics. Delivery inside Dhaka is priced at 100 taka with a 24-hour window, while deliveries outside Dhaka cost 160 taka taking 48-72 hours. A nominal advance deposit of 500 taka must be sent to our official merchant bKash account to secure the courier booking, with the balance payable via cash on delivery.
 [Buyer] I am terribly sorry, but there are so many fraudulent pages these days. Why should I trust you with an advance payment, please?
 [Merchant] We completely understand your hesitation regarding online transactions. The advance deposit serves strictly as a commitment fee verifying authentic buyer intent and partially covers return logistics if an order is refused. We invite you to verify our authenticated page credentials and physical storefront location for your absolute peace of mind
 [Buyer] Okay, thank you for explaining. I will place my trust in yuor store this time and send the advance payment right away.
 [Merchant] we appreciate your confidence in our establishment. Please remit the 500 taka to our official merchant wallet at 01757114983 and provide the transaction reference ID for verification.
 [Buyer] I have successfully sent 500 taka. The TrxID is BK93X524P. Please ship the package to: Shaheb Bazar, Master Para, Rajshahi, and my contact mobile number is 01711223388. Thank you so much
 [Merchant] Your transaction has been successfully validated and logged in our system. Your order is officially confirmed under our standard terms, and the remaining balance of 77,600 taka will be collected upon delivery",yes,PURCHASE_COMMITTED,Urgent,Breville Barista Express Espresso Machine,Home & Kitchen Appliances
10336,ENG_337,"[Buyer] Hello, do you have the Samsung T7 Shield 2TB Portable SSD in stock? Please confirm.
 [Merchant] Hello! In stock and ready to dispatch today.
 [Buyer] Great. What's your best price for this item?
 [Merchant] The item is priced at 22,500 taka.
 [Buyer] Is this new or refurbished? I only want brand new.
 [Merchant] Brand new, untouched, seal intact. We don't sell refurbished items at all.
 [Buyer] Do you have any color options, or just one?
 [Merchant] We currently stock Black, Beige, Blue. All at the same price.
 [Buyer] How soon can it reach me? I need it urgently.
 [Merchant] If you confirm within the next hour, we can dispatch today for next-day delivery inside Dhaka.
 [Buyer] I see. And Is it rugged and drop-resistant?
 [Merchant] Checking the spec sheet - yes, it has a tough rubberized exterior and can survive drops from up to 3 meters.
 [Buyer] One more on the specs. What are the read and write speeds?
 [Merchant] Certainly. It delivers sequential read/write speeds of up to 1050/1000 MB/s via USB 3.2 Gen 2. Let me know if you need more detail.
 [Buyer] What cables are included?
 [Merchant] Certainly. You get both USB-C to C and USB-C to A cables in the box. Anything else you'd like to know?
 [Buyer] Also, can I record Apple ProRes directly to it from an iPhone 15 Pro?
 [Merchant] Yes, it is fully compatible for direct ProRes 4K recording from the iPhone 15 Pro. Let me know if you need more detail.
 [Buyer] Is this ready stock or pre-order? I need to be sure.
 [Merchant] It's physically in our shop, in hand. We can dispatch today.
 [Buyer] Any chance you can lower the price a bit? Maybe 20,596 taka?
 [Merchant] I can't do 20,596, but as a special offer for a quick deal, I can offer 21,548 taka.
 [Buyer] Deal at 21,548 taka. Let's proceed. How fast can you deliver it to my address?
 [Merchant] We use premium courier services. It takes 1 day for Dhaka (100 taka) and 2-3 days outside (160 taka). We just need 500 taka sent to our merchant bKash as a security deposit for the courier. The remaining amount will be collected as COD.
 [Buyer] Sure, I'll pay the advance. Please share your bKash number.
 [Merchant] Thank you for understanding! Please send 500 taka to 01743623798 (Merchant) and share the TrxID.
 [Buyer] Sent 500 taka. TrxID is BK66X145P. Please deliver to: Station Road, Gopalganj Sadar, Gopalganj. Mobile: 01711223388.
 [Merchant] Payment received and verified. Your order is confirmed. The remaining 21,148 taka will be collected on delivery.",yes,PURCHASE_COMMITTED,Urgent,Samsung T7 Shield 2TB Portable SSD,Computing & Peripherals
10337,ENG_338,"[Buyer] Good afternoon! Could you please let me know if you currently have the Garmin Forerunner 265 GPS Watch in stock?
 [Merchant] Greetings. Yes, the unit is fully verified in inventory and available for immediate dispatch.
 [Buyer] I was wondering, does this model support sleep tracking and HRV monitoring, please?
 [Merchant] Affirmative. The device tracks overnight HRV status, detailed sleep stages, and compiles a comprehensive morning readiness score.
 [Buyer] Thank you. Could you also tell me how accurate the GPS performance is when using it in the city?
 [Merchant] Allow me to clarify. It incorporates advanced Multi-band GNSS technology, ensuring exceptional tracking precision even amidst high-rise structures or dense foliage.
 [Buyer] I see... And please tell me, does this specific version include the AMOLED screen?
 [Merchant] Indeed. All official units feature a brilliant, high-contrast AMOLED touchscreen interface backed by our standard warranty.
 [Buyer] Could you please explain how this compares to the variant that sits one tier below it?
 [Merchant] The primary upgrades involve superior build quality and official warranty protection. Unofficial lower-tier listings are typically grey-market imports lacking authorized local service.
 [Buyer] Thank you for explaining. What is the total price for this unit, please?
 [Merchant] For a 100% genuine factory-sealed unit with full official warranty coverage, the price is set at 46,500 taka.
 [Buyer] That is a bit high for my budget. Would you be able to offer any discount on that price, please?
 [Merchant] Our profit margins are strictly controlled, but to facilitate this transaction, we can accommodate 45,590 taka.
 [Buyer] Could we please settle at 45,290 taka? If so, I will be happy to complete the payment immediately.
 [Merchant] You negotiate firmly. We can finalize the transaction at 45,290 taka as our lowest possible price.
 [Buyer] Can you please reduce it just a tiny bit more? If you round it down to 45,090 taka, I will confirm everything right now.
 [Merchant] Very well, 45,090 taka. Please note this is our absolute final concession under company pricing policy.
 [Buyer] Alright, 45,090 taka sounds very fair. I am happy to proceed. Could you please explain how the delivery process works?
 [Merchant] Delivery charges are 100 taka within Dhaka and 160 taka outside. Dispatch occurs promptly upon confirmation. A mandatory 500 taka advance payment via bKash is required to secure the order, with the remaining balance payable via Cash on Delivery.
 [Buyer] That sounds completely reasonable. I will send the 500 taka right away to confirm my booking, thank you.
 [Merchant] We appreciate your cooperation. Kindly remit the 500 taka to our official merchant account at 01794288454 and provide the Transaction ID for verification.
 [Buyer] I have successfully sent the 500 taka. The TrxID is BK85X793P. Please ship it to: Kandirpar, Victoria College Road, Cumilla. My mobile number is 01923456789. Thank you so much!
 [Merchant] Transaction successfully verified and logged. Your official warranty-backed order is now fully confirmed. The remaining balance of 44,750 taka will be collected upon delivery.",yes,PURCHASE_COMMITTED,LowBaller,Garmin Forerunner 265 GPS Watch,Sports & Fitness
10338,ENG_339,"[Buyer] hi u got samsung t7 shield 2tb portable ssd right now
 [Merchant] yes brand new units available
 [Buyer] just checking if its genuine original stock with warranty
 [Merchant] official global version sealed box full warranty included
 [Buyer] waterproof at all
 [Merchant] IP65 rating for water and dust resistance perfect for outdoor use
 [Buyer] does it connect to mac and windows both
 [Merchant] works on windows macos and android out of the box exFAT format
 [Buyer] what wires come in box
 [Merchant] box includes USB-C to C and USB-C to A cables
 [Buyer] ok how much is it final
 [Merchant] price is 22,500 taka for sealed unit
 [Buyer] thnx for info let me check and get back
 [Merchant] sure np let us know",no,DEFERRED_CONSIDERATION,Standard,Samsung T7 Shield 2TB Portable SSD,Computing & Peripherals
10339,ENG_340,"[Buyer] Hello, do you have the Breville Barista Express Espresso Machine in stock? Please confirm.
 [Merchant] Hello! Yes, the Breville Barista Express Espresso Machine is available in our ready stock.
 [Buyer] Which colors do you have in stock?
 [Merchant] Available variants are Brushed Stainless Steel, Black Sesame.
 [Buyer] Is there any warranty coverage? For how long?
 [Merchant] Official 1-year coverage. Physical damage and water damage are excluded, as usual.
 [Buyer] How long does it take to heat up?
 [Merchant] Checking the spec sheet - about 30 seconds from cold to first shot thanks to the Thermocoil. That's straight from the official spec sheet.
 [Buyer] Quick one - what is the water tank capacity?
 [Merchant] Checking the spec sheet - the removable tank holds 2 litres, which is roughly 15-18 double shots. Let me know if you need more detail.
 [Buyer] I see. And Is it a single or dual boiler?
 [Merchant] Absolutely. It uses a single Thermocoil heating system, meaning you brew espresso and steam milk sequentially, not simultaneously. Hope that helps!
 [Buyer] What is the price? Please let me know.
 [Merchant] It's 78,000 taka, all inclusive.
 [Buyer] I've seen it slightly cheaper elsewhere. Can you do 75,601 taka?
 [Merchant] Alright, I can give a small concession. Final price 76,801 taka. Deal?
 [Buyer] 76,801 taka works. Please confirm my order. What are the delivery options and charges?
 [Merchant] Delivery is 100 taka inside Dhaka and 160 taka outside. We dispatch immediately upon order confirmation. We just need 500 taka sent to our merchant bKash as a security deposit for the courier. The remaining amount will be collected as COD.
 [Buyer] Great, full COD works for me. Let's do it.
 [Merchant] Perfect. Please share your full delivery address and mobile number to book the parcel.
 [Buyer] Address: Agrabad Commercial Area, GEC Circle, Chattogram. Mobile: 01687654321.
 [Merchant] Order confirmed and booked. Full 76,961 taka is payable to the rider on delivery.",yes,PURCHASE_COMMITTED,Ghoster,Breville Barista Express Espresso Machine,Home & Kitchen Appliances
10340,ENG_341,"[Buyer] Hey, I am interested in purchasing the Breville Barista Express Espresso Machine. Is it available?
 [Merchant] Hi! Absolutely, we have it ready for you.
 [Buyer] Just double-checking - it's physically in your shop right now, not on order?
 [Merchant] It's physically in our shop, in hand. We can dispatch today.
 [Buyer] How soon can it reach me? I need it urgently.
 [Merchant] If you confirm within the next hour, we can dispatch today for next-day delivery inside Dhaka.
 [Buyer] Quick one - what is the water tank capacity?
 [Merchant] Happy to clarify: the removable tank holds 2 litres, which is roughly 15-18 double shots. That's straight from the official spec sheet.
 [Buyer] Quick one - does it have a built-in grinder?
 [Merchant] Let me confirm that for you. Yes, it has an integrated precision conical burr grinder with dose control.
 [Buyer] I had a technical question. Is it a single or dual boiler?
 [Merchant] Let me confirm that for you. It uses a single Thermocoil heating system, meaning you brew espresso and steam milk sequentially, not simultaneously. Hope that helps!
 [Buyer] Also, can I manually texture milk for latte art?
 [Merchant] Good question. Yes, the powerful steam wand allows you to hand-texture microfoam milk perfect for latte art. Anything else you'd like to know?
 [Buyer] Understood. Could you let me know the current price?
 [Merchant] The item is priced at 78,000 taka.
 [Buyer] Any chance you can lower the price a bit? Maybe 76,435 taka?
 [Merchant] Alright, I can give a small concession. Final price 77,218 taka. Deal?
 [Buyer] What are the delivery options and charges?
 [Merchant] We use premium courier services. It takes 1 day for Dhaka (100 taka) and 2-3 days outside (160 taka). We just need 500 taka sent to our merchant bKash as a security deposit for the courier. The remaining amount will be collected as COD.
 [Buyer] Too many scam pages these days. Why should I trust you with an advance?
 [Merchant] It is standard procedure to avoid fake courier requests. We offer an open-box inspection in front of the rider before you pay the remaining COD amount.
 [Buyer] No, I won't pay a single taka in advance. If you can't do full COD, then cancel my order.
 [Merchant] Alright, cancelling the request. Sorry we couldn't work it out.",no,EXPLICIT_REJECTION,DeliveryObsessed,Breville Barista Express Espresso Machine,Home & Kitchen Appliances
10341,ENG_342,"[Buyer] Samsung T7 Shield 2TB Portable SSD available?
 [Merchant] Greetings. Yes, 100% authentic stock is currently available and ready for dispatch with official warranty coverage.
 [Buyer] What cables come in the box?
 [Merchant] The retail packaging includes both a USB-C to C cable and a USB-C to A cable, backed by our authenticity guarantee.
 [Buyer] Does it support direct Apple ProRes recording from an iPhone 15 Pro?
 [Merchant] Yes, it is fully verified adn compatible for direct ProRes 4K recording from the iPhone 15 Pro, backed by our standard manufacturer warranty.
 [Buyer] Read and write speeds?
 [Merchant] It delivers genuine performance with sequential read/write speeds of up to 1050/1000 MB/s via USB 3.2 Gen 2, covered by warranty.
 [Buyer] Water resistant?
 [Merchant] Yes, it features an official IP65 rating for dust and water resistance, guaranteed genuine and durable.
 [Buyer] Best price?
 [Merchant] ok the price is 22,500 taka flat, completely all-inclusive with full warranty.
 [Buyer] hmm home delivery fee?
 [Merchant] delivery is 100 taka inside Dhaka and 160 taka outside, with verified secure shipping and full transit warranty.
 [Buyer] well timeline doesn't work. Buying locally.
 [Merchant] Understood. Thank you for choosing our authentic retail store. Please feel free to reach out for future warranty or electronics needs.",no,INQUIRY_DROPOUT,Ghoster,Samsung T7 Shield 2TB Portable SSD,Computing & Peripherals
10342,ENG_343,"[Buyer] Hello! I saw your post regarding the Garmin Forerunner 265 GPS Watch. Do you have it?
 [Merchant] Greetings! Yes, we have brand new units in stock.
 [Buyer] Good to know. Can you confirm if this is official brand new stock with warranty?
 [Merchant] Brand new, untouched, seal intact. We don't sell refurbished items at all.
 [Buyer] What is the battery life in smartwatch mode?
 [Merchant] It lasts up to 13 days in smartwatch mode, or up to 20 hours in GPS mode. Hope that helps!
 [Buyer] Thanks. How much does it cost in total?
 [Merchant] We are currently offering it for 46,500 taka.
 [Buyer] How fast can you deliver it to my address?
 [Merchant] We use premium courier services. It takes 1 day for Dhaka (100 taka) and 2-3 days outside (160 taka). We just need 500 taka sent to our merchant bKash as a security deposit for the courier. The remaining amount will be collected as COD.
 [Buyer] Is the advance strictly necessary? I'd rather do full COD.
 [Merchant] I completely understand your concern. The advance simply ensures you are a serious buyer and covers our return shipping risk if the parcel is rejected. You can check our page reviews and physical shop address for peace of mind.
 [Buyer] Sure, I'll pay the advance. Please share your bKash number.
 [Merchant] Thank you for understanding! Please send 500 taka to 01726784739 (Merchant) and share the TrxID.
 [Buyer] Sent 500 taka. TrxID is BK90X915P. Please deliver to: Kandirpar, Victoria College Road, Cumilla. Mobile: 01611778899.
 [Merchant] Payment received and verified. Your order is confirmed. The remaining 46,100 taka will be collected on delivery.",yes,PURCHASE_COMMITTED,DeliveryObsessed,Garmin Forerunner 265 GPS Watch,Sports & Fitness
10343,ENG_344,"[Buyer] Good afternoon, I am looking for the Sony WH-1000XM5 Wireless Headphones. Can you confirm stock?
 [Merchant] Hello! Yes, the Sony WH-1000XM5 Wireless Headphones is available in our ready stock.
 [Buyer] What's the rate on this one?
 [Merchant] We are currently offering it for 32,000 taka. For order confirmation, a 500 taka advance via bKash is mandatory. The balance is full Cash on Delivery (COD).
 [Buyer] Great, full COD works for me. Let's do it.
 [Merchant] Perfect. Please share your full delivery address and mobile number to book the parcel.
 [Buyer] Address: Shaheb Bazar, Master Para, Rajshahi. Mobile: 01712349911.
 [Merchant] Order confirmed and booked. Full 32,100 taka is payable to the rider on delivery.",yes,PURCHASE_COMMITTED,Urgent,Sony WH-1000XM5 Wireless Headphones,Audio & Visual Gear
10344,ENG_345,"[Buyer] hey u guys got the Garmin Forerunner 265 GPS Watch in stock rn?
 [Merchant] Greetings. Yes, the Garmin Forerunner 265 GPS Watch is currently available in our physical inventory.
 [Buyer] price? plz let me know
 [Merchant] sure for the factory-sealed authentic unit, the pricing is fixed at 46,500 taka.
 [Buyer] so is it brand new or used? i want brand new only
 [Merchant] 100% brand new, unopened, with the original seals intact. We strictly do not deal in refurbished products.
 [Buyer] does it track sleep and hrv?
 [Merchant] Referring to teh official documentation - yes, it monitors overnight HRV status, tracks sleep stages, and calculates a morning readiness score. Is there anything else you require?
 [Buyer] wait does it have amoled screen
 [Merchant] Indeed, the Forerunner 265 is equipped with a vibrant, high-definition AMOLED touchscreen display
 [Buyer] how good is gps tracking in heavy city areas
 [Merchant] To be exact, it incorporates Multi-band GNSS technology, ensuring exceptional positional accuracy even amidst skyscrapers and dense foliage. Rest assured of its precision.
 [Buyer] can u put music on it directly?
 [Merchant] Consulting our specifications log - absolutely, it includes 8GB of onboard storage to sync Spotify offline playlists for phone-free workouts. Rest assured of its capability.
 [Buyer] well other places are selling lower... why buy here?
 [Merchant] our pricing reflects genuine manufacturer warranty coverage and authenticated hardware. Discounted listings often represent grey-market imports lacking official service support
 [Buyer] do 45,101 taka and i buy now ok
 [Merchant] We cannot accommodate 45,101 taka, but as a goodwill discount for an immediate purchase, we can reduce it to 45,801 taka.
 [Buyer] want it shipped to my house... how does it work
 [Merchant] We dispatch orders nationwide through Steadfast and Pathao couriers. Inside Dhaka delivery is 100 taka (taking 24 hours), while Outside Dhaka is 160 taka (taking 48-72 hours). A nominal advance of 500 taka must be sent to our official merchant bKash account as delivery security, with the remaining balance payable via Cash on Delivery.
 [Buyer] why advance tho... i want full cod no advance
 [Merchant] Dear customer, the 500 taka is strictly a courier security deposit. We maintain a verified 5-year operational history with thousands of customer testimonials. Regrettably, our company policy does not permit full Cash on Delivery without this security deposit.
 [Buyer] nah i dont trust pages with advance money... ill just get it offline. cancel plz
 [Merchant] Understood. As policy exceptions cannot be made, we will officially cancel this inquiry. Thank you for your time and take care",no,EXPLICIT_REJECTION,TechSpecsNerd,Garmin Forerunner 265 GPS Watch,Sports & Fitness
10345,ENG_346,"[Buyer] Hello, is the Breville Barista Express Espresso Machine currently in stock?
 [Merchant] Hi there! Thanks for reaching out. We do have it available.
 [Buyer] Also, is it a single or dual boiler?
 [Merchant] Absolutely. It uses a single Thermocoil heating system, meaning you brew espresso and steam milk sequentially, not simultaneously.
 [Buyer] Also, can I manually texture milk for latte art?
 [Merchant] Checking the spec sheet - yes, the powerful steam wand allows you to hand-texture microfoam milk perfect for latte art. Let me know if you need more detail.
 [Buyer] I see. And How long does it take to heat up?
 [Merchant] To be precise, about 30 seconds from cold to first shot thanks to the Thermocoil.
 [Buyer] Sorry, one more time: is this in hand, or do you have to bring it in?
 [Merchant] It's physically in our shop, in hand. We can dispatch today.
 [Buyer] How soon can it reach me? I need it urgently.
 [Merchant] Same-day is possible inside Dhaka via Pathao, but the charge would be higher, around 200 taka.
 [Buyer] Okay, that sounds good. How much are you asking for it?
 [Merchant] The item is priced at 78,000 taka.
 [Buyer] Thanks for all the detailed info. I need to think about it for a bit. I'll let you know.
 [Merchant] Alright. Our inbox is always open if you need anything.",no,DEFERRED_CONSIDERATION,Urgent,Breville Barista Express Espresso Machine,Home & Kitchen Appliances
10346,ENG_347,"[Buyer] fujifilm x-t30 ii... u got it? or is this outdated ad?
 [Merchant] yes available now ready ship
 [Buyer] wait... how do i know u actually have it? plz snap box with today date next to it so i know u arent scamming me
 [Merchant] ok taking pic of sealed box right now hold on
 [Buyer] look i need to be 100% sure... u actually got it sitting there right now or gotta order it from somewhere else?
 [Merchant] right here in shop ready pack today
 [Buyer] sensor mega pixels? how much?
 [Merchant] 26.1MP X-Trans CMOS 4 APS-C sensor. all original seal.
 [Buyer] mic plug? can i plug external mic in?
 [Merchant] 3.5mm mic jack included, headphone via USB-C adapter. brand new original item.
 [Buyer] im scared of fake refurbished stuff online... is this 100% legit official boxpack?
 [Merchant] 100% genuine factory sealed, no fake items here
 [Buyer] if it dies on me next week who fixes it? u guys or service center?
 [Merchant] 1 yr warranty. bring bill to us, we sort it out.
 [Buyer] ok fine... what is absolute rock bottom price u can do?
 [Merchant] fixed price 98,000 taka
 [Buyer] way too high for me man... cant spend that much online. bye
 [Merchant] sure np text if u change mind",no,INQUIRY_DROPOUT,TrustSeeker,Fujifilm X-T30 II Mirrorless Camera,Audio & Visual Gear
10347,ENG_348,"[Buyer] hi is the Viofo A129 Pro Duo 4K Dash Cam available right now
 [Merchant] Hello! Yes absolutely, the Viofo A129 Pro Duo 4K Dash Cam is fully in stock and ready to ship out today!
 [Buyer] how is it different from the lower version
 [Merchant] It is a massive performance upgrade! Plus, we only sell 100% official stock backed by a full authentic warranty so yuo are fully protected.
 [Buyer] one quick Q does it record when parked
 [Merchant] let me confirm that for you - yes it definitely does, though you will need to grab the optional HK3 Hardwire Kit separately to make parking mode work!
 [Buyer] ok cool how much is it total
 [Merchant] right you can grab this amazing dash cam today for just 23,500 taka!
 [Buyer] u guys deliver to house and how much
 [Merchant] We deliver right to your doorstep anywhere in Bangladesh via Steadfast or Pathao! Inside Dhaka is only 100 taka taking 24 hours, and Outside Dhaka is 160 taka taking 48-72 hours.
 [Buyer] nah that timing wont work for me ill just buy it from somewhere nearby instead
 [Merchant] No worries at all! Thank you for checking us out, and best of luck with finding what you need!",no,INQUIRY_DROPOUT,LowBaller,Viofo A129 Pro Duo 4K Dash Cam,Automotive & Riding Gear
10348,ENG_349,"[Buyer] hey u guys got the Sony WH-1000XM5 Wireless Headphones rn? plz check stock
 [Merchant] Hello and welcome! Yes indeed, we have the Sony WH-1000XM5 Wireless Headphones fully in stock and ready to ship out today before they run out!
 [Buyer] ok cool... how much is it tho?
 [Merchant] ok we are offering this amazing unit at an incredible price of just 32,000 taka right now! Grab yours before the stock clears!
 [Buyer] can u connect to 2 phones at once with bluetooth?
 [Merchant] Absolutely! It features seamless multi-point Bluetooth connection so you can pair it to two devices simultaneously, like your phone and laptop. It's super convenient!
 [Buyer] ok wait what if battery dies? can i use wire?
 [Merchant] yes no worries at all! It comes right in the box with a 3.5mm headphone cable for uninterrupted passive wired listening. You'll never be left without music!
 [Buyer] is there fast charge or smth?
 [Merchant] Yes! Just 3 minutes of charging gives you around 3 hours of playback. That's straight from the official spec sheet, so you're always powered up and ready to go!
 [Buyer] does it fold up for travel
 [Merchant] To be completely transparent, the XM5 does not fold at the hinges like the older XM4, but it includes a gorgeous and premium slim moulded carry case for safe travel!
 [Buyer] ok alright makes sense thnx
 [Merchant] you are very welcome! Let us know whenever you are ready to grab this fantastic deal. Have a wonderful day!",no,DEFERRED_CONSIDERATION,LowBaller,Sony WH-1000XM5 Wireless Headphones,Audio & Visual Gear
10349,ENG_350,"[Buyer] hey u guys got the Breville Barista Express Espresso Machine in stock?
 [Merchant] Hello there! Thank you so much for getting in touch with us. Yes, we currently have it in stock and ready to ship!
 [Buyer] can u do latte art with the milk texturing on this
 [Merchant] That is a wonderful question! Absolutely, the high-performance steam wand lets you manually create silky microfoam that is ideal for pouring latte art.
 [Buyer] built-in grinder included?
 [Merchant] Yes indeed, it features a built-in precision conical burr grinder complete with dose control. Please let me know if you would like any further details about it.
 [Buyer] how big is the water tank
 [Merchant] Certainly! The easily removable tank has a 2 litres capacity, which translates to about 15-18 double shots. Is there anything else you are curious about?
 [Buyer] hmm got it... what portafilter size does it take
 [Merchant] That is correct, it comes equipped with a standard 54mm stainless steel portafilter.
 [Buyer] cool just wanna make sure its 100% brand new and factory sealed
 [Merchant] Without a doubt! You will receive an official global version in a completely factory sealed box, backed by our full warranty.
 [Buyer] sweet whats the best price on this
 [Merchant] Our standard retail price for this specific unit is 78,000 taka.
 [Buyer] can u drop it a bit my max is around 76,212 taka
 [Merchant] ok i understand. I can offer you a slight reduction. The absolute final price would be 77,106 taka. Do we have a deal?
 [Buyer] meet me at 76,606 taka and ill buy right now
 [Merchant] Very well, taka 76,606 it is. Please keep in mind that this is our absolute lowest and final price reduction
 [Buyer] ok cool do u deliver and whats the charge
 [Merchant] right we ship via trusted and secure courier services. Delivery takes 1 day inside Dhaka for 100 taka and 2-3 days for locations outside Dhaka for 160 taka.
 [Buyer] alright ill get back to u later
 [Merchant] No problem at all, noted! Thank you once again for reaching out to us today, have a wonderful day!",no,DEFERRED_CONSIDERATION,Ghoster,Breville Barista Express Espresso Machine,Home & Kitchen Appliances
10350,ENG_351,"[Buyer] hi is viofo a129 pro duo 4k dash cam available right now
 [Merchant] Good day! Yes ma'am, it is fully in stock and ready to ship to you.
 [Buyer] saw cheaper on other page why buy here
 [Merchant] We provide official warranty support and superior build quality. Cheaper offers online are often grey-market imports that lack local service.
 [Buyer] how hot weather effect it
 [Merchant] It is built with a supercapacitor rather than a standard battery, providing much better heat resistance for local summers as stated in the official specifications.
 [Buyer] memory card included?
 [Merchant] To be precise, the MicroSD card is not included and must be bought separately. We suggest using High Endurance cards. Please let me know if you require any further details.
 [Buyer] can it record parked car
 [Merchant] Checking our specifications - yes it does, but you will need to purchase and install the optional HK3 Hardwire Kit to activate buffered parking mode. I hope that clarifies things for you!
 [Buyer] wifi for phone video download?
 [Merchant] Yes indeed, it includes dual-band 2.4GHz and 5GHz WiFi for quick video transfers straight to your mobile device.
 [Buyer] price pls
 [Merchant] Our current promotional price for this item is 23,500 taka, sir.
 [Buyer] ok need check month end money first will text later
 [Merchant] Of course, take your time. Have a wonderful day!",no,DEFERRED_CONSIDERATION,LowBaller,Viofo A129 Pro Duo 4K Dash Cam,Automotive & Riding Gear
10351,ENG_352,"[Buyer] hey there! hope u are doing well... just wanted to check if u happen to have the Garmin Forerunner 265 GPS Watch right now?
 [Merchant] Greetings. We confirm that the Garmin Forerunner 265 GPS Watch is currently in stock and 100% authentic with factory seal.
 [Buyer] thnx for letting me know. umm who fixes it or handles things if it stops working or something?
 [Merchant] Our items include official 1-year coverage. Please note that physical damage and water damage are strictly excluded under standard manufacturer terms.
 [Buyer] gotcha. how good is the gps tracking when u are running around downtown streets?
 [Merchant] It features Multi-band GNSS technology, ensuring precise tracking performance even in urban environments with tall structures and dense tree lines.
 [Buyer] oh nice. just one more quick detail... does this specific version come with the AMOLED screen?
 [Merchant] We can verify that the Forerunner 265 is indeed equipped with a vivid AMOLED touchscreen display. All units are genuine and verified.
 [Buyer] okay awesome, thanks so much for all the info! let me just think about it for a bit and i will ping u soon ok?
 [Merchant] Take your time. Our authorized inventory remains available, and our support team is here whenever you wish to proceed with your purchase.",no,DEFERRED_CONSIDERATION,Skeptic,Garmin Forerunner 265 GPS Watch,Sports & Fitness
10352,ENG_353,"[Buyer] hi there! hope u are having a nice day. just wondering if u happen to have the Sony WH-1000XM5 Wireless Headphones right now?
 [Merchant] Hello! So glad you asked us today! Yes indeed, we have plenty in stock ready to ship out right away before they sell out!
 [Buyer] oh thats wonderful... just wanted to check, who is responsible for teh warranty if anything happens to act weird later on?
 [Merchant] You are in completely safe hands! We give you a rock-solid 1-year replacement warranty against manufacturing defects, fully handled right at our outlet for your total peace of mind!
 [Buyer] hmm i see... do u know if this particular model folds up nicely when i put it in my bag for travel?
 [Merchant] To be completely honest with you, the XM5 does not fold at the hinges like the older XM4 version, but don't worry at all because it comes packed with a super sleek slim moulded carry case that is very travel friendly!
 [Buyer] ah okay thnx so much for explaining everything so nicely. let me just think about it a little bit and i will write back soon!
 [Merchant] ok you are most welcome! Take your time, but don't wait too long because these are flying off the shelves fast! Have a wonderful day!",no,DEFERRED_CONSIDERATION,Skeptic,Sony WH-1000XM5 Wireless Headphones,Audio & Visual Gear
10353,ENG_354,"[Buyer] hello, could you please confirm if the Breville Barista Express Espresso Machine is available?
 [Merchant] Greetings, ma'am! Yes, it is currently in stock and we can have it dispatched for you today
 [Buyer] Thank you. Could you please tell me how long it takes to heat up?
 [Merchant] It takes about 30 seconds from cold to the first shot thanks to the built-in Thermocoil, dear customer. This detail is taken directly from the official manufacturer specifications.
 [Buyer] ok that sounds good, thank you. Could you please let me know the final price for it?
 [Merchant] The total is 78,000 taka, completely all inclusive, sir. To lock in your order, we kindly ask for a small 500 taka advance through bKash to secure the courier booking, while the remaining balance can be paid via Cash on Delivery.
 [Buyer] Alright, I understand. I will send the 500 taka advance now, please.
 [Merchant] we truly appreciate your cooperation, ma'am! Please kindly transfer the 500 taka to our official number 01749744441 (Merchant) and reply with your TrxID
 [Buyer] i have sent the 500 taka. The TrxID is BK40X820P. Please ship it to: College Road, Bogra Sadar, Bogura, and my mobile number is 01923456789. Thank you!
 [Merchant] We have successfully received adn verified your payment, sir. Your order is now officially confirmed. The remaining 77,600 taka will be collected when the package arrives",yes,PURCHASE_COMMITTED,Skeptic,Breville Barista Express Espresso Machine,Home & Kitchen Appliances
10354,ENG_355,"[Buyer] hello there hope you're having a good day... jsut wanted to check if the Keychron Q1 Pro Custom Keyboard is available for purchase right now
 [Merchant] Good day, sir. Yes ma'am, we do have the Keychron Q1 Pro Custom Keyboard currently available in our inventory.
 [Buyer] ok oh that's wonderful news! just to be totally sure before moving forward, is this piece completely brand new and factory sealed?
 [Merchant] yes we assure you, sir/ma'am, it is 100% brand new and factory sealed. You will be opening the box yourself
 [Buyer] nice... can you tell me if it lets you use QMK/VIA to remap the keys?
 [Merchant] Certainly, ma'am. It fully supports QMK and VIA right out of the box for all your keymapping and macro needs.
 [Buyer] right, makes sense. does it have a wireless 2.4GHz dongle included or does it only work on Bluetooth 5.1?
 [Merchant] sure to clarify, sir, the Q1 Pro supports Bluetooth 5.1 along with Type-C wired mode. Please note it does not include a 2.4GHz dongle.
 [Buyer] gotcha. one more quick question about how it's built... what is the actual keyboard layout size?
 [Merchant] Of course. It features a 75% compact layout complete with a functional knob, retaining both your function row and arrow keys.
 [Buyer] so oh super cool... do you happen to know roughly how heavy it is?
 [Merchant] yes thank you for asking. Featuring a solid full aluminum body, it tips the scales at roughly 1.6 kg to ensure steady desk placement
 [Buyer] hmm i see. how are you guys different from the listings I see on Daraz?
 [Merchant] we operate as an authorized reseller backed by a physical storefront, ensuring you always have dependable local support if any issues arise.
 [Buyer] alright then, thanks a lot for all the help and details today!
 [Merchant] It was our absolute pleasure assisting you today, ma'am. Please feel free to reach out whenever you are ready.",no,INQUIRY_DROPOUT,Skeptic,Keychron Q1 Pro Custom Keyboard,Computing & Peripherals
10355,ENG_356,"[Buyer] Hello, is the Breville Barista Express Espresso Machine currently in stock?
 [Merchant] Greetings! Yes, we have brand new units in stock.
 [Buyer] Which colors do you have in stock?
 [Merchant] Right now we have these in stock: Brushed Stainless Steel, Black Sesame.
 [Buyer] Just double-checking - it's physically in your shop right now, not on order?
 [Merchant] Ready stock, sir. Not pre-order. It's on our shelf right now.
 [Buyer] What is the water tank capacity?
 [Merchant] The removable tank holds 2 litres, which is roughly 15-18 double shots. Anything else you'd like to know?
 [Buyer] I see. And Does it have a built-in grinder?
 [Merchant] Yes, it has an integrated precision conical burr grinder with dose control. Anything else you'd like to know?
 [Buyer] One more on the specs. What size is the portafilter?
 [Merchant] It comes with a standard 54mm stainless steel portafilter. Anything else you'd like to know?
 [Buyer] I need this before tomorrow evening. Is that possible?
 [Merchant] Same-day is possible inside Dhaka via Pathao, but the charge would be higher, around 200 taka.
 [Buyer] Thanks. How much does it cost in total?
 [Merchant] It's 78,000 taka, all inclusive.
 [Buyer] Is the price fixed or negotiable? I was hoping for 75,196 taka.
 [Merchant] Margin is tight, but I want to make this sale. I'll agree to 76,598 taka.
 [Buyer] Deal at 76,598 taka. Let's proceed. How fast can you deliver it to my address?
 [Merchant] Delivery is 100 taka inside Dhaka and 160 taka outside. We dispatch immediately upon order confirmation. We just need 500 taka sent to our merchant bKash as a security deposit for the courier. The remaining amount will be collected as COD.
 [Buyer] Alright, that makes sense. I will send the 500 taka advance.
 [Merchant] Thank you for understanding! Please send 500 taka to 01733923402 (Merchant) and share the TrxID.
 [Buyer] Sent 500 taka. TrxID is BK99X598P. Please deliver to: College Road, Bogra Sadar, Bogura. Mobile: 01819876543.
 [Merchant] Payment received and verified. Your order is confirmed. The remaining 76,198 taka will be collected on delivery.",yes,PURCHASE_COMMITTED,Urgent,Breville Barista Express Espresso Machine,Home & Kitchen Appliances
10356,ENG_357,"[Buyer] Hello. Do you still have the Garmin Forerunner 265 GPS Watch?
 [Merchant] Hello sir/ma'am. Yes, it's currently available for immediate delivery.
 [Buyer] Great. What's your best price for this item?
 [Merchant] The item is priced at 46,500 taka.
 [Buyer] Is this worth it over the previous generation?
 [Merchant] We're an authorized reseller with a physical outlet. If anything fails, you have somewhere to go.
 [Buyer] Who handles warranty claims if something goes wrong?
 [Merchant] Official 1-year coverage. Physical damage and water damage are excluded, as usual.
 [Buyer] Can I store music directly on the watch?
 [Merchant] Checking the spec sheet - absolutely, it has 8GB of internal storage so you can download Spotify playlists for phone-free running. Let me know if you need more detail.
 [Buyer] Quick one - is it waterproof for swimming?
 [Merchant] Good question. Yes, it carries a 5 ATM rating, so pool and open-water swimming are both fine. Hope that helps!
 [Buyer] Quick one - what is the battery life in smartwatch mode?
 [Merchant] Absolutely. It lasts up to 13 days in smartwatch mode, or up to 20 hours in GPS mode. Anything else you'd like to know?
 [Buyer] I see. And How accurate is the GPS in the city?
 [Merchant] It uses Multi-band GNSS technology, providing excellent accuracy even near tall buildings or dense tree cover. That's straight from the official spec sheet.
 [Buyer] What is your last price? I will take it for 44,396 taka.
 [Merchant] Margin is tight, but I want to make this sale. I'll agree to 45,448 taka.
 [Buyer] Almost there. Do 45,148 taka and it's a deal.
 [Merchant] You drive a hard bargain. 45,148 taka, final.
 [Buyer] Alright, 45,148 taka sounds fair. I'll take it. Alright. Do you do home delivery? And what is the fee?
 [Merchant] Delivery is 100 taka inside Dhaka and 160 taka outside. We dispatch immediately upon order confirmation. To confirm the order, we require a small 500 taka advance via bKash to cover the courier booking fee. The rest is Cash on Delivery.
 [Buyer] Sure, I'll pay the advance. Please share your bKash number.
 [Merchant] Thank you for understanding! Please send 500 taka to 01753055960 (Merchant) and share the TrxID.
 [Buyer] Sent 500 taka. TrxID is BK40X969P. Please deliver to: Sector 7, Road 18, House 5, Uttara, Dhaka. Mobile: 01819876543.
 [Merchant] Payment received and verified. Your order is confirmed. The remaining 44,748 taka will be collected on delivery.",yes,PURCHASE_COMMITTED,Ghoster,Garmin Forerunner 265 GPS Watch,Sports & Fitness
10357,ENG_358,"[Buyer] hi got garmin forerunner 265 gps watch ready stock
 [Merchant] yes we have it ready
 [Buyer] whats final price plz
 [Merchant] 46,500 taka fixed pirce
 [Buyer] can u send today urgent gift needed
 [Merchant] same-day delivery inside Dhaka via Pathao possible, charge 200 taka
 [Buyer] box is totally untouched and sealed, right
 [Merchant] 100 percent brand new sealed pack, u open first
 [Buyer] hmm any other color options
 [Merchant] black/Powder Grey, Whitestone, Aqua available
 [Buyer] right battery backup on watch mode?
 [Merchant] up to 13 days smartwatch mode, 20 hours GPS mode
 [Buyer] does it track sleep and hrv also
 [Merchant] yes full track - sleep stages, overnight HRV status, morning report
 [Buyer] how is gps signal near buildings
 [Merchant] sure multi-band GNSS built in, super accurate even round tall buildings or trees
 [Buyer] thnx for info let me check adn get back
 [Merchant] sure, let us know... stock limited though",no,DEFERRED_CONSIDERATION,Urgent,Garmin Forerunner 265 GPS Watch,Sports & Fitness
10358,ENG_359,"[Buyer] hey... checking availability on teh Breville Barista Express Espresso Machine. you guys got stock?
 [Merchant] Greetings, sir! Yes, we currently hvae brand new units in stock, ready for immediate delivery.
 [Buyer] what group head diameter does it use... what size portafilter?
 [Merchant] To answer your question, ma'am, it comes equipped with a standard 54mm stainless steel portafilter.
 [Buyer] well need confirmation on thermal performance and steam power... can i manually texture milk for proper latte art flows?
 [Merchant] Yes indeed, sir! Our verified specifications confirm that the powerful steam wand allows you to hand-texture microfoam milk perfect for latte art.
 [Buyer] ok thnx for the details
 [Merchant] You are very welcome, ma'am. Thank you for your time, and please do keep us in mind for your future orders.",no,DEFERRED_CONSIDERATION,LowBaller,Breville Barista Express Espresso Machine,Home & Kitchen Appliances
10359,ENG_360,"[Buyer] hi there! Hope you are having a wonderful day. Could you tell me if the Fujifilm X-T30 II Mirrorless Camera is in stock right now?
 [Merchant] yes available for immediate delivery
 [Buyer] hmm oh that is lovely to hear! Just wondering, does this come packaged with a kit lens?
 [Merchant] right package includes XC 15-45mm OIS PZ lens
 [Buyer] Thank you so much for checking that for me. Do you happen to know how many film simulation modes it has?
 [Merchant] features 18 classic Fujifilm film simulation modes including Classic Neg and Eterna
 [Buyer] you are always so helpful with my endless questions! Is there a microphone input on this body too?
 [Merchant] yes 3.5mm mic jack present headphone monitoring via USB-C adapter
 [Buyer] Really appreciate your patience with me today. Can it record 4K video as well?
 [Merchant] records oversampled 4K/30p video with no crop from official spec sheet
 [Buyer] you have been absolute gold answering everything today. I just need a day or two to think it over before I make my final choice
 [Merchant] ok noted thnx for reaching out",no,DEFERRED_CONSIDERATION,Standard,Fujifilm X-T30 II Mirrorless Camera,Audio & Visual Gear
10360,ENG_361,"[Buyer] Hello! I saw your post regarding the Samsung T7 Shield 2TB Portable SSD. Do you have it?
 [Merchant] Hello sir/ma'am. Yes, it's currently available for immediate delivery.
 [Buyer] Great. What's your best price for this item?
 [Merchant] Our selling price for this unit is 22,500 taka.
 [Buyer] Do you have a video of the actual product in your shop?
 [Merchant] Attaching a real photo with our shop card next to it for verification.
 [Buyer] Is this ready stock or pre-order? I need to be sure.
 [Merchant] In hand and ready. You can even come see it at our outlet.
 [Buyer] What cables are included?
 [Merchant] Yes - you get both USB-C to C and USB-C to A cables in the box.
 [Buyer] I had a technical question. Does it work with both Windows and Mac?
 [Merchant] Yes, it ships exFAT formatted and works on Windows, macOS, and Android out of the box.
 [Buyer] What are the read and write speeds?
 [Merchant] It delivers sequential read/write speeds of up to 1050/1000 MB/s via USB 3.2 Gen 2.
 [Buyer] Does the warranty cover manufacturing defects?
 [Merchant] 1-year replacement warranty against manufacturing defects, processed at our outlet.
 [Buyer] Do you deliver outside Dhaka?
 [Merchant] Delivery is 100 taka inside Dhaka and 160 taka outside. We dispatch immediately upon order confirmation. Since it's a high-value item, our policy requires a 500 taka advance payment. You can pay the rest to the delivery man.
 [Buyer] Okay, I understand. I'll trust your page this time. Sending the advance now.
 [Merchant] Thank you for understanding! Please send 500 taka to 01721097441 (Merchant) and share the TrxID.
 [Buyer] Sent 500 taka. TrxID is BK14X157P. Please deliver to: Kandirpar, Victoria College Road, Cumilla. Mobile: 01687654321.
 [Merchant] Payment received and verified. Your order is confirmed. The remaining 22,160 taka will be collected on delivery.",yes,PURCHASE_COMMITTED,TrustSeeker,Samsung T7 Shield 2TB Portable SSD,Computing & Peripherals
10361,ENG_362,"[Buyer] Hi there, is the Dyson Purifier Cool TP07 available in ready stock?
 [Merchant] Hi there! Thanks for reaching out. We do have it available.
 [Buyer] Nice. Does it come intact with the original factory seal?
 [Merchant] Of course. It's an official global version, sealed box, with full warranty.
 [Buyer] I see. And How far does it oscillate?
 [Merchant] It features adjustable oscillation up to 350 degrees to project air across the whole room.
 [Buyer] One more on the specs. Is it loud at night?
 [Merchant] There's a dedicated night mode that caps fan speed and dims the display.
 [Buyer] Also, does it cool the room like an AC?
 [Merchant] Checking the spec sheet - no, it is a fan and purifier. It circulates purified air but does not have a compressor to lower the room temperature. That's straight from the official spec sheet.
 [Buyer] Quick one - what kind of filters does it use?
 [Merchant] It uses a fully sealed HEPA H13 standard filter that captures 99.97% of particles as small as 0.3 microns.
 [Buyer] Just double-checking - it's physically in your shop right now, not on order?
 [Merchant] It's physically in our shop, in hand. We can dispatch today.
 [Buyer] What kind of warranty do I get with this?
 [Merchant] 1-year replacement warranty against manufacturing defects, processed at our outlet.
 [Buyer] Another shop is offering a similar item cheaper. Why should I buy from you?
 [Merchant] We're an authorized reseller with a physical outlet. If anything fails, you have somewhere to go.
 [Buyer] Could you share a picture of the sealed box with today's date?
 [Merchant] Sure, sending a live photo of the sealed unit from our shelf right now.
 [Buyer] Alright. So what is the final price for this?
 [Merchant] For the genuine sealed unit, the price is 68,000 taka.
 [Buyer] Any chance you can lower the price a bit? Maybe 66,763 taka?
 [Merchant] I apologize, but 68,000 taka is our final fixed price. Margins on official products are very tight.
 [Buyer] That's too high for me. I'll have to pass and buy from Daraz.
 [Merchant] No problem at all. We're here if anything changes.",no,INQUIRY_DROPOUT,Skeptic,Dyson Purifier Cool TP07,Home & Kitchen Appliances
10362,ENG_363,"[Buyer] Hello. Interested in the Viofo A129 Pro Duo 4K Dash Cam. Still selling?
 [Merchant] Hi there! Thanks for reaching out. We do have it available.
 [Buyer] Quick one - does it record while parked?
 [Merchant] Good question. Yes, but you need to purchase and install the optional HK3 Hardwire Kit to enable buffered parking mode.
 [Buyer] Quick one - does it have built-in WiFi to download videos?
 [Merchant] Yes, it features dual-band (2.4GHz & 5GHz) WiFi for fast video transfers to your phone. Anything else you'd like to know?
 [Buyer] One more on the specs. How does it handle heat in summer?
 [Merchant] It uses a supercapacitor instead of a battery, which is far more heat-tolerant for Bangladesh summers. Anything else you'd like to know?
 [Buyer] Awesome. Before we proceed, is it completely brand new and factory sealed?
 [Merchant] Yes, it is guaranteed brand new and sealed. You'll be the first to open it.
 [Buyer] Another shop is offering a similar item cheaper. Why should I buy from you?
 [Merchant] Price differences usually come from unofficial imports. Ours is official, with paperwork.
 [Buyer] Understood. Could you let me know the current price?
 [Merchant] For the genuine sealed unit, the price is 23,500 taka.
 [Buyer] What is your last price? I will take it for 22,297 taka.
 [Merchant] Since you are confirming today, I can meet you in the middle at 22,899 taka.
 [Buyer] Almost there. Do 22,399 taka and it's a deal.
 [Merchant] You drive a hard bargain. 22,399 taka, final.
 [Buyer] Okay, I'm happy with 22,399 taka. Book it for me. Okay, how does the delivery process work?
 [Merchant] Delivery is 100 taka inside Dhaka and 160 taka outside. We dispatch immediately upon order confirmation. For order confirmation, a 500 taka advance via bKash is mandatory. The balance is full Cash on Delivery (COD).
 [Buyer] I am not comfortable sending an advance. I've had bad experiences with pages taking advance and blocking. Can you do full COD?
 [Merchant] I completely understand your concern. The advance simply ensures you are a serious buyer and covers our return shipping risk if the parcel is rejected. You can check our page reviews and physical shop address for peace of mind.
 [Buyer] Fair enough. I'll send the 500 taka to confirm the booking.
 [Merchant] Thank you for understanding! Please send 500 taka to 01788023241 (Merchant) and share the TrxID.
 [Buyer] Sent 500 taka. TrxID is BK79X152P. Please deliver to: Station Road, Gopalganj Sadar, Gopalganj. Mobile: 01712349911.
 [Merchant] Payment received and verified. Your order is confirmed. The remaining 21,999 taka will be collected on delivery.",yes,PURCHASE_COMMITTED,TechSpecsNerd,Viofo A129 Pro Duo 4K Dash Cam,Automotive & Riding Gear
10363,ENG_364,"[Buyer] hey u guys got teh Garmin Forerunner 265 GPS Watch in rn?
 [Merchant] Hello and welcome! Yes indeed, we have fresh brand new units ready to ship out right now!
 [Buyer] cool... is it 100% factory sealed tho?
 [Merchant] yes oh absolutely! Completely untouched, factory sealed box, plus you get a full 1-year official warranty with it!
 [Buyer] quick q... can u download music straight onto it?
 [Merchant] for sure! It features 8GB of internal storage so you can easily sync your favorite Spotify playlists and run without your phone!
 [Buyer] wait one more thing... does the gps actually work well around big buildings?
 [Merchant] Yes, totally! It features advanced Multi-band GNSS technology, giving you super precise tracking even between tall skyscrapers and dense trees. You'll love it!
 [Buyer] what colors do u hvae left rn?
 [Merchant] We currently have Black/Powder Grey, Whitestone, and Aqua in stock! And great news, they are all the exact same price!
 [Buyer] thnx for getting back so quick tbh
 [Merchant] Anytime at all! We're always happy to help, so feel free to ask if you need anything else!
 [Buyer] ok sounds good... how much is it tho?
 [Merchant] It's priced at jsut 46,500 taka total, grab yours today before stocks run out!
 [Buyer] so alright thnx for teh info
 [Merchant] Thanks for stopping by our shop! Have a wonderful day!",no,INQUIRY_DROPOUT,Ghoster,Garmin Forerunner 265 GPS Watch,Sports & Fitness
10364,ENG_365,"[Buyer] Hello. Do you still have the Keychron Q1 Pro Custom Keyboard?
 [Merchant] Greetings! Yes, we have brand new units in stock.
 [Buyer] Any chance this is a used or open-box piece?
 [Merchant] Yes, it is 100% official brand new, factory sealed with all accessories.
 [Buyer] Just double-checking - it's physically in your shop right now, not on order?
 [Merchant] In hand and ready. You can even come see it at our outlet.
 [Buyer] Is the body plastic or metal?
 [Merchant] It has a premium full CNC machined aluminum body. Anything else you'd like to know?
 [Buyer] I see. And How heavy is it?
 [Merchant] The full aluminum build weighs around 1.6 kg, so it stays firmly planted on the desk.
 [Buyer] One more on the specs. Does it support QMK/VIA for key remapping?
 [Merchant] Let me confirm that for you. Yes, it fully supports QMK and VIA right out of the box for custom keymaps and macros. Hope that helps!
 [Buyer] I see. And Does it support wireless 2.4GHz dongle or only Bluetooth 5.1?
 [Merchant] To be precise, the Q1 Pro operates on Bluetooth 5.1 and Type-C wired mode. It does not come with a 2.4GHz dongle. Anything else you'd like to know?
 [Buyer] What is the price? Please let me know.
 [Merchant] We are currently offering it for 18,500 taka.
 [Buyer] Can you do anything better? 17,390 taka and I'll confirm right now.
 [Merchant] I can't do 17,390, but as a special offer for a quick deal, I can offer 17,945 taka.
 [Buyer] Do you deliver outside Dhaka?
 [Merchant] Delivery charge is 100 taka for Dhaka, 160 taka outside. Packages are fully insured. For order confirmation, a 500 taka advance via bKash is mandatory. The balance is full Cash on Delivery (COD).
 [Buyer] I am not comfortable sending an advance. I've had bad experiences with pages taking advance and blocking. Can you do full COD?
 [Merchant] We sympathize, but this is a strict company policy for items over 10,000 taka to prevent fake orders. You can verify our trade license and physical store in Multiplan Center.
 [Buyer] I'll think about the advance policy and let you know. Not saying no, just need a moment.
 [Merchant] Okay, noted. Thanks for reaching out to us.",no,DEFERRED_CONSIDERATION,Urgent,Keychron Q1 Pro Custom Keyboard,Computing & Peripherals
10365,ENG_366,"[Buyer] is the Breville Barista Express Espresso Machine available or not... plz check.
 [Merchant] Hello! Yes, it is currently in stock and ready for immediate delivery
 [Buyer] so can i do manual milk texturing for latte art with it?
 [Merchant] Yes indeed! The powerful steam wand lets you hand-texture microfoam milk perfectly for your latte art. Hope this helps!
 [Buyer] wait is it brand new or used/refurbished? first time buying online, dont want any fake stuff.
 [Merchant] Rest assured, it is 100% brand new, factory sealed, and includes a full 1-year official warranty.
 [Buyer] ok. whats lowest price?
 [Merchant] Our standard fixed price is 78,000 taka
 [Buyer] others are selling lower... u can do 75,599 taka right?
 [Merchant] I can offer a special discount for you. The absolute final price is 76,800 taka. Deal?
 [Buyer] fine... how does delivery happen? wont get scammed right?
 [Merchant] We ship safely across Bangladesh through Steadfast or Pathao. Inside Dhaka is 100 taka taking 24 hours, and Outside Dhaka is 160 taka taking 48-72 hours. We just need a small 500 taka advance via bKash to confirm the order, and the remaining amount is paid via Cash on Delivery (COD).
 [Buyer] advance? cant do full cash on delivery? paying first makes me nervous.
 [Merchant] I totally understand why you might worry, as a first-time online buyer. The small advance just confirms your order and protects us from fake bookings. You are always welcome to check our strong page reviews and visit our physical shop location anytime for complete peace of mind.
 [Buyer] ok hmm ok let me think about it thnx
 [Merchant] ok no problem at all! Take your time, and let us know whenever you are ready.",no,DEFERRED_CONSIDERATION,Ghoster,Breville Barista Express Espresso Machine,Home & Kitchen Appliances
10366,ENG_367,"[Buyer] Hello, could you please tell me if the Dyson Purifier Cool TP07 is currently available in ready stock?
 [Merchant] yes hello! Yes friend, we do have the Dyson Purifier Cool TP07 ready in stock for you
 [Buyer] ok could you please let me know which colors you currently hvae available?
 [Merchant] We currently have White/Silver and Black/Nickel ready for you!
 [Buyer] Thank you so much for getting back to me so quickly, I really appreciate it.
 [Merchant] You are very welcome! We always do our best to reply quickly during working hours.
 [Buyer] Could you please answer a quick technical question for me? How frequently do teh filters need to be changed?
 [Merchant] yes to be exact, about every 12 months assuming 12 hours of daily use, and the app conveniently tracks your remaining filter life.
 [Buyer] right i have one more technical question, please. What is teh range of its oscillation?
 [Merchant] sure yes indeed, it offers adjustable oscillation reaching up to 350 degrees to spread air across the entire space.
 [Buyer] I understand. Could you also tell me if it features WiFi connectivity, please?
 [Merchant] sure to be precise, yes! You can easily control it and track air quality live using the MyDyson app over WiFi. Just tell me if you need anything else.
 [Buyer] could yuo please tell me if it makes much noise during the night?
 [Merchant] Not to worry at all, it includes a special night mode that limits fan speed adn dims the screen completely
 [Buyer] Would you say this is a better buy compared to the older generation, please?
 [Merchant] We are a trusted authorized reseller with a real storefront. If any issues come up, you always have a physical place to visit for support.
 [Buyer] Alright, thank you very much for all the helpful information
 [Merchant] You are very welcome! Do not hesitate to reach out to us whenever you need anything else",no,INQUIRY_DROPOUT,Ghoster,Dyson Purifier Cool TP07,Home & Kitchen Appliances
10367,ENG_368,"[Buyer] Hello, please tell me if you have the Garmin Forerunner 265 GPS Watch available right now, thank you.
 [Merchant] Hello there! Yes we do, it is completely in stock and ready for you :)
 [Buyer] That is wonderful. Could you please let me know how well the GPS works around tall city buildings?
 [Merchant] It uses Multi-band GNSS technology, so you get super precise tracking even when you are surrounded by tall buildings or thick trees!
 [Buyer] Thank you for explaining. If any issues come up later, who takes care of the warranty?
 [Merchant] You get a full 1-year warranty with us! Just bring your invoice by and we will take care of everything for you.
 [Buyer] Could you kindly tell me the price for this model, please?
 [Merchant] The price for this one is 46,500 taka, friend!
 [Buyer] That is a bit high for my budget. Is there any chance you could give me a discount on it, please?
 [Merchant] For you, we can do 45,735 taka! That is truly our absolute best and final price.
 [Buyer] I really appreciate the discount. Please allow me some time to think about it before I confirm, thank you.
 [Merchant] Take all the time you need! Thanks for stopping by, and have a wonderful day!",no,DEFERRED_CONSIDERATION,Standard,Garmin Forerunner 265 GPS Watch,Sports & Fitness
10368,ENG_369,"[Buyer] so hey, is the Sony WH-1000XM5 in stock?
 [Merchant] ya available ready to ship
 [Buyer] does it support analog pass-through when dead?
 [Merchant] yes comes wiht 3.5mm cable for passive wired listening. 100% genuine.
 [Buyer] ok need express shipping asap. what is transit time?
 [Merchant] same-day inside Dhaka via Pathao, around 200 taka extra.
 [Buyer] sealed retail box with official warranty?
 [Merchant] yes authentic factory-sealed brand new stock.
 [Buyer] wait just to be sure, do you actually have physical inventory right now?
 [Merchant] in hand at shop ready to dispatch today
 [Buyer] what's the chipset and mic array spec for the ANC compared to the previous gen?
 [Merchant] uses two processors and 8 microphones for better noise cancelation on highs.
 [Buyer] ah not waht I need for my workflow. gonna skip this one. thnx.
 [Merchant] ok msg if u need anything else",no,INQUIRY_DROPOUT,DeliveryObsessed,Sony WH-1000XM5 Wireless Headphones,Audio & Visual Gear
10369,ENG_370,"[Buyer] Hello, is the Keychron Q1 Pro Custom Keyboard currently in stock?
 [Merchant] Hi! Absolutely, we have it ready for you.
 [Buyer] What kind of warranty do I get with this?
 [Merchant] You get 1 year of official warranty. Claims are handled through our service desk.
 [Buyer] Also, does it support QMK/VIA for key remapping?
 [Merchant] Yes, it fully supports QMK and VIA right out of the box for custom keymaps and macros.
 [Buyer] Another shop is offering a similar item cheaper. Why should I buy from you?
 [Merchant] Price differences usually come from unofficial imports. Ours is official, with paperwork.
 [Buyer] Is this ready stock or pre-order? I need to be sure.
 [Merchant] Ready stock, sir. Not pre-order. It's on our shelf right now.
 [Buyer] Can you send me a real photo of the actual unit, not a stock image?
 [Merchant] Sure, sending a live photo of the sealed unit from our shelf right now.
 [Buyer] Awesome. Before we proceed, is it completely brand new and factory sealed?
 [Merchant] Absolutely. It is completely intact, unopened, and comes with a 1-year official warranty.
 [Buyer] What's the rate on this one?
 [Merchant] It's 18,500 taka, all inclusive.
 [Buyer] How fast can you deliver it to my address?
 [Merchant] Delivery charge is 100 taka for Dhaka, 160 taka outside. Packages are fully insured.
 [Buyer] The delivery timeline doesn't work for me. I'll source it locally instead.
 [Merchant] Sure thing. Have a good day!",no,INQUIRY_DROPOUT,Skeptic,Keychron Q1 Pro Custom Keyboard,Computing & Peripherals
10370,ENG_371,"[Buyer] Hello, is the Samsung T7 Shield 2TB Portable SSD currently in stock?
 [Merchant] Hi! Absolutely, we have it ready for you.
 [Buyer] What's the rate on this one?
 [Merchant] Our selling price for this unit is 22,500 taka.
 [Buyer] Quick one - does it work with both Windows and Mac?
 [Merchant] Yes, it ships exFAT formatted and works on Windows, macOS, and Android out of the box. Let me know if you need more detail.
 [Buyer] One more on the specs. Is it rugged and drop-resistant?
 [Merchant] Good question. Yes, it has a tough rubberized exterior and can survive drops from up to 3 meters.
 [Buyer] Do you have any color options, or just one?
 [Merchant] We currently stock Black, Beige, Blue. All at the same price.
 [Buyer] Any chance you can lower the price a bit? Maybe 20,771 taka?
 [Merchant] For you, 21,636 taka. That's genuinely the floor.
 [Buyer] Meet me at 21,136 taka and I'll pay immediately.
 [Merchant] You drive a hard bargain. 21,136 taka, final.
 [Buyer] Deal at 21,136 taka. Let's proceed. Okay, how does the delivery process work?
 [Merchant] We offer home delivery all over Bangladesh via Steadfast/Pathao. Inside Dhaka is 100 taka (24 hours), Outside Dhaka is 160 taka (48-72 hours). Since it's a high-value item, our policy requires a 500 taka advance payment. You can pay the rest to the delivery man.
 [Buyer] Sure, I'll pay the advance. Please share your bKash number.
 [Merchant] Thank you for understanding! Please send 500 taka to 01735934268 (Merchant) and share the TrxID.
 [Buyer] Sent 500 taka. TrxID is BK60X475P. Please deliver to: House 102, Road 5, Block B, Bashundhara R/A, Dhaka. Mobile: 01822334455.
 [Merchant] Payment received and verified. Your order is confirmed. The remaining 20,736 taka will be collected on delivery.",yes,PURCHASE_COMMITTED,Ghoster,Samsung T7 Shield 2TB Portable SSD,Computing & Peripherals
10371,ENG_372,"[Buyer] Viofo A129 Pro Duo 4K Dash Cam stock check.
 [Merchant] Hello, sir. Yes, it is currently in stock and ready to ship out today.
 [Buyer] Buying 5. Price drop?
 [Merchant] Yes, ma'am, bulk purchases qualify for better rates. We provide great savings when you buy 5 or more units.
 [Buyer] Parking recording available?
 [Merchant] Let me check the details for you. Yes, it does, but you will need the optional HK3 Hardwire Kit installed for buffered parking mode, sir. Do you have any other questions?
 [Buyer] Rear camera 4K?
 [Merchant] Checking the specifications now, ma'am. No, only the front sensor is true 4K with Sony Exmor R, whereas the rear captures in 1080p using Sony Starvis. Can I help you with anything else?
 [Buyer] WiFi for downloads?
 [Merchant] To answer accurately, sir, it includes dual-band 2.4GHz and 5GHz WiFi for quick phone transfers, as confirmed by the official spec sheet.
 [Buyer] Price?
 [Merchant] The unit price is set at 23,500 taka, ma'am.
 [Buyer] Lower price please. Budget 20,834 taka.
 [Merchant] I cannot go down to 20,834 taka, sir, but for a fast transaction today, I can do a special price of 22,167 taka.
 [Buyer] 21,667 taka. Immediate pay.
 [Merchant] You drive a hard bargain, ma'am. Very well, 21,667 taka is our absolute final price.
 [Buyer] Fine. Will update.
 [Merchant] Understood, sir. Thank you so much for getting in touch with us today.",no,DEFERRED_CONSIDERATION,LowBaller,Viofo A129 Pro Duo 4K Dash Cam,Automotive & Riding Gear
10372,ENG_373,"[Buyer] Good afternoon, I am looking for the Fujifilm X-T30 II Mirrorless Camera. Can you confirm stock?
 [Merchant] Hello sir/ma'am. Yes, it's currently available for immediate delivery.
 [Buyer] How soon can it reach me? I need it urgently.
 [Merchant] If you confirm within the next hour, we can dispatch today for next-day delivery inside Dhaka.
 [Buyer] Does it have in-body image stabilization (IBIS)?
 [Merchant] No, the X-T30 II does not have IBIS. Stabilization relies on OIS-equipped lenses like the one included.
 [Buyer] Just double-checking - it's physically in your shop right now, not on order?
 [Merchant] Ready stock, sir. Not pre-order. It's on our shelf right now.
 [Buyer] What is the price? Please let me know.
 [Merchant] For the genuine sealed unit, the price is 98,000 taka.
 [Buyer] Any chance you can lower the price a bit? Maybe 95,745 taka?
 [Merchant] For you, 96,873 taka. That's genuinely the floor.
 [Buyer] Can you shave off a little more? Round it to 96,673 taka and I'll confirm now.
 [Merchant] You drive a hard bargain. 96,673 taka, final.
 [Buyer] 96,673 taka works. Please confirm my order. Okay, how does the delivery process work?
 [Merchant] We use premium courier services. It takes 1 day for Dhaka (100 taka) and 2-3 days outside (160 taka). For order confirmation, a 500 taka advance via bKash is mandatory. The balance is full Cash on Delivery (COD).
 [Buyer] Alright, that makes sense. I will send the 500 taka advance.
 [Merchant] Thank you for understanding! Please send 500 taka to 01763894612 (Merchant) and share the TrxID.
 [Buyer] Sent 500 taka. TrxID is BK12X193P. Please deliver to: Kandirpar, Victoria College Road, Cumilla. Mobile: 01923456789.
 [Merchant] Payment received and verified. Your order is confirmed. The remaining 96,273 taka will be collected on delivery.",yes,PURCHASE_COMMITTED,Urgent,Fujifilm X-T30 II Mirrorless Camera,Audio & Visual Gear
10373,ENG_374,"[Buyer] Hi there! I was hoping to grab the Keychron Q1 Pro Custom Keyboard. Do you guys have it in stock?
 [Merchant] Hello! Yes absolutely, we have it right here in stock and ready to ship out today before we run low!
 [Buyer] Awesome. So like, what is the best price u can do for this?
 [Merchant] It is an incredible deal at just 18,500 taka for a premium piece like this!
 [Buyer] Hope u are having a good day... umm I wanted to ask about the weight actually.
 [Merchant] It features a gorgeous full aluminum build weighing around 1.6 kg, so it stays super steady adn firmly planted on the desk!
 [Buyer] Oh nice. When can it get to me tho? Need it super fast.
 [Merchant] We can totally do same-day delivery inside Dhaka via Pathao, though the charge is a bit higher at around 200 taka.
 [Buyer] Ah ok, but what is the usual delivery time to my place?
 [Merchant] We ship fast with premium couriers! It takes just 1 day for Dhaka at 100 taka and 2-3 days outside at 160 taka. Please note, to confirm your order, a 500 taka advance via bKash is mandatory, and the remaining amount will be full Cash on Delivery (COD).
 [Buyer] Do I really need to send the advance first? Plz can I jsut pay full COD?
 [Merchant] yes we totally get your concern, but it is our strict company policy for all items over 10,000 taka to secure the slot and avoid fake bookings. You can completely trust us -- feel free to check our trade license and our physical storefront right in Multiplan Center!
 [Buyer] Alright makes sense, I trust u guys. Let me send that advance over right now.
 [Merchant] We truly appreciate your cooperation and trust! Kindly send the 500 taka to 01788096039 (Merchant) and drop the TrxID right here.
 [Buyer] Done! Sent 500 taka. Here is the TrxID: BK70X843P. Send it to Sector 7, Road 18, House 5, Uttara, Dhaka. Phone is 01734567890. Thnx!
 [Merchant] Payment received successfully and verified! Your order is locked in and good to go. The remaining balance of 18,100 taka will be collected safely upon delivery.",yes,PURCHASE_COMMITTED,Urgent,Keychron Q1 Pro Custom Keyboard,Computing & Peripherals
10374,ENG_375,"[Buyer] Hello, do you have the Garmin Forerunner 265 GPS Watch in stock? Please confirm.
 [Merchant] Hi! Absolutely, we have it ready for you.
 [Buyer] Understood. Could you let me know the current price?
 [Merchant] For the genuine sealed unit, the price is 46,500 taka.
 [Buyer] Thanks for the quick reply, by the way.
 [Merchant] Of course, we try to reply within a few minutes during business hours.
 [Buyer] I had a technical question. Does it track sleep and HRV?
 [Merchant] It does - overnight HRV status, sleep stages, and a morning readiness score. Let me know if you need more detail.
 [Buyer] Is it waterproof for swimming?
 [Merchant] Yes, it carries a 5 ATM rating, so pool and open-water swimming are both fine. That's straight from the official spec sheet.
 [Buyer] Perfect. Just confirming, this is a completely sealed, unopened unit right?
 [Merchant] Of course. It's an official global version, sealed box, with full warranty.
 [Buyer] How fast can you deliver it to my address?
 [Merchant] Delivery charge is 100 taka for Dhaka, 160 taka outside. Packages are fully insured. We just need 500 taka sent to our merchant bKash as a security deposit for the courier. The remaining amount will be collected as COD.
 [Buyer] Fair enough. I'll send the 500 taka to confirm the booking.
 [Merchant] Thank you for understanding! Please send 500 taka to 01774084915 (Merchant) and share the TrxID.
 [Buyer] Sent 500 taka. TrxID is BK83X840P. Please deliver to: Shaheb Bazar, Master Para, Rajshahi. Mobile: 01711223388.
 [Merchant] Payment received and verified. Your order is confirmed. The remaining 46,100 taka will be collected on delivery.",yes,PURCHASE_COMMITTED,Ghoster,Garmin Forerunner 265 GPS Watch,Sports & Fitness
10375,ENG_376,"[Buyer] Hello. Interested in the Garmin Forerunner 265 GPS Watch. Still selling?
 [Merchant] Hello sir/ma'am. Yes, it's currently available for immediate delivery.
 [Buyer] Another shop is offering a similar item cheaper. Why should I buy from you?
 [Merchant] We're an authorized reseller with a physical outlet. If anything fails, you have somewhere to go.
 [Buyer] Who handles warranty claims if something goes wrong?
 [Merchant] Official 1-year coverage. Physical damage and water damage are excluded, as usual.
 [Buyer] Perfect. Just confirming, this is a completely sealed, unopened unit right?
 [Merchant] Yes, it is 100% official brand new, factory sealed with all accessories.
 [Buyer] Quick one - does it track sleep and HRV?
 [Merchant] Checking the spec sheet - it does - overnight HRV status, sleep stages, and a morning readiness score.
 [Buyer] I see. And Is it waterproof for swimming?
 [Merchant] Yes, it carries a 5 ATM rating, so pool and open-water swimming are both fine. Let me know if you need more detail.
 [Buyer] I had a technical question. What is the battery life in smartwatch mode?
 [Merchant] Right, so It lasts up to 13 days in smartwatch mode, or up to 20 hours in GPS mode.
 [Buyer] Understood. Could you let me know the current price?
 [Merchant] The item is priced at 46,500 taka.
 [Buyer] Could you give a small discount? My budget is closer to 44,278 taka.
 [Merchant] Since you are confirming today, I can meet you in the middle at 45,389 taka.
 [Buyer] Okay, I'm happy with 45,389 taka. Book it for me. Alright. Do you do home delivery? And what is the fee?
 [Merchant] We offer home delivery all over Bangladesh via Steadfast/Pathao. Inside Dhaka is 100 taka (24 hours), Outside Dhaka is 160 taka (48-72 hours). For order confirmation, a 500 taka advance via bKash is mandatory. The balance is full Cash on Delivery (COD).
 [Buyer] Is the advance strictly necessary? I'd rather do full COD.
 [Merchant] Okay, since you're local and reachable by phone, we'll do full COD this time.
 [Buyer] Great, full COD works for me. Let's do it.
 [Merchant] Perfect. Please share your full delivery address and mobile number to book the parcel.
 [Buyer] Address: Building 24, Road 8, Mirpur DOHS, Dhaka. Mobile: 01923456789.
 [Merchant] Order confirmed and booked. Full 45,489 taka is payable to the rider on delivery.",yes,PURCHASE_COMMITTED,TechSpecsNerd,Garmin Forerunner 265 GPS Watch,Sports & Fitness
10376,ENG_377,"[Buyer] well hello there hope you are having a wonderful day! i was hoping to grab the Viofo A129 Pro Duo 4K Dash Cam. is it currently available by any chance?
 [Merchant] hello! Welcome to our shop, so wonderful to hear from you today. Yes absolutely, we have fresh brand new units ready to go!
 [Buyer] oh that is wonderful news! just wanted to double check, does a memory card come included in the box or do I need to get one separately?
 [Merchant] no worries at all for asking! the MicroSD card is not included and needs to be bought separately. we always suggest using High Endurance cards, and that is straight from teh official spec sheet.
 [Buyer] ahh got it, thanks for explaining that so nicely. could you let me know how much it costs right now?
 [Merchant] we have it listed for 23,500 taka right now. to lock in your order, we just need a tiny 500 taka advance via bKash to secure the courier booking, and the remaining balance can be paid via Cash on Delivery.
 [Buyer] oh wait, i meant full cash on delivery for everything including the small fee if possible, let's just go ahead with the order.
 [Merchant] no problem at all, we can certainly arrange that for you! please drop your complete delivery address along with your phone number so we can get your package scheduled right away
 [Buyer] well sure thing! here are the details: Address: Shaheb Bazar, Master Para, Rajshahi. Mobile: 01822334455. thank you so much!
 [Merchant] thank you so much for your order, it is fully confirmed and booked now! the total of 23,600 taka will be collected by the delivery rider when it arrives at your door.",yes,PURCHASE_COMMITTED,Skeptic,Viofo A129 Pro Duo 4K Dash Cam,Automotive & Riding Gear
10377,ENG_378,"[Buyer] Hi there, is the Garmin Forerunner 265 GPS Watch available in ready stock?
 [Merchant] Hi there! Thanks for reaching out. We do have it available.
 [Buyer] What kind of warranty do I get with this?
 [Merchant] 1-year replacement warranty against manufacturing defects, processed at our outlet.
 [Buyer] Just double-checking - it's physically in your shop right now, not on order?
 [Merchant] Ready stock, sir. Not pre-order. It's on our shelf right now.
 [Buyer] Awesome. Before we proceed, is it completely brand new and factory sealed?
 [Merchant] Yes sir, we only deal in genuine, factory-sealed products. It's completely brand new.
 [Buyer] Could you share a picture of the sealed box with today's date?
 [Merchant] Yes, I can share the import invoice. We're a registered importer.
 [Buyer] One more on the specs. Is it waterproof for swimming?
 [Merchant] Happy to clarify: yes, it carries a 5 ATM rating, so pool and open-water swimming are both fine.
 [Buyer] Understood. Could you let me know the current price?
 [Merchant] Our selling price for this unit is 46,500 taka.
 [Buyer] How fast can you deliver it to my address?
 [Merchant] Delivery is 100 taka inside Dhaka and 160 taka outside. We dispatch immediately upon order confirmation. For order confirmation, a 500 taka advance via bKash is mandatory. The balance is full Cash on Delivery (COD).
 [Buyer] Great, full COD works for me. Let's do it.
 [Merchant] Perfect. Please share your full delivery address and mobile number to book the parcel.
 [Buyer] Address: Building 24, Road 8, Mirpur DOHS, Dhaka. Mobile: 01687654321.
 [Merchant] Order confirmed and booked. Full 46,600 taka is payable to the rider on delivery.",yes,PURCHASE_COMMITTED,TrustSeeker,Garmin Forerunner 265 GPS Watch,Sports & Fitness
10378,ENG_379,"[Buyer] hi got the garmin forerunner 265 gps watch available
 [Merchant] yes available
 [Buyer] cool what is the price
 [Merchant] 46,500 taka
 [Buyer] any warranty for manufacturing defects
 [Merchant] 1 yr official warranty service at our desk
 [Buyer] other places sell lower why buy here
 [Merchant] authorized seller with shop come back anytime
 [Buyer] brand new and sealed right
 [Merchant] 100 percent sealed pack first to open
 [Buyer] can u swim with it
 [Merchant] 5 ATM rating good for pool and open water
 [Buyer] does it have amoled display
 [Merchant] yes vibrant amoled touchscreen
 [Buyer] how is gps tracking in city
 [Merchant] Multi-band GNSS very accurate near tall buildings
 [Buyer] ship outside dhaka
 [Merchant] 100 taka dhaka 160 outside insured need 500 taka advance rest COD
 [Buyer] cant do full cod without advance
 [Merchant] advance secures order check page reviews safe shop
 [Buyer] fine send bkash number
 [Merchant] send 500 taka to 01789276008 merchant give trxid
 [Buyer] sent 500 trxid BK75X687P send to Shaheb Bazar Master Para Rajshahi ph 01611778899
 [Merchant] payment checked order confirmed 46,100 taka due on delivery",yes,PURCHASE_COMMITTED,Standard,Garmin Forerunner 265 GPS Watch,Sports & Fitness
10379,ENG_380,"[Buyer] Hello, do you have the Fujifilm X-T30 II Mirrorless Camera in stock? Please confirm.
 [Merchant] Hello! Yes, the Fujifilm X-T30 II Mirrorless Camera is available in our ready stock.
 [Buyer] I had a technical question. Does this include a kit lens?
 [Merchant] Checking the spec sheet - yes, this package includes the XC 15-45mm OIS PZ lens.
 [Buyer] I had a technical question. How many film simulation modes does it have?
 [Merchant] Certainly. It features 18 classic Fujifilm film simulation modes, including Classic Neg and Eterna. Hope that helps!
 [Buyer] What is the sensor resolution?
 [Merchant] Let me confirm that for you. It uses a 26.1MP X-Trans CMOS 4 APS-C sensor. Anything else you'd like to know?
 [Buyer] Also, does it have a microphone input?
 [Merchant] To be precise, yes, there's a 3.5mm mic jack, and headphone monitoring works via the USB-C adapter. Hope that helps!
 [Buyer] What's the rate on this one?
 [Merchant] For the genuine sealed unit, the price is 98,000 taka.
 [Buyer] That's a bit steep. Can you offer any discount on that?
 [Merchant] Alright, I can give a small concession. Final price 97,042 taka. Deal?
 [Buyer] Can you shave off a little more? Round it to 96,542 taka and I'll confirm now.
 [Merchant] Okay, 96,542 taka. But that's absolutely the last adjustment.
 [Buyer] Alright, 96,542 taka sounds fair. I'll take it. Okay, how does the delivery process work?
 [Merchant] Delivery is 100 taka inside Dhaka and 160 taka outside. We dispatch immediately upon order confirmation. Since it's a high-value item, our policy requires a 500 taka advance payment. You can pay the rest to the delivery man.
 [Buyer] I am not comfortable sending an advance. I've had bad experiences with pages taking advance and blocking. Can you do full COD?
 [Merchant] Sir, it's just 500 taka for courier security. We have a solid 5-year track record and thousands of reviews. We cannot bypass this policy, unfortunately.
 [Buyer] Sure, I'll pay the advance. Please share your bKash number.
 [Merchant] Thank you for understanding! Please send 500 taka to 01797632739 (Merchant) and share the TrxID.
 [Buyer] Sent 500 taka. TrxID is BK52X849P. Please deliver to: Station Road, Gopalganj Sadar, Gopalganj. Mobile: 01611778899.
 [Merchant] Payment received and verified. Your order is confirmed. The remaining 96,142 taka will be collected on delivery.",yes,PURCHASE_COMMITTED,LowBaller,Fujifilm X-T30 II Mirrorless Camera,Audio & Visual Gear
10380,ENG_381,"[Buyer] hello, could you please tell me if the Fujifilm X-T30 II Mirrorless Camera is currently in stock?
 [Merchant] ok greetings. Yes, this item is fully in stock and covered by our official authenticity guarantee.
 [Buyer] Thank you for letting me know. Could you please tell me how much it costs?
 [Merchant] right our standard retail pricing for this camera is set at 98,000 taka.
 [Buyer] are there different colors or exterior finishes available to choose from, please?
 [Merchant] We currently stock the Silver and Charcoal Black variants
 [Buyer] i see. Could you also please let me know how many film simulation modes it features?
 [Merchant] ok it features 18 classic Fujifilm film simulation modes, including Classic Neg adn Eterna. All units come with full manufacturer warranty coverage.
 [Buyer] well thank you. Does this package happen to include a kit lens as well?
 [Merchant] Yes, this bundled offering includes the XC 15-45mm OIS PZ lens, backed by our standard replacement warranty policy
 [Buyer] Pardon me for asking again, but is this physically in your store right now, or do you need to order it?
 [Merchant] it is physically in stock at our inventory. You are welcome to inspect it at our physical retail outlet
 [Buyer] I would really appreciate it if I could get this before tomorrow evening. Is that possible, please?
 [Merchant] Urgent same-day dispatch can be arranged via Pathao for locations inside Dhaka, though the delivery charge will be higher at around 200 taka.
 [Buyer] Alright. Do you offer home delivery services, and what would the fee be, please?
 [Merchant] We provide secure home delivery across Bangladesh via Steadfast and Pathao. Inside Dhaka costs 100 taka with delivery in 24 hours, while outside Dhaka is 160 taka taking 48-72 hours. Per company policy, a 500 taka advance security deposit is required via merchant bKash, and the balance is payable via cash on delivery.
 [Buyer] Is that advance payment strictly required, please? I would prefer to pay teh full amount upon delivery if possible
 [Merchant] As a certified electronics retailer, our standard policy requires a 500 taka courier security deposit for order verification. We maintain strict compliance wiht all operational guidelines to ensure secure transactions.
 [Buyer] ok i understand your store policy completely. Thank you for explaining, and I will send the 500 taka advance now.
 [Merchant] We appreciate your cooperation. Please remit the 500 taka to our official merchant bKash number at 01798088720 and provide the Transaction ID for verification.
 [Buyer] I have sent the 500 taka. My Transaction ID is BK22X358P. Please deliver it to: Flat 3A, House 7, Road 27, Mohammadpur, Dhaka. My mobile number is 01611778899. Thank you so much.
 [Merchant] right transaction successfully verified. Your order has been officially confirmed under our standard sales terms. The remaining balance of 97,660 taka will be collected securely upon delivery.",yes,PURCHASE_COMMITTED,Urgent,Fujifilm X-T30 II Mirrorless Camera,Audio & Visual Gear
10381,ENG_382,"[Buyer] Fujifilm X-T30 II Mirrorless Camera in stock?
 [Merchant] ok yes absolutely! It's fully in stock and we can ship it out right away today!
 [Buyer] Lowest price?
 [Merchant] For a 100% genuine sealed box unit, the best rate is 98,000 taka.
 [Buyer] Can I get same-day delivery? Need it fast.
 [Merchant] Book within an hour and we'll dispatch today so it reaches inside Dhaka tomorrow!
 [Buyer] Film simulation count?
 [Merchant] it packs 18 amazing classic Fujifilm film simulation modes, including popular ones like Classic Neg and Eterna!
 [Buyer] Sensor resolution?
 [Merchant] it features a sharp 26.1MP X-Trans CMOS 4 APS-C sensor! Want to know anything else?
 [Buyer] Is it actually available physically right now?
 [Merchant] Yes it is right here in our store physically! Ready for immediate dispatch today.
 [Buyer] 95,477 taka. Take it or leave it.
 [Merchant] ah 95,477 is too low, but for a fast deal I can drop it to 96,739 taka!
 [Buyer] 96,439 taka and we have a deal.
 [Merchant] that is cutting it super close... but okay, 96,439 taka since you're finalizing today!
 [Buyer] home delivery process?
 [Merchant] Delivery is 100 taka for Dhaka and 160 taka outside, fully insured! Just need a 500 taka advance via bKash to confirm, and the rest is Cash on Delivery (COD)
 [Buyer] well can skip the advance?
 [Merchant] we understand your hesitation, but it's our firm company rule for items over 10,000 taka to block fake bookings. Feel free to check our trade license and Multiplan Center showroom!
 [Buyer] Understood.
 [Merchant] awesome! Thanks for choosing us, have a wonderful day!",no,DEFERRED_CONSIDERATION,Urgent,Fujifilm X-T30 II Mirrorless Camera,Audio & Visual Gear
10382,ENG_383,"[Buyer] so hey do u guys have dyson purifier cool tp07 rn
 [Merchant] hello! Thank you so much for getting in touch with us. Yes, we currently have it in stock and ready to ship!
 [Buyer] so does it give ac like cooling tho
 [Merchant] I can certainly clarify that for you! Actually, it functions as an advanced fan and air purifier combined. It blows a steady stream of clean air, but it lacks a built-in compressor, so it won't actually chill the room down like an air conditioner. Please let me know if you have any other questions!
 [Buyer] icic... whats the best price u can do on this
 [Merchant] Our absolute best price for this brand new, factory-sealed unit is 68,000 taka.
 [Buyer] ah ok need to check my allowance at month end 1st before ordering thnx
 [Merchant] No problem at all! Take your time, and we will keep everything noted for you. Have a wonderful day, and talk to you soon!",no,DEFERRED_CONSIDERATION,DeliveryObsessed,Dyson Purifier Cool TP07,Home & Kitchen Appliances
10383,ENG_384,"[Buyer] Hey, I am interested in purchasing the Garmin Forerunner 265 GPS Watch. Is it available?
 [Merchant] Greetings! Yes, we have brand new units in stock.
 [Buyer] What is the battery life in smartwatch mode?
 [Merchant] Happy to clarify: it lasts up to 13 days in smartwatch mode, or up to 20 hours in GPS mode.
 [Buyer] I see. And How accurate is the GPS in the city?
 [Merchant] Certainly. It uses Multi-band GNSS technology, providing excellent accuracy even near tall buildings or dense tree cover.
 [Buyer] Quick one - does it track sleep and HRV?
 [Merchant] Right, so It does - overnight HRV status, sleep stages, and a morning readiness score. Anything else you'd like to know?
 [Buyer] Quick one - is it waterproof for swimming?
 [Merchant] Yes, it carries a 5 ATM rating, so pool and open-water swimming are both fine. Anything else you'd like to know?
 [Buyer] What if I order 5 of these? Does the price change?
 [Merchant] Yes, bulk orders get a better rate. For 5+ units we offer meaningful savings.
 [Buyer] What's the rate on this one?
 [Merchant] It's 46,500 taka, all inclusive.
 [Buyer] Do you deliver outside Dhaka?
 [Merchant] We offer home delivery all over Bangladesh via Steadfast/Pathao. Inside Dhaka is 100 taka (24 hours), Outside Dhaka is 160 taka (48-72 hours). For order confirmation, a 500 taka advance via bKash is mandatory. The balance is full Cash on Delivery (COD).
 [Buyer] Is the advance strictly necessary? I'd rather do full COD.
 [Merchant] We sympathize, but this is a strict company policy for items over 10,000 taka to prevent fake orders. You can verify our trade license and physical store in Multiplan Center.
 [Buyer] Sure, I'll pay the advance. Please share your bKash number.
 [Merchant] Thank you for understanding! Please send 500 taka to 01780607777 (Merchant) and share the TrxID.
 [Buyer] Sent 500 taka. TrxID is BK69X602P. Please deliver to: House 14, Road 3, Dhanmondi, Dhaka. Mobile: 01687654321.
 [Merchant] Payment received and verified. Your order is confirmed. The remaining 46,100 taka will be collected on delivery.",yes,PURCHASE_COMMITTED,LowBaller,Garmin Forerunner 265 GPS Watch,Sports & Fitness
10384,ENG_385,"[Buyer] hi saw ur post about teh Garmin Forerunner 265 GPS Watch got it in stock
 [Merchant] Hello! Yes indeed, we have it completely in stock and ready to ship out to you today!
 [Buyer] cool whats the best price u can do
 [Merchant] right our standard price for this premium item is 46,500 taka
 [Buyer] hmm a bit high any discount plz
 [Merchant] I cannot go as low as 43,684, but since you are buying now, I can give you a special discounted price of 45,092 taka!
 [Buyer] ok deal 45,092 taka works lock it in pls how much is delivery charge
 [Merchant] Delivery is just 100 taka inside Dhaka and 160 taka for outside Dhaka, and every shipment is fully insured! We just need a 500 taka advance via bKash to book the courier, and the rest will be Cash on Delivery.
 [Buyer] ok got it sending teh advance right now
 [Merchant] Thanks so much for trusting us! Kindly transfer the 500 taka to 01719388425 (Merchant) and send us the TrxID right after.
 [Buyer] done sent 500 taka trx id BK64X446P ship to Station Road, Gopalganj Sadar, Gopalganj ph 01819876543
 [Merchant] ok payment received and verified successfully! Your order is now confirmed, and the remaining 44,692 taka will be collected as Cash on Delivery when it arrives.",yes,PURCHASE_COMMITTED,Standard,Garmin Forerunner 265 GPS Watch,Sports & Fitness
10385,ENG_386,"[Buyer] ok viofo A129 Pro Duo 4K Dash Cam... u got it? reply fast plz
 [Merchant] Hello! Yes, sir, it is currently in stock and ready to ship out today.
 [Buyer] wat options u selling?
 [Merchant] We currently offer the Standard Bundle and the Bundle + HK3 Kit, ma'am.
 [Buyer] any warranty? is it genuine? for how long?
 [Merchant] rest assured, sir, you get a full 1 year of official warranty, and all claims are processed securely through our dedicated service desk.
 [Buyer] ok... is it box packed? not used?
 [Merchant] It is 100% official brand new, completely factory sealed, and includes every single accessory inside.
 [Buyer] gps hai isme?
 [Merchant] Yes ma'am, the bundled GPS mount records both speed and location right onto your footage, exactly as stated in the official specifications.
 [Buyer] does it come with a memory card?
 [Merchant] No sir, the MicroSD card is not included and must be bought separately; we always suggest using High Endurance cards for best performance.
 [Buyer] can I get the video on my phone over wifi?
 [Merchant] Yes, sir, it is equipped with dual-band 2.4GHz and 5GHz WiFi so you can quickly transfer videos straight to your phone.
 [Buyer] hmm... pirce batao kitna hoga last?
 [Merchant] The price is 23,500 taka, and that covers everything, ma'am
 [Buyer] ok dekhta hu thnx
 [Merchant] You are very welcome, sir. Please take all the time you need, and we remain at your service whenever you are ready.",no,DEFERRED_CONSIDERATION,LowBaller,Viofo A129 Pro Duo 4K Dash Cam,Automotive & Riding Gear
10386,ENG_387,"[Buyer] Hello, could you please tell me if the Fujifilm X-T30 II Mirrorless Camera is currently available?
 [Merchant] Hello there! Yes, it is fully in stock and ready for us to ship out to you today!
 [Buyer] Thank you. Could you please let me know if it comes with built-in image stabilization?
 [Merchant] No, the X-T30 II doesn't have IBIS, but don't worry! Stabilization comes from OIS lenses, just like the one in this bundle.
 [Buyer] I appreciate that. Does this particular bundle come with a kit lens, please?
 [Merchant] Yes it does! This package comes complete with the XC 15-45mm OIS PZ lens.
 [Buyer] Could you please tell me how many film simulation modes are built into it?
 [Merchant] Let me check... it features 18 classic Fujifilm film simulation modes, including popular ones like Classic Neg and Eterna!
 [Buyer] Thank you for checking. What is the exact sensor resolution, please?
 [Merchant] It features a 26.1MP X-Trans CMOS 4 APS-C sensor. Just let me know if you need anything else!
 [Buyer] That is wonderful. Could you please confirm if the item is brand new and completely unopened?
 [Merchant] Brand new, untouched, factory sealed! We never sell any refurbished or opened items here.
 [Buyer] Thank you for confirming. Is the camera actually here in your physical store right now?
 [Merchant] Yes, it is right here in our shop in hand! We can get it dispatched for you today.
 [Buyer] Thank you. Could you please tell me the final total price?
 [Merchant] The total is 98,000 taka, and that includes everything!
 [Buyer] Thank you very much. I need to review my finances at the month's end before I can buy it, so I will reach out to you later, please.
 [Merchant] Take all the time you need! The camera will be here, so just drop us a message whenever you're ready.",no,DEFERRED_CONSIDERATION,Skeptic,Fujifilm X-T30 II Mirrorless Camera,Audio & Visual Gear
10387,ENG_388,"[Buyer] Hello. Do you still have the Viofo A129 Pro Duo 4K Dash Cam?
 [Merchant] Hi there! Thanks for reaching out. We do have it available.
 [Buyer] Quick one - does it come with an SD card?
 [Merchant] No, the MicroSD card must be purchased separately. We recommend High Endurance cards. That's straight from the official spec sheet.
 [Buyer] One more on the specs. Does it have built-in WiFi to download videos?
 [Merchant] Good question. Yes, it features dual-band (2.4GHz & 5GHz) WiFi for fast video transfers to your phone.
 [Buyer] Another thing: is there a GPS logger?
 [Merchant] Yes, the bundled GPS mount stamps speed and location onto the footage.
 [Buyer] Is this ready stock or pre-order? I need to be sure.
 [Merchant] In hand and ready. You can even come see it at our outlet.
 [Buyer] Do you have a video of the actual product in your shop?
 [Merchant] Yes, I can share the import invoice. We're a registered importer.
 [Buyer] Perfect. Just confirming, this is a completely sealed, unopened unit right?
 [Merchant] Absolutely. It is completely intact, unopened, and comes with a 1-year official warranty.
 [Buyer] Great. What's your best price for this item?
 [Merchant] For the genuine sealed unit, the price is 23,500 taka.
 [Buyer] What are the delivery options and charges?
 [Merchant] We offer home delivery all over Bangladesh via Steadfast/Pathao. Inside Dhaka is 100 taka (24 hours), Outside Dhaka is 160 taka (48-72 hours). For order confirmation, a 500 taka advance via bKash is mandatory. The balance is full Cash on Delivery (COD).
 [Buyer] Fair enough. I'll send the 500 taka to confirm the booking.
 [Merchant] Thank you for understanding! Please send 500 taka to 01721265570 (Merchant) and share the TrxID.
 [Buyer] Sent 500 taka. TrxID is BK61X278P. Please deliver to: Agrabad Commercial Area, GEC Circle, Chattogram. Mobile: 01822334455.
 [Merchant] Payment received and verified. Your order is confirmed. The remaining 23,100 taka will be collected on delivery.",yes,PURCHASE_COMMITTED,Skeptic,Viofo A129 Pro Duo 4K Dash Cam,Automotive & Riding Gear
10388,ENG_389,"[Buyer] Hey, I am interested in purchasing the Viofo A129 Pro Duo 4K Dash Cam. Is it available?
 [Merchant] Hi! Absolutely, we have it ready for you.
 [Buyer] What if I order 5 of these? Does the price change?
 [Merchant] Yes, bulk orders get a better rate. For 5+ units we offer meaningful savings.
 [Buyer] How does it handle heat in summer?
 [Merchant] It uses a supercapacitor instead of a battery, which is far more heat-tolerant for Bangladesh summers.
 [Buyer] I had a technical question. Is the rear camera also 4K?
 [Merchant] To be precise, no, the front camera records in true 4K (Sony Exmor R), while the rear camera records in 1080p (Sony Starvis).
 [Buyer] One more on the specs. Does it have built-in WiFi to download videos?
 [Merchant] Yes, it features dual-band (2.4GHz & 5GHz) WiFi for fast video transfers to your phone.
 [Buyer] Also, is there a GPS logger?
 [Merchant] Right, so Yes, the bundled GPS mount stamps speed and location onto the footage.
 [Buyer] Thanks. How much does it cost in total?
 [Merchant] The current official price is 23,500 taka.
 [Buyer] I need it delivered to my home. What's the procedure?
 [Merchant] We offer home delivery all over Bangladesh via Steadfast/Pathao. Inside Dhaka is 100 taka (24 hours), Outside Dhaka is 160 taka (48-72 hours). Since it's a high-value item, our policy requires a 500 taka advance payment. You can pay the rest to the delivery man.
 [Buyer] Is the advance strictly necessary? I'd rather do full COD.
 [Merchant] It is standard procedure to avoid fake courier requests. We offer an open-box inspection in front of the rider before you pay the remaining COD amount.
 [Buyer] Alright, that makes sense. I will send the 500 taka advance.
 [Merchant] Thank you for understanding! Please send 500 taka to 01799694473 (Merchant) and share the TrxID.
 [Buyer] Sent 500 taka. TrxID is BK84X222P. Please deliver to: Building 24, Road 8, Mirpur DOHS, Dhaka. Mobile: 01819876543.
 [Merchant] Payment received and verified. Your order is confirmed. The remaining 23,100 taka will be collected on delivery.",yes,PURCHASE_COMMITTED,LowBaller,Viofo A129 Pro Duo 4K Dash Cam,Automotive & Riding Gear
10389,ENG_390,"[Buyer] Hi there, is the Fujifilm X-T30 II Mirrorless Camera available in ready stock?
 [Merchant] Hello sir/ma'am. Yes, it's currently available for immediate delivery.
 [Buyer] Is this worth it over the previous generation?
 [Merchant] It's a genuine step up, and more importantly ours is official stock with real warranty support.
 [Buyer] Good to see an active page for once.
 [Merchant] That's our policy - fast replies, no ghosting.
 [Buyer] I see. And How many film simulation modes does it have?
 [Merchant] Absolutely. It features 18 classic Fujifilm film simulation modes, including Classic Neg and Eterna.
 [Buyer] I see. And Does this include a kit lens?
 [Merchant] Right, so Yes, this package includes the XC 15-45mm OIS PZ lens.
 [Buyer] Quick one - what is the sensor resolution?
 [Merchant] It uses a 26.1MP X-Trans CMOS 4 APS-C sensor. Let me know if you need more detail.
 [Buyer] Another thing: can it shoot 4K video?
 [Merchant] Happy to clarify: yes, it records oversampled 4K/30p video with no crop. Anything else you'd like to know?
 [Buyer] Understood. Could you let me know the current price?
 [Merchant] The item is priced at 98,000 taka.
 [Buyer] How fast can you deliver it to my address?
 [Merchant] We offer home delivery all over Bangladesh via Steadfast/Pathao. Inside Dhaka is 100 taka (24 hours), Outside Dhaka is 160 taka (48-72 hours). For order confirmation, a 500 taka advance via bKash is mandatory. The balance is full Cash on Delivery (COD).
 [Buyer] Too many scam pages these days. Why should I trust you with an advance?
 [Merchant] Okay, since you're local and reachable by phone, we'll do full COD this time.
 [Buyer] Great, full COD works for me. Let's do it.
 [Merchant] Perfect. Please share your full delivery address and mobile number to book the parcel.
 [Buyer] Address: Sector 7, Road 18, House 5, Uttara, Dhaka. Mobile: 01819876543.
 [Merchant] Order confirmed and booked. Full 98,100 taka is payable to the rider on delivery.",yes,PURCHASE_COMMITTED,Ghoster,Fujifilm X-T30 II Mirrorless Camera,Audio & Visual Gear
10390,ENG_391,"[Buyer] fujifilm x-t30 ii mirrorless camera... u got it? hope this is real...
 [Merchant] Yes absolutely! The amazing Fujifilm X-T30 II Mirrorless Camera is ready to ship out today, order fast before it sells out!
 [Buyer] lowest price? no hidden fees right?
 [Merchant] It is an incredible deal at just 98,000 taka, all inclusive! Grab yours now while supplies last!
 [Buyer] only one color? or more... plz check properly
 [Merchant] We are fully stocked with gorgeous choices right now: Silver, Charcoal Black. Pick your favorite today!
 [Buyer] wait... does it actually do 4k? not sure if i can trust this
 [Merchant] Absolutely 100% verified! Yes, it records oversampled 4K/30p video with no crop. Incredible quality for your projects!
 [Buyer] hmm ok... thnx i guess
 [Merchant] Thanks for checking with us. Take care.",no,DEFERRED_CONSIDERATION,Ghoster,Fujifilm X-T30 II Mirrorless Camera,Audio & Visual Gear
10391,ENG_392,"[Buyer] Hi there, is the Garmin Forerunner 265 GPS Watch available in ready stock?
 [Merchant] Greetings! Yes, we have brand new units in stock.
 [Buyer] Is this ready stock or pre-order? I need to be sure.
 [Merchant] In hand and ready. You can even come see it at our outlet.
 [Buyer] Do you have a video of the actual product in your shop?
 [Merchant] Sure, sending a live photo of the sealed unit from our shelf right now.
 [Buyer] Who handles warranty claims if something goes wrong?
 [Merchant] Full 1-year warranty. Just bring the invoice and we handle the rest.
 [Buyer] Great. What condition is it in? Is it 100% intact?
 [Merchant] Yes, it is 100% official brand new, factory sealed with all accessories.
 [Buyer] Also, can I store music directly on the watch?
 [Merchant] Happy to clarify: absolutely, it has 8GB of internal storage so you can download Spotify playlists for phone-free running.
 [Buyer] I see. And Is it waterproof for swimming?
 [Merchant] Good question. Yes, it carries a 5 ATM rating, so pool and open-water swimming are both fine. Hope that helps!
 [Buyer] Another thing: how accurate is the GPS in the city?
 [Merchant] Happy to clarify: it uses Multi-band GNSS technology, providing excellent accuracy even near tall buildings or dense tree cover.
 [Buyer] What is the battery life in smartwatch mode?
 [Merchant] Good question. It lasts up to 13 days in smartwatch mode, or up to 20 hours in GPS mode.
 [Buyer] Okay, that sounds good. How much are you asking for it?
 [Merchant] The item is priced at 46,500 taka.
 [Buyer] That's a bit steep. Can you offer any discount on that?
 [Merchant] For you, 45,237 taka. That's genuinely the floor.
 [Buyer] Can you shave off a little more? Round it to 44,937 taka and I'll confirm now.
 [Merchant] You drive a hard bargain. 44,937 taka, final.
 [Buyer] Alright, 44,937 taka sounds fair. I'll take it. How fast can you deliver it to my address?
 [Merchant] Delivery is 100 taka inside Dhaka and 160 taka outside. We dispatch immediately upon order confirmation. Since it's a high-value item, our policy requires a 500 taka advance payment. You can pay the rest to the delivery man.
 [Buyer] Is the advance strictly necessary? I'd rather do full COD.
 [Merchant] It is standard procedure to avoid fake courier requests. We offer an open-box inspection in front of the rider before you pay the remaining COD amount.
 [Buyer] Fair enough. I'll send the 500 taka to confirm the booking.
 [Merchant] Thank you for understanding! Please send 500 taka to 01750178053 (Merchant) and share the TrxID.
 [Buyer] Sent 500 taka. TrxID is BK15X749P. Please deliver to: Agrabad Commercial Area, GEC Circle, Chattogram. Mobile: 01687654321.
 [Merchant] Payment received and verified. Your order is confirmed. The remaining 44,537 taka will be collected on delivery.",yes,PURCHASE_COMMITTED,Skeptic,Garmin Forerunner 265 GPS Watch,Sports & Fitness
10392,ENG_393,"[Buyer] Hello, could you please tell me if the Keychron Q1 Pro Custom Keyboard is available right now?
 [Merchant] Hello there! Yes, it is fully in stock and we can ship it out to you today.
 [Buyer] Pardon me for asking again, but do you actually have it on hand, or is it something you need to order?
 [Merchant] We have it right here on our shelf, ready to go. No waiting for pre-orders, my friend!
 [Buyer] Does this keyboard support a wireless 2.4GHz dongle, or does it only work with Bluetooth 5.1, please?
 [Merchant] It supports Bluetooth 5.1 and also works in Type-C wired mode. Just to let you know, it does not include a 2.4GHz dongle.
 [Buyer] Thank you. Could you please let me know if the outer body is made of plastic or metal?
 [Merchant] that is a wonderful question. It features a gorgeous, fully CNC machined aluminum body. Feel free to ask if you need anything else!
 [Buyer] thank you for the information. What is teh layout size of this keyboard, please?
 [Merchant] It's a convenient 75% compact layout complete with a rotary knob, so you still get your arrow keys and function row!
 [Buyer] i appreciate that. Could you please tell me how much it weighs?
 [Merchant] Let me double-check that for you... The all-aluminum construction comes out to roughly 1.6 kg, meaning it sits very securely on your desktop. That information comes directly from the official specs.
 [Buyer] thank you very much. Could you please tell me the total cost?
 [Merchant] yes the price for this item is 18,500 taka
 [Buyer] Is the price set in stone, or is there some room for negotiation? I was hoping we could do 16,413, taka please.
 [Merchant] 16,413 is a bit too low for us, but since you are ready to make a quick deal, I can give it to you for 17,457 taka
 [Buyer] We have a deal at 17,457 taka then. Could you please let me know the delivery options and shipping fees?
 [Merchant] Shipping is 100 taka inside Dhaka and 160 taka for outside Dhaka. Every package is fully insured. Since this is a high-value piece, our store policy asks for a small 500 taka advance, and the rest can be paid to the delivery person.
 [Buyer] I am terribly sorry, but there are so many sketchy pages nowadays. Is there any good reason I should trust you wiht an advance payment?
 [Merchant] We totally understand your concern! That advance is just standard policy to filter out fake bookings. Plus, we always allow an open-box check in front of the delivery rider before you hand over the remaining COD cash.
 [Buyer] okay, that sounds completely reasonable and reassuring. I will go ahead and send the 500 taka advance, please.
 [Merchant] We really appreciate your trust! Please transfer 500 taka to our merchant account at 01760486353 and drop the TrxID here.
 [Buyer] I have sent the 500 taka. The TrxID is BK35X967P. Please deliver it to: Shaheb Bazar, Master Para, Rajshahi, and my mobile number is 01712349911. Thank you!
 [Merchant] yes we have received and checked your payment successfully. Your order is officially confirmed! The remaining balance of 17,057 taka will be collected when it arrives.",yes,PURCHASE_COMMITTED,DeliveryObsessed,Keychron Q1 Pro Custom Keyboard,Computing & Peripherals
10393,ENG_394,"[Buyer] hello there... hope you are having a nice day. do u guys happen to have the Garmin Forerunner 265 GPS Watch right now?
 [Merchant] Greetings. The item is currently in stock, verified authentic, and backed by our full official warranty. We are fully prepared to dispatch orders today.
 [Buyer] thats awesome... umm quick thing, does it keep track of my sleep and hrv properly?
 [Merchant] We are pleased to confirm that this model includes comprehensive biometric tracking, featuring overnight HRV status, detailed sleep stage analysis, and a verified morning training readiness score. All units carry our authenticity guarantee.
 [Buyer] oh nice... just to double check, does this particular version come with the AMOLED screen?
 [Merchant] To be completely precise according to the official manufacturer specifications, yes, the Forerunner 265 features a high-resolution AMOLED touchscreen. Every unit we supply is 100 percent original with full manufacturer warranty support.
 [Buyer] how well does the GPS hold up when u walk around downtown?
 [Merchant] It utilizes advanced Multi-band GNSS technology, engineered to maintain high-precision tracking accuracy even in complex urban environments with tall structures. This is a standard feature covered under our hardware warranty policy.
 [Buyer] sounds super cool... is the box totally sealed and untouched?
 [Merchant] Affirmative. We exclusively distribute genuine, factory-sealed electronics. Your purchase arrives brand new in box, fully protected by our standard return policy and warranty.
 [Buyer] u guys have different colors to pick from or just one?
 [Merchant] The currently stocked color variants are Black/Powder Grey, Whitestone, and Aqua. All variants are genuine factory items covered by our authenticity guarantee.
 [Buyer] thnx... what is the final price for it?
 [Merchant] The current retail pricing is set at 46,500 taka, inclusive of all standard accessories and our official store warranty.
 [Buyer] ah damn thats a bit too high for me right now... sorry but I think I will pass on this
 [Merchant] Understood completely. Thank you for your inquiry and for considering our store. You are welcome to review our catalog anytime for future genuine electronics and warranty-backed offers.",no,INQUIRY_DROPOUT,TechSpecsNerd,Garmin Forerunner 265 GPS Watch,Sports & Fitness
10394,ENG_395,"[Buyer] dyson Purifier Cool TP07 available? got it?
 [Merchant] good day, ma'am. Yes, the Dyson Purifier Cool TP07 is currently in our ready stock.
 [Buyer] hope thsi isnt a scam page...
 [Merchant] Please be assured, ma'am. Our support team is online daily from 10 AM to 10 PM to assist you.
 [Buyer] wifi achhe? does it connect?
 [Merchant] Yes ma'am, it has built-in WiFi. You can monitor air quality in real-time and control it smoothly using the MyDyson app.
 [Buyer] is it original and brand new? not a duplicate?
 [Merchant] Everything is 100% brand new with the factory seal intact, ma'am. We never deal in refurbished units.
 [Buyer] is this better than the lower model?
 [Merchant] The main advantages of this model are the superior build quality and the reliable warranty backing. Cheaper alternative listings are typically grey-market imports lacking local service support
 [Buyer] well any other color... or just one?
 [Merchant] sure we have White/Silver and Black/Nickel ready for you, ma'am, and both options are at the exact same price.
 [Buyer] what is the price?
 [Merchant] The price for this unit is 68,000 taka, ma'am.
 [Buyer] too high. 65,001 taka dile nite pari.
 [Merchant] Since you are placing the order today, ma'am, I can offer a special discounted price of 66,501 taka.
 [Buyer] how does delivery work... how will I receive it?
 [Merchant] We ship securely all across Bangladesh through Steadfast or Pathao. Delivery inside Dhaka is 100 taka taking 24 hours, while outside Dhaka is 160 taka taking 48 to 72 hours, ma'am.
 [Buyer] thnx... bujhsi.
 [Merchant] You are very welcome, ma'am. Thank you for getting in touch with us today",no,DEFERRED_CONSIDERATION,Ghoster,Dyson Purifier Cool TP07,Home & Kitchen Appliances
10395,ENG_396,"[Buyer] Good afternoon, I am looking for the Samsung T7 Shield 2TB Portable SSD. Can you confirm stock?
 [Merchant] Hi! Absolutely, we have it ready for you.
 [Buyer] Another thing: is it water resistant?
 [Merchant] Checking the spec sheet - it has an IP65 rating for water and dust resistance, making it great for outdoor shoots. Anything else you'd like to know?
 [Buyer] I had a technical question. Can I record Apple ProRes directly to it from an iPhone 15 Pro?
 [Merchant] Happy to clarify: yes, it is fully compatible for direct ProRes 4K recording from the iPhone 15 Pro. Let me know if you need more detail.
 [Buyer] Another thing: is it rugged and drop-resistant?
 [Merchant] To be precise, yes, it has a tough rubberized exterior and can survive drops from up to 3 meters.
 [Buyer] Great. What's your best price for this item?
 [Merchant] Our selling price for this unit is 22,500 taka.
 [Buyer] What is your last price? I will take it for 20,090 taka.
 [Merchant] I can't do 20,090, but as a special offer for a quick deal, I can offer 21,295 taka.
 [Buyer] Can you shave off a little more? Round it to 21,095 taka and I'll confirm now.
 [Merchant] Okay, 21,095 taka. But that's absolutely the last adjustment.
 [Buyer] Okay, I'm happy with 21,095 taka. Book it for me. What are the delivery options and charges?
 [Merchant] We use premium courier services. It takes 1 day for Dhaka (100 taka) and 2-3 days outside (160 taka). For order confirmation, a 500 taka advance via bKash is mandatory. The balance is full Cash on Delivery (COD).
 [Buyer] Is the advance strictly necessary? I'd rather do full COD.
 [Merchant] Alright, for you we'll waive the advance this once. Full COD, but please receive the parcel - rejections cost us.
 [Buyer] Great, full COD works for me. Let's do it.
 [Merchant] Perfect. Please share your full delivery address and mobile number to book the parcel.
 [Buyer] Address: House 14, Road 3, Dhanmondi, Dhaka. Mobile: 01734567890.
 [Merchant] Order confirmed and booked. Full 21,195 taka is payable to the rider on delivery.",yes,PURCHASE_COMMITTED,DeliveryObsessed,Samsung T7 Shield 2TB Portable SSD,Computing & Peripherals
10396,ENG_397,"[Buyer] Keychron Q1 Pro Custom Keyboard in stock?
 [Merchant] hello! Yes indeed, we have it fully in stock and ready to ship out to you.
 [Buyer] Weight?
 [Merchant] Sure thing! It features a solid full aluminum build weighing around 1.6 kg, so it stays firmly planted on your desk. Feel free to ask if you need anything else!
 [Buyer] Switch types?
 [Merchant] looking at the specs right now... it comes pre-installed with Keychron K Pro Banana tactile switches, plus the board is completely hot-swappable!
 [Buyer] Understood. Will update.
 [Merchant] No problem at all, noted! Thanks so much for reaching out to us today",no,DEFERRED_CONSIDERATION,Comparator,Keychron Q1 Pro Custom Keyboard,Computing & Peripherals
10397,ENG_398,"[Buyer] fujifilm x-t30 ii mirrorless camera available rn? plz confirm
 [Merchant] yes hello, ma'am! Yes, it is currently in stock and we can dispatch it for you today.
 [Buyer] who fixes it if something breaks
 [Merchant] It comes with an official 1-year coverage. Please note that physical damage and water damage are excluded, as is standard
 [Buyer] got mic jack?
 [Merchant] Let me review the specifications for you. Yes, there is a 3.5mm mic jack, and you can also handle headphone monitoring through the USB-C adapter. Please let me know if you would like any further details.
 [Buyer] k... does it have ibis btw
 [Merchant] I am happy to clarify that for you: no, the X-T30 II does not feature in-body image stabilization. Stabilization depends entirely on OIS-equipped lenses, such as teh one included in your kit
 [Buyer] one more thing does it do 4k
 [Merchant] Let me check our spec sheet again to be certain. Yes, it records oversampled 4K/30p video without any crop.
 [Buyer] makes sense lemme think about it and ill text u later
 [Merchant] There is no rush at all, sir. Take your time, and just message us whenever you are ready.",no,DEFERRED_CONSIDERATION,Skeptic,Fujifilm X-T30 II Mirrorless Camera,Audio & Visual Gear
10398,ENG_399,"[Buyer] Hello, is the Garmin Forerunner 265 GPS Watch currently in stock?
 [Merchant] Greetings! Yes, we have brand new units in stock.
 [Buyer] Sorry, one more time: is this in hand, or do you have to bring it in?
 [Merchant] In hand and ready. You can even come see it at our outlet.
 [Buyer] Does it track sleep and HRV?
 [Merchant] Happy to clarify: it does - overnight HRV status, sleep stages, and a morning readiness score.
 [Buyer] I see. And How accurate is the GPS in the city?
 [Merchant] Absolutely. It uses Multi-band GNSS technology, providing excellent accuracy even near tall buildings or dense tree cover.
 [Buyer] I had a technical question. Can I store music directly on the watch?
 [Merchant] Good question. Absolutely, it has 8GB of internal storage so you can download Spotify playlists for phone-free running. That's straight from the official spec sheet.
 [Buyer] Awesome. Before we proceed, is it completely brand new and factory sealed?
 [Merchant] Yes, it is 100% official brand new, factory sealed with all accessories.
 [Buyer] Does the warranty cover manufacturing defects?
 [Merchant] Full 1-year warranty. Just bring the invoice and we handle the rest.
 [Buyer] Can you send me a real photo of the actual unit, not a stock image?
 [Merchant] Of course - here's a short video of the actual box in our showroom.
 [Buyer] Great. What's your best price for this item?
 [Merchant] Our selling price for this unit is 46,500 taka.
 [Buyer] I've seen it slightly cheaper elsewhere. Can you do 45,299 taka?
 [Merchant] I can't do 45,299, but as a special offer for a quick deal, I can offer 45,900 taka.
 [Buyer] Okay, I'm happy with 45,900 taka. Book it for me. Okay, how does the delivery process work?
 [Merchant] We offer home delivery all over Bangladesh via Steadfast/Pathao. Inside Dhaka is 100 taka (24 hours), Outside Dhaka is 160 taka (48-72 hours). Since it's a high-value item, our policy requires a 500 taka advance payment. You can pay the rest to the delivery man.
 [Buyer] Too many scam pages these days. Why should I trust you with an advance?
 [Merchant] It is standard procedure to avoid fake courier requests. We offer an open-box inspection in front of the rider before you pay the remaining COD amount.
 [Buyer] Okay, I understand. I'll trust your page this time. Sending the advance now.
 [Merchant] Thank you for understanding! Please send 500 taka to 01717134306 (Merchant) and share the TrxID.
 [Buyer] Sent 500 taka. TrxID is BK18X689P. Please deliver to: Apartment 6B, House 42, Road 11, Banani, Dhaka. Mobile: 01711223388.
 [Merchant] Payment received and verified. Your order is confirmed. The remaining 45,500 taka will be collected on delivery.",yes,PURCHASE_COMMITTED,TrustSeeker,Garmin Forerunner 265 GPS Watch,Sports & Fitness
10399,ENG_400,"[Buyer] Hello! I saw your post regarding the Viofo A129 Pro Duo 4K Dash Cam. Do you have it?
 [Merchant] Hello! In stock and ready to dispatch today.
 [Buyer] Thanks. How much does it cost in total?
 [Merchant] We are currently offering it for 23,500 taka.
 [Buyer] What makes your listing different from the ones on Daraz?
 [Merchant] We're an authorized reseller with a physical outlet. If anything fails, you have somewhere to go.
 [Buyer] What if I order 5 of these? Does the price change?
 [Merchant] Yes, bulk orders get a better rate. For 5+ units we offer meaningful savings.
 [Buyer] Which colors do you have in stock?
 [Merchant] We currently stock Standard Bundle, Bundle + HK3 Kit. All at the same price.
 [Buyer] Great. What condition is it in? Is it 100% intact?
 [Merchant] Absolutely. It is completely intact, unopened, and comes with a 1-year official warranty.
 [Buyer] Does it record while parked?
 [Merchant] Checking the spec sheet - yes, but you need to purchase and install the optional HK3 Hardwire Kit to enable buffered parking mode. Anything else you'd like to know?
 [Buyer] Another thing: is the rear camera also 4K?
 [Merchant] Good question. No, the front camera records in true 4K (Sony Exmor R), while the rear camera records in 1080p (Sony Starvis). Let me know if you need more detail.
 [Buyer] Okay, how does the delivery process work?
 [Merchant] We offer home delivery all over Bangladesh via Steadfast/Pathao. Inside Dhaka is 100 taka (24 hours), Outside Dhaka is 160 taka (48-72 hours). To confirm the order, we require a small 500 taka advance via bKash to cover the courier booking fee. The rest is Cash on Delivery.
 [Buyer] I am not comfortable sending an advance. I've had bad experiences with pages taking advance and blocking. Can you do full COD?
 [Merchant] We sympathize, but this is a strict company policy for items over 10,000 taka to prevent fake orders. You can verify our trade license and physical store in Multiplan Center.
 [Buyer] Fair enough. I'll send the 500 taka to confirm the booking.
 [Merchant] Thank you for understanding! Please send 500 taka to 01712504114 (Merchant) and share the TrxID.
 [Buyer] Sent 500 taka. TrxID is BK76X653P. Please deliver to: Flat 3A, House 7, Road 27, Mohammadpur, Dhaka. Mobile: 01822334455.
 [Merchant] Payment received and verified. Your order is confirmed. The remaining 23,160 taka will be collected on delivery.",yes,PURCHASE_COMMITTED,LowBaller,Viofo A129 Pro Duo 4K Dash Cam,Automotive & Riding Gear
10400,ENG_401,"[Buyer] Hello, could you please tell me if the Garmin Forerunner 265 GPS Watch is currently in ready stock? Thank you
 [Merchant] Greetings. Yes, we confirm that the product is in stock and available for immediate fulfillment
 [Buyer] Thank you. Could you please let me know what the final price for this item is?
 [Merchant] Our standard retail price is strictly 46,500 taka as per official company policy.
 [Buyer] Thank you for letting me know. Before moving forward, could you please confirm if it is entirely brand new and factory sealed?
 [Merchant] We guarantee that all units are 100 percent factory sealed with original packaging intact. We strictly prohibit refurbished or open-box items.
 [Buyer] Could you please tell me if I can save music directly on the watch?
 [Merchant] yes affirmative. It features 8GB of internal storage to facilitate offline music synchronization. Please let us know if you require any further technical clarification.
 [Buyer] could you please tell me if it monitors sleep and HRV as well? Thank you.
 [Merchant] Yes, comprehensive health tracking includes overnight HRV status, detailed sleep stages, and morning training readiness metrics, adhering to official specifications
 [Buyer] Could you please check if this specific model comes with an AMOLED screen?
 [Merchant] Affirmative, the Forerunner 265 is equipped with a high-resolution AMOLED display panel. We hope this answers your query.
 [Buyer] I see. Could you please tell me how accurate the GPS functions in city environments?
 [Merchant] It integrates advanced Multi-band GNSS technology, ensuring optimal tracking precision even amidst structural obstacles. We hope this addresses your concern.
 [Buyer] Could you please let me know who manages warranty claims if any issues arise?
 [Merchant] We provide an official 1-year replacement warranty covering manufacturing defects, which is processed directly at our designated service center.
 [Buyer] Would there be any possibility to get a slight discount, perhaps around 44,265 taka? Thank you
 [Merchant] We cannot accommodate 44,265, taka but as part of our authorized promotional discount, we can extend a final price of 45,383 taka
 [Buyer] We have a deal at 45,383 taka then. Could you please explain how the delivery procedure operates?
 [Merchant] Logistics fees are 100 taka for Dhaka and 160 taka for outside Dhaka. All shipments are fully insured. We require a 500 taka security deposit sent to our merchant bKash account, with the remaining balance handled via cash on delivery.
 [Buyer] That is completely clear, thank you. I will proceed to send the 500 taka advance right away.
 [Merchant] We appreciate your cooperation. Please remit the 500 taka to 01775174796 (Merchant) and provide the TrxID for verification purposes
 [Buyer] i have sent the 500 taka. The TrxID is BK49X868P. Could you please ship it to: Zindabazar, Lamabazar Road, Sylhet? Phone number is 01822334455. Thank you.
 [Merchant] payment successfully authenticated. Your order is officially confirmed, and the remaining balance of 44,983 taka will be collected upon delivery.",yes,PURCHASE_COMMITTED,Standard,Garmin Forerunner 265 GPS Watch,Sports & Fitness
10401,ENG_402,"[Buyer] Hello. Interested in the Garmin Forerunner 265 GPS Watch. Still selling?
 [Merchant] Hello! Yes, the Garmin Forerunner 265 GPS Watch is available in our ready stock.
 [Buyer] Great. What's your best price for this item?
 [Merchant] We are currently offering it for 46,500 taka.
 [Buyer] Can you send me a real photo of the actual unit, not a stock image?
 [Merchant] Attaching a real photo with our shop card next to it for verification.
 [Buyer] Does the warranty cover manufacturing defects?
 [Merchant] 1-year replacement warranty against manufacturing defects, processed at our outlet.
 [Buyer] How accurate is the GPS in the city?
 [Merchant] Happy to clarify: it uses Multi-band GNSS technology, providing excellent accuracy even near tall buildings or dense tree cover.
 [Buyer] I had a technical question. Does this model have the AMOLED screen?
 [Merchant] Let me confirm that for you. Yes, the Forerunner 265 features a bright, vibrant AMOLED touchscreen display.
 [Buyer] Is it waterproof for swimming?
 [Merchant] Yes, it carries a 5 ATM rating, so pool and open-water swimming are both fine. Hope that helps!
 [Buyer] I see. And Does it track sleep and HRV?
 [Merchant] To be precise, it does - overnight HRV status, sleep stages, and a morning readiness score.
 [Buyer] Sorry, one more time: is this in hand, or do you have to bring it in?
 [Merchant] It's physically in our shop, in hand. We can dispatch today.
 [Buyer] Any chance this is a used or open-box piece?
 [Merchant] Of course. It's an official global version, sealed box, with full warranty.
 [Buyer] What is your last price? I will take it for 43,695 taka.
 [Merchant] Since you are confirming today, I can meet you in the middle at 45,098 taka.
 [Buyer] 45,098 taka works. Please confirm my order. I need it delivered to my home. What's the procedure?
 [Merchant] Delivery charge is 100 taka for Dhaka, 160 taka outside. Packages are fully insured. We just need 500 taka sent to our merchant bKash as a security deposit for the courier. The remaining amount will be collected as COD.
 [Buyer] I am not comfortable sending an advance. I've had bad experiences with pages taking advance and blocking. Can you do full COD?
 [Merchant] We sympathize, but this is a strict company policy for items over 10,000 taka to prevent fake orders. You can verify our trade license and physical store in Multiplan Center.
 [Buyer] Fair enough. I'll send the 500 taka to confirm the booking.
 [Merchant] Thank you for understanding! Please send 500 taka to 01751741621 (Merchant) and share the TrxID.
 [Buyer] Sent 500 taka. TrxID is BK78X631P. Please deliver to: Sector 7, Road 18, House 5, Uttara, Dhaka. Mobile: 01923456789.
 [Merchant] Payment received and verified. Your order is confirmed. The remaining 44,698 taka will be collected on delivery.",yes,PURCHASE_COMMITTED,TrustSeeker,Garmin Forerunner 265 GPS Watch,Sports & Fitness
10402,ENG_403,"[Buyer] hey there, hope u are doing well! just wanted to check if the Garmin Forerunner 265 GPS Watch is available right now?
 [Merchant] Good day, sir! Thank you for getting in touch with us. Yes, we certainly have that piece in stock.
 [Buyer] oh nice... do u happen to know how long the battery lasts when using regular smartwatch mode?
 [Merchant] It can run for up to 13 days in smartwatch mode, or up to 20 hours while using GPS. Please let me know if you would like any further details, ma'am.
 [Buyer] thats wonderful to hear. before moving ahead, can u promise it is completely brand new and sealed properly?
 [Merchant] It is entirely brand new, untouched, with the factory seal completely intact. We never deal in refurbished items, sir
 [Buyer] that gives me peace of mind. is there any official warranty included, and how long does it last?
 [Merchant] you will receive a full 1 year of official warranty coverage. Any claims can be conveniently processed through our service desk, ma'am.
 [Buyer] umm would u mind snapping a quick photo of the actual sealed box next to todays date so I can see?
 [Merchant] Certainly, sir! I am sending a live snapshot of the sealed unit straight from our display shelf right this moment.
 [Buyer] looks great thnx. so what is the best and final price u can offer for this?
 [Merchant] our standard retail price for this specific unit is 46,500 taka, ma'am.
 [Buyer] come on, is that really the best? if u can do 44,412 taka I will take it right now.
 [Merchant] Since you are planning to confirm your purchase today, sir, I can compromise and meet you halfway at 45,456 taka.
 [Buyer] can u please lower it just a tiny bit more? if u make it 45,256 taka I will seal the deal instantly
 [Merchant] Very well, we can agree on 45,256 taka. However, please understand that this is our absolute final price adjustment, ma'am.
 [Buyer] deal then, 45,256 taka is totally fair! now do u guys deliver to homes, and how much is the shipping cost?
 [Merchant] We dispatch orders through trusted courier services. Delivery takes 1 day inside Dhaka for 100 taka, and 2 to 3 days for locations outside Dhaka for 160 taka. Because this is a high-value product, our store policy requires a mandatory advance payment of 500 taka, while the remaining balance can be paid upon delivery, sir.
 [Buyer] ah I usually prefer paying the entire amount when the package arrives at my door. is there any way we can bypass the advance?
 [Merchant] It is only a nominal 500 taka to secure the courier booking, ma'am. We maintain a strong 5-year track record with thousands of positive customer reviews, but unfortunately, we cannot make exceptions to this rule
 [Buyer] ok I understand completely, no worries at all. ill trust u guys this once and send over the advance payment now!
 [Merchant] we truly appreciate your cooperation and trust, sir! Please transfer the 500 taka to our merchant bKash number at 01785950559 and kindly share the TrxID with us.
 [Buyer] done! just sent the 500 taka. the TrxID is BK25X316P. please ship it to: House 102, Road 5, Block B, Bashundhara R/A, Dhaka. phone: 01734567890. thank u so much!
 [Merchant] We have successfully received and verified your payment, ma'am. Your order is now officially confirmed. The remaining balance of 44,856 taka will be collected by the delivery agent. Have a wonderful day!",yes,PURCHASE_COMMITTED,Skeptic,Garmin Forerunner 265 GPS Watch,Sports & Fitness
10403,ENG_404,"[Buyer] Hello, I would like to buy the Fujifilm X-T30 II Mirrorless Camera please. Is it in stock right now?
 [Merchant] Yes, in stock.
 [Buyer] ok could you please tell me if it is capable of shooting 4K video?
 [Merchant] records oversampled 4K/30p no crop.
 [Buyer] Thank you for that information. Does this camera happen to feature a microphone input please?
 [Merchant] 3.5mm mic jack yes. headphone monitoring via USB-C adapter. checked spec sheet.
 [Buyer] ok i appreciate your help. Does it include in-body image stabilization (IBIS) as well please?
 [Merchant] no IBIS. depends on OIS lenses like included one.
 [Buyer] Thank you for clarifying. Could you please let me know if a kit lens comes with this?
 [Merchant] yes XC 15-45mm OIS PZ lens included.
 [Buyer] Is this particular model worth buying compared to the older generation please?
 [Merchant] price diff usually grey market. ours official with papers.
 [Buyer] That is wonderful to hear. Could you please tell me your absolute best price for this?
 [Merchant] 98,000 taka all in.
 [Buyer] thank you. Could you please explain how the delivery process works?
 [Merchant] 100 taka inside dhaka 160 outside. ship right away. send 500 taka bKash advance for courier security, rest COD.
 [Buyer] I am so sorry, but I am really hesitant about sending money in advance. I have had bad experiences before. Would full cash on delivery be possible please?
 [Merchant] understand. advance just proves serious buyer & covers return shipping if rejected. check our reviews and shop address.
 [Buyer] Okay, that makes me feel a bit better. I will go ahead and send the 500 taka advance then. Thank you.
 [Merchant] thnx. send 500 taka to 01711512123 (Merchant) & give TrxID.
 [Buyer] I have sent the 500 taka. The TrxID is BK49X527P. Please deliver to House 14, Road 3, Dhanmondi, Dhaka, and my mobile number is 01822334455. Thank you so much.
 [Merchant] got it. confirmed. remaining 97,600 taka on delivery.",yes,PURCHASE_COMMITTED,TechSpecsNerd,Fujifilm X-T30 II Mirrorless Camera,Audio & Visual Gear
10404,ENG_405,"[Buyer] hey u guys got Viofo A129 Pro Duo 4K Dash Cam in stock rn?
 [Merchant] yes available right now ready to ship
 [Buyer] need it b4 tmrw evening tho... can u do dat?
 [Merchant] can rush order. confirm now ships with today courier pickup.
 [Buyer] wait is it used or like 100% brand new sealed?
 [Merchant] brand new official global version sealed box full warranty.
 [Buyer] gps logger included?
 [Merchant] yes comes with GPS mount records speed location on video.
 [Buyer] is back cam also 4k?
 [Merchant] front true 4K Sony Exmor R rear 1080p Sony Starvis. official specs.
 [Buyer] does it record parked cars too?
 [Merchant] yes parking mode works if u buy separate HK3 Hardwire Kit.
 [Buyer] got wifi to grab vids on phone?
 [Merchant] dual band 2.4GHz & 5GHz wifi built in for fast transfers.
 [Buyer] ok cool whats price plz?
 [Merchant] sealed authentic unit is 23,500 taka.
 [Buyer] want it shipped home how do i order?
 [Merchant] delivery via Steadfast/Pathao. inside Dhaka 100 taka 24h outside Dhaka 160 taka 48-72h.
 [Buyer] nah dat time wont work for me sry gonna buy local
 [Merchant] no prob thanks for checking.",no,INQUIRY_DROPOUT,DeliveryObsessed,Viofo A129 Pro Duo 4K Dash Cam,Automotive & Riding Gear
10405,ENG_406,"[Buyer] hello there, hope you are doing good... could you please let me know if the Breville Barista Express Espresso Machine is available right now?
 [Merchant] Hello, valued customer! Yes, it is currently in stock and ready to be dispatched to you today
 [Buyer] ah nice to hear that... umm if I end up grabbing 5 of them, is there any special discount on teh total?
 [Merchant] Yes, ma'am/sir, bulk purchases always qualify for a reduced rate. For orders of 5 or more units, we are happy to provide meaningful savings.
 [Buyer] got it... how does this one actually stack up against the model that sits right below it?
 [Merchant] right price variations typically stem from unofficial parallel imports in the market. Rest assured, our units are 100% official and come complete with all proper paperwork.
 [Buyer] oh that is great to know... roughly how long does it take to heat up fully?
 [Merchant] sure indeed! It takes approximately 30 seconds to go from cold to pulling your first shot, all thanks to the advanced Thermocoil heating system.
 [Buyer] just checking... can I manually texture milk properly so I can pour latte art?
 [Merchant] Let me confirm that detail for you. Yes, the high-performance steam wand lets you easily hand-texture microfoam milk, making it ideal for crafting latte art.
 [Buyer] that sounds wonderful... does it arrive completely untouched with the original factory seal intact?
 [Merchant] yes, we guarantee that every piece is entirely brand new and factory sealed. You will be the very first person to break the seal.
 [Buyer] alright then... what is the absolute final price for a single unit?
 [Merchant] right our current official retail price for this machine is 78,000 taka
 [Buyer] hmm a bit high for me... can you do 75,806 taka? I would love to take it off yuor hands for that.
 [Merchant] our profit margins are quite tight, but we certainly want to earn your business today. I can meet you halfway at 76,903 taka.
 [Buyer] hmm could you drop it just a tiny bit more? if you round it down to 76,603 taka I will seal the deal right now.
 [Merchant] you certainly drive a hard bargain, my friend. Very well, 76,603 taka is our absolute final price.
 [Buyer] awesome, I am totally fine with 76,603 taka then... please go ahead and book it for me, and also do you ship outside Dhaka?
 [Merchant] we partner with premium courier services for safe delivery. Shipping takes 1 day within Dhaka for 100 taka, adn 2 to 3 days for locations outside Dhaka costing 160 taka. Please note that a 500 taka advance payment via bKash is mandatory to confirm the order, while the remaining balance will be paid through Cash on Delivery.
 [Buyer] is that advance really necessary though? I would much prefer paying the full amount upon delivery.
 [Merchant] Sir, that small 500 taka is simply a security deposit for the courier handling. We maintain a solid 5-year track record with thousands of satisfied customer reviews, but unfortunately, we cannot bypass our advance policy.
 [Buyer] fair enough, I understand completely... I will put my trust in your page this time around and send the advance over shortly.
 [Merchant] We truly appreciate your trust and understanding! Kindly transfer the 500 taka to our merchant bKash number at 01741107818 and promptly share the transaction ID with us
 [Buyer] just sent the 500 taka over... the TrxID is BK84X816P. Please ship it to this address: Station Road, Gopalganj Sadar, Gopalganj. Reach me at mobile number 01734567890.
 [Merchant] yes we have successfully received and verified your payment. Your order is now officially confirmed. The remaining balance of 76,203 taka will be collected from you upon delivery.",yes,PURCHASE_COMMITTED,LowBaller,Breville Barista Express Espresso Machine,Home & Kitchen Appliances
10406,ENG_407,"[Buyer] hello, could you please tell me if the Viofo A129 Pro Duo 4K Dash Cam is currently in ready stock?
 [Merchant] Good day, ma'am! Thank you for connecting with us. Yes, we certainly have that item in stock and ready to ship
 [Buyer] That is wonderful. Could you kindly let me know what the exact final price is for this, please?
 [Merchant] Certainly, sir. The price is 23,500, taka and that is completely all inclusive.
 [Buyer] hmm i really need to receive thsi before tomorrow evening, please. Would delivery by then be possible?
 [Merchant] We will gladly expedite your delivery, ma'am. If you confirm your order right away, we will ensure it goes out with today's pickup
 [Buyer] well i understand. Can you also please tell me if it comes equipped with a GPS logger?
 [Merchant] right that is a great question, sir. Yes indeed, the included GPS mount automatically records and stamps both your speed and location onto the video footage.
 [Buyer] Thank you for explaining that. I just need to verify my month-end budget before making a final commitment, so I will message you back later, please
 [Merchant] Please take all the time you need, ma'am. There is no rush at all, and you are always welcome to message us whenever you are ready.",no,DEFERRED_CONSIDERATION,DeliveryObsessed,Viofo A129 Pro Duo 4K Dash Cam,Automotive & Riding Gear
10407,ENG_408,"[Buyer] hey, tryna grab the Viofo A129 Pro Duo 4K Dash Cam. u got it rn?
 [Merchant] Hello! Absolutely, we have the Viofo A129 Pro Duo 4K Dash Cam fully stocked and ready to go!
 [Buyer] right cool. before i buy, is it like 100% brand new n sealed?
 [Merchant] 100% guaranteed factory sealed! You will be the very first person to break the seal, total peace of mind!
 [Buyer] got warranty? for how long?
 [Merchant] it comes with a solid 1-year official warranty! As usual, physical and water damages are not covered
 [Buyer] what colors u got?
 [Merchant] You can choose between the Standard Bundle and the Bundle + HK3 Kit right now!
 [Buyer] ic... does it have gps logger?
 [Merchant] Yes indeed! The included GPS mount logs speed and exact location straight onto your video.
 [Buyer] one more thing... how does it deal wiht summer heat?
 [Merchant] Great question! It features a supercapacitor instead of a standard battery, handling intense heat much better!
 [Buyer] right is the back cam 4k too?
 [Merchant] Not quite! teh front shoots in true 4K using Sony Exmor R, while the rear captures crisp 1080p with Sony Starvis.
 [Buyer] can it record while park?
 [Merchant] Yes it can! You just need the optional HK3 Hardwire Kit for parking mode. Shall we lock this in for you?
 [Buyer] can u send a real pic of the actual box/unit? no stock pics plz
 [Merchant] Here is an authentic photo of teh actual box with our store card beside it for verification!
 [Buyer] how much is it?
 [Merchant] The official price right now is 23,500 taka!
 [Buyer] any discount plz? like 22,122 taka?
 [Merchant] We cannot drop it that low, I am so sorry! 23,500 taka is already our best price for authentic stock.
 [Buyer] ok thnx for explaining everything
 [Merchant] No problem at all! Feel free to reach back out whenever you are ready",no,INQUIRY_DROPOUT,Skeptic,Viofo A129 Pro Duo 4K Dash Cam,Automotive & Riding Gear
10408,ENG_409,"[Buyer] right hey looking at the Breville Barista Express Espresso Machine u got it in stock?
 [Merchant] Hello there! Absolutely, we have fresh brand new units ready to ship out today!
 [Buyer] is it actually better than the older version
 [Merchant] You get massive upgrades in build quality and full warranty support! Beware of cheaper listings online as they are usually risky grey-market imports with zero local service.
 [Buyer] how fast does it get hot
 [Merchant] It takes about 30 seconds from cold to first shot thanks to the Thermocoil! That is straight from the official spec sheet, so you won't wait long at all.
 [Buyer] whats the water tank size
 [Merchant] The removable tank holds 2 litres, which easily gets you roughly 15-18 double shots before needing a refill!
 [Buyer] ok ok got it whats the price now
 [Merchant] It is listed at 78,000 taka, an amazing investment for your daily coffee setup!
 [Buyer] ok any discount? 75,922 taka and i take it right now
 [Merchant] Since you are locking this in today, I can meet you halfway at 76,961 taka!
 [Buyer] almost there make it 76,661 taka and deal
 [Merchant] You drive a very tough bargain! Alright, 76,661 taka is your final special price
 [Buyer] thnx for the drop but need to think about it first before buying
 [Merchant] Thank you for reaching out to us today! Take all the time you need, adn have a wonderful day!",no,DEFERRED_CONSIDERATION,Comparator,Breville Barista Express Espresso Machine,Home & Kitchen Appliances
10409,ENG_410,"[Buyer] Hello, do you have the Garmin Forerunner 265 GPS Watch in stock? Please confirm.
 [Merchant] Hello sir/ma'am. Yes, it's currently available for immediate delivery.
 [Buyer] Any chance this is a used or open-box piece?
 [Merchant] Yes sir, we only deal in genuine, factory-sealed products. It's completely brand new.
 [Buyer] Does this model have the AMOLED screen?
 [Merchant] Yes, the Forerunner 265 features a bright, vibrant AMOLED touchscreen display. That's straight from the official spec sheet.
 [Buyer] What makes your listing different from the ones on Daraz?
 [Merchant] It's a genuine step up, and more importantly ours is official stock with real warranty support.
 [Buyer] Who handles warranty claims if something goes wrong?
 [Merchant] You get 1 year of official warranty. Claims are handled through our service desk.
 [Buyer] If I take 3 units, can you give a better per-unit rate?
 [Merchant] For 3 or more units we can discuss a corporate rate. Please share your requirement in detail.
 [Buyer] Okay, that sounds good. How much are you asking for it?
 [Merchant] The current official price is 46,500 taka.
 [Buyer] Could you give a small discount? My budget is closer to 43,637 taka.
 [Merchant] Margin is tight, but I want to make this sale. I'll agree to 45,069 taka.
 [Buyer] Meet me at 44,769 taka and I'll pay immediately.
 [Merchant] Okay, 44,769 taka. But that's absolutely the last adjustment.
 [Buyer] Deal at 44,769 taka. Let's proceed. How fast can you deliver it to my address?
 [Merchant] We offer home delivery all over Bangladesh via Steadfast/Pathao. Inside Dhaka is 100 taka (24 hours), Outside Dhaka is 160 taka (48-72 hours). We just need 500 taka sent to our merchant bKash as a security deposit for the courier. The remaining amount will be collected as COD.
 [Buyer] Why the advance? I want 100% Cash on Delivery without any prior payment.
 [Merchant] We sympathize, but this is a strict company policy for items over 10,000 taka to prevent fake orders. You can verify our trade license and physical store in Multiplan Center.
 [Buyer] Fair enough. I'll send the 500 taka to confirm the booking.
 [Merchant] Thank you for understanding! Please send 500 taka to 01783474695 (Merchant) and share the TrxID.
 [Buyer] Sent 500 taka. TrxID is BK49X992P. Please deliver to: House 102, Road 5, Block B, Bashundhara R/A, Dhaka. Mobile: 01819876543.
 [Merchant] Payment received and verified. Your order is confirmed. The remaining 44,369 taka will be collected on delivery.",yes,PURCHASE_COMMITTED,BulkBuyer,Garmin Forerunner 265 GPS Watch,Sports & Fitness
10410,ENG_411,"[Buyer] Good afternoon, I am looking for the Breville Barista Express Espresso Machine. Can you confirm stock?
 [Merchant] Hello sir/ma'am. Yes, it's currently available for immediate delivery.
 [Buyer] Great. What's your best price for this item?
 [Merchant] Our selling price for this unit is 78,000 taka.
 [Buyer] Which colors do you have in stock?
 [Merchant] Right now we have these in stock: Brushed Stainless Steel, Black Sesame.
 [Buyer] What size is the portafilter?
 [Merchant] Right, so It comes with a standard 54mm stainless steel portafilter.
 [Buyer] Could you give a small discount? My budget is closer to 75,702 taka.
 [Merchant] For you, 76,851 taka. That's genuinely the floor.
 [Buyer] Okay, I'm happy with 76,851 taka. Book it for me.
 [Merchant] To confirm the order, we require a small 500 taka advance via bKash to cover the courier booking fee. The rest is Cash on Delivery.
 [Buyer] Okay, I understand. I'll trust your page this time. Sending the advance now.
 [Merchant] Thank you for understanding! Please send 500 taka to 01726390368 (Merchant) and share the TrxID.
 [Buyer] Sent 500 taka. TrxID is BK31X565P. Please deliver to: Building 24, Road 8, Mirpur DOHS, Dhaka. Mobile: 01611778899.
 [Merchant] Payment received and verified. Your order is confirmed. The remaining 76,511 taka will be collected on delivery.",yes,PURCHASE_COMMITTED,Ghoster,Breville Barista Express Espresso Machine,Home & Kitchen Appliances
10411,ENG_412,"[Buyer] Hello, please. I am interested in purchasing the Dyson Purifier Cool TP07. Could you please tell me if you are still selling it?
 [Merchant] yes in stock
 [Buyer] Forgive me for asking again, but could you please clarify if this item is physically here with you right now, or if you need to bring it in from somewhere else?
 [Merchant] ready stock here. not pre-order.
 [Buyer] Thank you for letting me know. Could you please tell me if there are multiple color options available for this model, or is there only a single choice?
 [Merchant] White/Silver, Black/Nickel available now.
 [Buyer] I appreciate your help. Could you please tell me if this appliance actually cools down a room like a regular air conditioner would?
 [Merchant] no ac. fan and purifier only. circulates air, no compressor.
 [Buyer] Thank you for explaining that. Could you please tell me what exact kind of filters this machine uses?
 [Merchant] uses fully sealed HEPA H13 filter. catches 99.97% particles down to 0.3 microns.
 [Buyer] Thank you for the details. Could you please tell me if the machine makes a lot of noise when it runs at night?
 [Merchant] has night mode. lowers fan speed, dims display.
 [Buyer] Thank you very much. Could you please let me know the total cost for this item?
 [Merchant] 68,000 taka for genuine unit.
 [Buyer] That is a bit high for my budget, please. Would it be possible for you to offer any discount on that price?
 [Merchant] price is fixed at 68,000 taka. we give full warranty and original product.
 [Buyer] Okay, I understand completely. Thank you very much for your time and all the information, please have a wonderful day.
 [Merchant] thnx. bye",no,INQUIRY_DROPOUT,Urgent,Dyson Purifier Cool TP07,Home & Kitchen Appliances
10412,ENG_413,"[Buyer] Hi, quick question - Dyson Purifier Cool TP07, in stock right now?
 [Merchant] Greetings! Yes, we have brand new units in stock.
 [Buyer] I see. And How often do filters need replacing?
 [Merchant] Absolutely. Roughly every 12 months at 12 hours of daily use; the app tracks remaining filter life. Hope that helps!
 [Buyer] Does it cool the room like an AC?
 [Merchant] No, it is a fan and purifier. It circulates purified air but does not have a compressor to lower the room temperature.
 [Buyer] One more on the specs. Is it loud at night?
 [Merchant] There's a dedicated night mode that caps fan speed and dims the display. Hope that helps!
 [Buyer] How far does it oscillate?
 [Merchant] Happy to clarify: it features adjustable oscillation up to 350 degrees to project air across the whole room.
 [Buyer] Is there a choice of colors or finishes?
 [Merchant] You can pick from White/Silver, Black/Nickel.
 [Buyer] What's the rate on this one?
 [Merchant] For the genuine sealed unit, the price is 68,000 taka.
 [Buyer] Can you do anything better? 66,369 taka and I'll confirm right now.
 [Merchant] Since you are confirming today, I can meet you in the middle at 67,185 taka.
 [Buyer] Deal at 67,185 taka. Let's proceed. How fast can you deliver it to my address?
 [Merchant] Delivery is 100 taka inside Dhaka and 160 taka outside. We dispatch immediately upon order confirmation. For order confirmation, a 500 taka advance via bKash is mandatory. The balance is full Cash on Delivery (COD).
 [Buyer] Is the advance strictly necessary? I'd rather do full COD.
 [Merchant] I completely understand your concern. The advance simply ensures you are a serious buyer and covers our return shipping risk if the parcel is rejected. You can check our page reviews and physical shop address for peace of mind.
 [Buyer] Sure, I'll pay the advance. Please share your bKash number.
 [Merchant] Thank you for understanding! Please send 500 taka to 01740920341 (Merchant) and share the TrxID.
 [Buyer] Sent 500 taka. TrxID is BK51X175P. Please deliver to: Zindabazar, Lamabazar Road, Sylhet. Mobile: 01711223388.
 [Merchant] Payment received and verified. Your order is confirmed. The remaining 66,845 taka will be collected on delivery.",yes,PURCHASE_COMMITTED,Standard,Dyson Purifier Cool TP07,Home & Kitchen Appliances
10413,ENG_414,"[Buyer] hey need samsung t7 shield 2tb portable ssd is it in stock
 [Merchant] hello! Yes, the Samsung T7 Shield 2TB Portable SSD is fully in stock and ready to ship out today!
 [Buyer] gotta get it before tomoro evening can u do that
 [Merchant] We can definitely do same-day delivery inside Dhaka via Pathao, but it carries a slightly higher charge of around 200 taka!
 [Buyer] any colors left or jus one
 [Merchant] You have three great options to choose from: Black, Beige, and Blue!
 [Buyer] sure its not open box or used rite
 [Merchant] 100% brand new and factory sealed, absolutely! You will be the very first person to break the seal.
 [Buyer] wait is this in hand or preorder wanna be sure
 [Merchant] It is sitting right here in our physical shop, ready for immediate dispatch today!
 [Buyer] whats the speed like
 [Merchant] It blazes along with sequential read/write speeds up to 1050/1000 MB/s via USB 3.2 Gen 2!
 [Buyer] drop proof too or wat
 [Merchant] Absolutely, it features a rugged rubberized shell designed to survive drops from up to 3 meters without a scratch!
 [Buyer] how much is it
 [Merchant] Our best official price for this powerhouse is 22,500 taka!
 [Buyer] so come on whats the lowest 20,502 taka and i take it
 [Merchant] Since you are locking this in today, I will give you a special discount and meet you in the middle at 21,501 taka!
 [Buyer] 21,501 taka is fine lock it in how do we do delivery
 [Merchant] We ship nationwide via Steadfast and Pathao! Inside Dhaka is 100 taka taking 24 hours, and Outside Dhaka is 160 taka taking 48-72 hours. We just require a small 500 taka advance via bKash to secure your courier booking, and the rest will be cash on delivery.
 [Buyer] hmm sounds fair ill send 500 taka now
 [Merchant] right that is wonderful, thank you! Please send 500 taka to our merchant bKash number 01759468627 adn shoot over the TrxID right away.
 [Buyer] sent 500 taka trx BK59X987P ship to shaheb bazar master para rajshahi cell 01819876543
 [Merchant] sure payment successfully verified! Your order is now locked in and processing. The remaining balance of 21,101 taka will be collected upon delivery",yes,PURCHASE_COMMITTED,Urgent,Samsung T7 Shield 2TB Portable SSD,Computing & Peripherals
10414,ENG_415,"[Buyer] Hello, do you have the Garmin Forerunner 265 GPS Watch in stock? Please confirm.
 [Merchant] Hello! In stock and ready to dispatch today.
 [Buyer] Another thing: what is the battery life in smartwatch mode?
 [Merchant] Let me confirm that for you. It lasts up to 13 days in smartwatch mode, or up to 20 hours in GPS mode.
 [Buyer] Is it waterproof for swimming?
 [Merchant] Happy to clarify: yes, it carries a 5 ATM rating, so pool and open-water swimming are both fine. Let me know if you need more detail.
 [Buyer] Quick one - does it track sleep and HRV?
 [Merchant] Happy to clarify: it does - overnight HRV status, sleep stages, and a morning readiness score. Let me know if you need more detail.
 [Buyer] Awesome. Before we proceed, is it completely brand new and factory sealed?
 [Merchant] Absolutely. It is completely intact, unopened, and comes with a 1-year official warranty.
 [Buyer] What makes your listing different from the ones on Daraz?
 [Merchant] Price differences usually come from unofficial imports. Ours is official, with paperwork.
 [Buyer] Does this model have the AMOLED screen?
 [Merchant] Right, so Yes, the Forerunner 265 features a bright, vibrant AMOLED touchscreen display.
 [Buyer] Can I store music directly on the watch?
 [Merchant] Right, so Absolutely, it has 8GB of internal storage so you can download Spotify playlists for phone-free running.
 [Buyer] Quick one - what is the battery life in smartwatch mode?
 [Merchant] Good question. It lasts up to 13 days in smartwatch mode, or up to 20 hours in GPS mode. Anything else you'd like to know?
 [Buyer] Okay, thanks for the information.
 [Merchant] Understood. Feel free to message us any time.",no,DEFERRED_CONSIDERATION,Ghoster,Garmin Forerunner 265 GPS Watch,Sports & Fitness
10415,ENG_416,"[Buyer] Good afternoon, I am looking for the Samsung T7 Shield 2TB Portable SSD. Can you confirm stock?
 [Merchant] Hello! In stock and ready to dispatch today.
 [Buyer] Can I record Apple ProRes directly to it from an iPhone 15 Pro?
 [Merchant] Good question. Yes, it is fully compatible for direct ProRes 4K recording from the iPhone 15 Pro.
 [Buyer] Another thing: what are the read and write speeds?
 [Merchant] It delivers sequential read/write speeds of up to 1050/1000 MB/s via USB 3.2 Gen 2.
 [Buyer] Also, what cables are included?
 [Merchant] Certainly. You get both USB-C to C and USB-C to A cables in the box. That's straight from the official spec sheet.
 [Buyer] Another thing: does it work with both Windows and Mac?
 [Merchant] Right, so Yes, it ships exFAT formatted and works on Windows, macOS, and Android out of the box. That's straight from the official spec sheet.
 [Buyer] What makes your listing different from the ones on Daraz?
 [Merchant] It's a genuine step up, and more importantly ours is official stock with real warranty support.
 [Buyer] Thanks. How much does it cost in total?
 [Merchant] It's 22,500 taka, all inclusive.
 [Buyer] Okay, how does the delivery process work?
 [Merchant] Delivery charge is 100 taka for Dhaka, 160 taka outside. Packages are fully insured. For order confirmation, a 500 taka advance via bKash is mandatory. The balance is full Cash on Delivery (COD).
 [Buyer] Why the advance? I want 100% Cash on Delivery without any prior payment.
 [Merchant] Sir, it's just 500 taka for courier security. We have a solid 5-year track record and thousands of reviews. We cannot bypass this policy, unfortunately.
 [Buyer] Fair enough. I'll send the 500 taka to confirm the booking.
 [Merchant] Thank you for understanding! Please send 500 taka to 01775394009 (Merchant) and share the TrxID.
 [Buyer] Sent 500 taka. TrxID is BK91X264P. Please deliver to: Station Road, Gopalganj Sadar, Gopalganj. Mobile: 01712349911.
 [Merchant] Payment received and verified. Your order is confirmed. The remaining 22,100 taka will be collected on delivery.",yes,PURCHASE_COMMITTED,LowBaller,Samsung T7 Shield 2TB Portable SSD,Computing & Peripherals
10416,ENG_417,"[Buyer] Good afternoon, I am looking for the Samsung T7 Shield 2TB Portable SSD. Can you confirm stock?
 [Merchant] Hello sir/ma'am. Yes, it's currently available for immediate delivery.
 [Buyer] Any chance this is a used or open-box piece?
 [Merchant] Of course. It's an official global version, sealed box, with full warranty.
 [Buyer] I see. And What are the read and write speeds?
 [Merchant] Right, so It delivers sequential read/write speeds of up to 1050/1000 MB/s via USB 3.2 Gen 2. That's straight from the official spec sheet.
 [Buyer] Does it work with both Windows and Mac?
 [Merchant] Yes, it ships exFAT formatted and works on Windows, macOS, and Android out of the box.
 [Buyer] Is it rugged and drop-resistant?
 [Merchant] Yes, it has a tough rubberized exterior and can survive drops from up to 3 meters. That's straight from the official spec sheet.
 [Buyer] Another thing: what cables are included?
 [Merchant] Yes - you get both USB-C to C and USB-C to A cables in the box. Let me know if you need more detail.
 [Buyer] Thanks. How much does it cost in total?
 [Merchant] We are currently offering it for 22,500 taka.
 [Buyer] Is the price fixed or negotiable? I was hoping for 20,040 taka.
 [Merchant] I can't do 20,040, but as a special offer for a quick deal, I can offer 21,270 taka.
 [Buyer] Can you shave off a little more? Round it to 20,970 taka and I'll confirm now.
 [Merchant] You drive a hard bargain. 20,970 taka, final.
 [Buyer] Almost there. Do 20,770 taka and it's a deal.
 [Merchant] Okay, 20,770 taka. But that's absolutely the last adjustment.
 [Buyer] Okay, I'm happy with 20,770 taka. Book it for me. How fast can you deliver it to my address?
 [Merchant] Delivery is 100 taka inside Dhaka and 160 taka outside. We dispatch immediately upon order confirmation. Since it's a high-value item, our policy requires a 500 taka advance payment. You can pay the rest to the delivery man.
 [Buyer] I am not comfortable sending an advance. I've had bad experiences with pages taking advance and blocking. Can you do full COD?
 [Merchant] We sympathize, but this is a strict company policy for items over 10,000 taka to prevent fake orders. You can verify our trade license and physical store in Multiplan Center.
 [Buyer] Alright, that makes sense. I will send the 500 taka advance.
 [Merchant] Thank you for understanding! Please send 500 taka to 01794706624 (Merchant) and share the TrxID.
 [Buyer] Sent 500 taka. TrxID is BK65X634P. Please deliver to: Apartment 6B, House 42, Road 11, Banani, Dhaka. Mobile: 01687654321.
 [Merchant] Payment received and verified. Your order is confirmed. The remaining 20,370 taka will be collected on delivery.",yes,PURCHASE_COMMITTED,LowBaller,Samsung T7 Shield 2TB Portable SSD,Computing & Peripherals
10417,ENG_418,"[Buyer] got Viofo A129 Pro Duo 4K Dash Cam?
 [Merchant] Hello, sir! Yes, the Viofo A129 Pro Duo 4K Dash Cam is fully in stock and ready to ship.
 [Buyer] sure it's brand new? no used or fake stuff right?
 [Merchant] You have my word, ma'am, it is 100% brand new and factory sealed. You will be the very first person to break the seal.
 [Buyer] memory card included or extra?
 [Merchant] No, the MicroSD card is sold separately, sir. We strongly suggest using High Endurance cards for reliability.
 [Buyer] gps inside?
 [Merchant] Yes indeed, sir! It comes with the bundled GPS mount that logs your speed and location directly onto the recorded video, as stated in the official specifications.
 [Buyer] will it melt in summer sun...
 [Merchant] Rest assured, it operates on a supercapacitor rather than a standard battery, making it exceptionally heat-resistant for harsh summer conditions.
 [Buyer] wifi for phone?
 [Merchant] Let me double-check the spec sheet - yes, sir, it features dual-band (2.4GHz & 5GHz) WiFi so you can transfer videos to your phone in no time.
 [Buyer] send real pic then. not downloaded one.
 [Merchant] Certainly, ma'am. I am taking a live picture of the actual sealed box from our shelf right now and sending it over.
 [Buyer] if it breaks who fixes it...
 [Merchant] We provide a complete 1-year warranty, sir. Just bring the invoice to us and we will take care of everything.
 [Buyer] ok... price?
 [Merchant] The current official price for this model is 23,500 taka, sir.
 [Buyer] too high. reduce price plz.
 [Merchant] I cannot do 21,351, sir, but to help you close the deal today, I can offer a special discounted price of 22,426 taka.
 [Buyer] 22,426 ok. home delivery available? how much?
 [Merchant] The delivery fee is 100 taka inside Dhaka and 160 taka for outside Dhaka, sir. All shipments are fully insured. We only require a 500 taka advance sent to our merchant bKash to secure the courier booking, and the rest will be collected via cash on delivery.
 [Buyer] advance? cant do full cod? scam risk...
 [Merchant] Please understand, sir, it is only a 500 taka security deposit for the courier. We have a solid 5-year track record with thousands of verified reviews. Unfortunately, we cannot waive this advance policy.
 [Buyer] fine... sending 500 now.
 [Merchant] Thank you for trusting us, sir! Kindly send 500 taka to 01754765151 (Merchant) and drop the TrxID here.
 [Buyer] done. 500 sent. TrxID BK20X274P. address: Agrabad Commercial Area, GEC Circle, Chattogram. ph: 01819876543.
 [Merchant] Payment verified successfully, sir. Your order is now confirmed. The remaining 22,026 taka will be collected at the time of delivery.",yes,PURCHASE_COMMITTED,Skeptic,Viofo A129 Pro Duo 4K Dash Cam,Automotive & Riding Gear
10418,ENG_419,"[Buyer] Keychron Q1 Pro Custom Keyboard in stock?
 [Merchant] yes available now for dispatch
 [Buyer] Final price?
 [Merchant] 18,500 taka flat price.
 [Buyer] QMK/VIA support included?
 [Merchant] ya works out of box with qmk and via for custom keys
 [Buyer] Layout size?
 [Merchant] 75% compact layout with a knob, function row + arrows stay intact. solid choice.
 [Buyer] Case material: plastic or metal?
 [Merchant] full cnc machined aluminum body. exact spec from official sheet
 [Buyer] 2.4GHz dongle or bluetooth 5.1 only?
 [Merchant] runs bt 5.1 and type-c wired. no 2.4ghz dongle in box
 [Buyer] Switch type?
 [Merchant] Keychron K Pro Banana tactile switches pre-installed. hot-swappable too.
 [Buyer] How is this different from Daraz listings?
 [Merchant] official stock with proper warranty backing... genuine item
 [Buyer] Condition? 100% intact?
 [Merchant] sealed box global version with warranty.
 [Buyer] Can you do 16,478 taka?
 [Merchant] cant do 16,478... lowest for quick close is 17,489 taka
 [Buyer] Delivery rates and terms?
 [Merchant] dhaka 100, taka outside 160 taka. send 500 taka advance via bkash for courier booking then rest is cod. dispatch right away
 [Buyer] Understood.
 [Merchant] sure thing. take care",no,DEFERRED_CONSIDERATION,TechSpecsNerd,Keychron Q1 Pro Custom Keyboard,Computing & Peripherals
10419,ENG_420,"[Buyer] Hello. Do you still have the Breville Barista Express Espresso Machine?
 [Merchant] Greetings! Yes, we have brand new units in stock.
 [Buyer] Any chance this is a used or open-box piece?
 [Merchant] Absolutely. It is completely intact, unopened, and comes with a 1-year official warranty.
 [Buyer] Does the warranty cover manufacturing defects?
 [Merchant] Full 1-year warranty. Just bring the invoice and we handle the rest.
 [Buyer] What size is the portafilter?
 [Merchant] Certainly. It comes with a standard 54mm stainless steel portafilter. Let me know if you need more detail.
 [Buyer] I had a technical question. What is the water tank capacity?
 [Merchant] The removable tank holds 2 litres, which is roughly 15-18 double shots. Hope that helps!
 [Buyer] I see. And How long does it take to heat up?
 [Merchant] Let me confirm that for you. About 30 seconds from cold to first shot thanks to the Thermocoil.
 [Buyer] Another thing: does it have a built-in grinder?
 [Merchant] Yes, it has an integrated precision conical burr grinder with dose control. That's straight from the official spec sheet.
 [Buyer] What is the price? Please let me know.
 [Merchant] It's 78,000 taka, all inclusive.
 [Buyer] Do you deliver outside Dhaka?
 [Merchant] Delivery is 100 taka inside Dhaka and 160 taka outside. We dispatch immediately upon order confirmation. For order confirmation, a 500 taka advance via bKash is mandatory. The balance is full Cash on Delivery (COD).
 [Buyer] Too many scam pages these days. Why should I trust you with an advance?
 [Merchant] I completely understand your concern. The advance simply ensures you are a serious buyer and covers our return shipping risk if the parcel is rejected. You can check our page reviews and physical shop address for peace of mind.
 [Buyer] Okay, I understand. I'll trust your page this time. Sending the advance now.
 [Merchant] Thank you for understanding! Please send 500 taka to 01773906098 (Merchant) and share the TrxID.
 [Buyer] Sent 500 taka. TrxID is BK15X441P. Please deliver to: Kandirpar, Victoria College Road, Cumilla. Mobile: 01687654321.
 [Merchant] Payment received and verified. Your order is confirmed. The remaining 77,660 taka will be collected on delivery.",yes,PURCHASE_COMMITTED,Standard,Breville Barista Express Espresso Machine,Home & Kitchen Appliances
10420,ENG_421,"[Buyer] is Viofo A129 Pro Duo 4K Dash Cam in stock or just listed...
 [Merchant] Hello! Yes, the Viofo A129 Pro Duo 4K Dash Cam is fully in stock and ready to ship out.
 [Buyer] buying 3 units... need a discount per piece. lower price?
 [Merchant] We are always happy to offer special bulk pricing for multiple units! Please confirm you need exactly 3 units.
 [Buyer] first time ordering online... who fixes it if it breaks? is this a scam?
 [Merchant] You are in safe hands! We provide a full official 1-year coverage. Please note physical damage and water damage are excluded, as is standard.
 [Buyer] wait does it come with GPS logger or not
 [Merchant] Yes absolutely! It comes with the bundled GPS mount that accurately stamps speed and location onto the footage. Do you have any other questions about it?
 [Buyer] why should i buy from u and not cheap ones on daraz... what is the catch
 [Merchant] We completely understand your caution. The main advantages with us are superior build quality and genuine warranty backing. Cheaper listings elsewhere are often grey-market imports with no local service support.
 [Buyer] hmm ok... too risky for me. I'll go with the alternative model instead. thanks anyway
 [Merchant] Completely understood! Thank you so much for considering our shop. Feel free to check back with us anytime.",no,INQUIRY_DROPOUT,BulkBuyer,Viofo A129 Pro Duo 4K Dash Cam,Automotive & Riding Gear
10421,ENG_422,"[Buyer] Hello, could you please tell me if the Fujifilm X-T30 II Mirrorless Camera is currently available?
 [Merchant] yes brand new units ready
 [Buyer] Would you mind sharing the import documents or invoice so I can check if it is genuine, please?
 [Merchant] can share import invoice. registered importer here
 [Buyer] I just want to be certain - it is physically present at your store right now and not something you have to order?
 [Merchant] in shop right now. dispatch today possible
 [Buyer] Thank you. Could you please confirm that it is an entirely unopened and sealed box?
 [Merchant] official global version. sealed box full warranty included
 [Buyer] I would like to ask one more thing about the specifications, please. What is the resolution of the sensor?
 [Merchant] 26.1MP X-Trans CMOS 4 APS-C sensor
 [Buyer] Could you also tell me if it is capable of recording 4K video, please?
 [Merchant] yes oversampled 4K/30p video no crop
 [Buyer] I have another technical question for you. Does this package come with a kit lens, please?
 [Merchant] comes with XC 15-45mm OIS PZ lens
 [Buyer] Could you please let me know if it features a built-in microphone input?
 [Merchant] 3.5mm mic jack present. USB-C adapter for headphones
 [Buyer] That is wonderful. What would be your final price for this product, please?
 [Merchant] fixed official price 98,000 taka
 [Buyer] I understand now. Thank you very much for your time and help.
 [Merchant] ok message anytime",no,DEFERRED_CONSIDERATION,TrustSeeker,Fujifilm X-T30 II Mirrorless Camera,Audio & Visual Gear
10422,ENG_423,"[Buyer] Dyson Purifier Cool TP07 in stock?
 [Merchant] Hello there! Yes indeed, we have the Dyson Purifier Cool TP07 ready in stock for you
 [Buyer] Does it drop room temperature like an air conditioner?
 [Merchant] not at all, it functions as a purifier and fan. It blows clean air around nicely, but there is no compressor inside to cool down the room
 [Buyer] well send a video of the piece in yuor store
 [Merchant] sure thing, I'll send over the official import paperwork. We are fully registered importers, so quality is guaranteed!
 [Buyer] who services the warranty?
 [Merchant] You will receive a 1 year official warranty. Any claims can be brought directly to our service desk.
 [Buyer] Confirm again: is it physically present or need ordering?
 [Merchant] It is right here physically in our shop, fully in hand. We can ship it out to you today!
 [Buyer] cost?
 [Merchant] The price is 68,000 taka, and that covers everything completely.
 [Buyer] Need to verify month-end funds first. Will return.
 [Merchant] no rush at all! Take your time, and just text us whenever you are ready.",no,DEFERRED_CONSIDERATION,TrustSeeker,Dyson Purifier Cool TP07,Home & Kitchen Appliances
10423,ENG_424,"[Buyer] Hi, I want to buy the Fujifilm X-T30 II Mirrorless Camera. Let me know if it's available.
 [Merchant] Hi there! Thanks for reaching out. We do have it available.
 [Buyer] Alright. So what is the final price for this?
 [Merchant] It's 98,000 taka, all inclusive.
 [Buyer] Any chance this is a used or open-box piece?
 [Merchant] Brand new, untouched, seal intact. We don't sell refurbished items at all.
 [Buyer] One more on the specs. How many film simulation modes does it have?
 [Merchant] It features 18 classic Fujifilm film simulation modes, including Classic Neg and Eterna.
 [Buyer] Another thing: does it have in-body image stabilization (IBIS)?
 [Merchant] Good question. No, the X-T30 II does not have IBIS. Stabilization relies on OIS-equipped lenses like the one included. Let me know if you need more detail.
 [Buyer] Sorry, one more time: is this in hand, or do you have to bring it in?
 [Merchant] Ready stock, sir. Not pre-order. It's on our shelf right now.
 [Buyer] Do you have a video of the actual product in your shop?
 [Merchant] Sure, sending a live photo of the sealed unit from our shelf right now.
 [Buyer] What kind of warranty do I get with this?
 [Merchant] Full 1-year warranty. Just bring the invoice and we handle the rest.
 [Buyer] Alright. Do you do home delivery? And what is the fee?
 [Merchant] We offer home delivery all over Bangladesh via Steadfast/Pathao. Inside Dhaka is 100 taka (24 hours), Outside Dhaka is 160 taka (48-72 hours). We just need 500 taka sent to our merchant bKash as a security deposit for the courier. The remaining amount will be collected as COD.
 [Buyer] I prefer paying everything when I have the product in my hands. Can we skip the advance?
 [Merchant] We sympathize, but this is a strict company policy for items over 10,000 taka to prevent fake orders. You can verify our trade license and physical store in Multiplan Center.
 [Buyer] Fair enough. I'll send the 500 taka to confirm the booking.
 [Merchant] Thank you for understanding! Please send 500 taka to 01763699731 (Merchant) and share the TrxID.
 [Buyer] Sent 500 taka. TrxID is BK75X948P. Please deliver to: House 102, Road 5, Block B, Bashundhara R/A, Dhaka. Mobile: 01611778899.
 [Merchant] Payment received and verified. Your order is confirmed. The remaining 97,600 taka will be collected on delivery.",yes,PURCHASE_COMMITTED,TrustSeeker,Fujifilm X-T30 II Mirrorless Camera,Audio & Visual Gear
10424,ENG_425,"[Buyer] hey... got the Keychron Q1 Pro Custom Keyboard in stock?
 [Merchant] Good day, sir! Yes, the Keychron Q1 Pro Custom Keyboard is currently available in our physical inventory.
 [Buyer] polling rate specs... does this run on a dedicated 2.4GHz RF dongle or just BT 5.1?
 [Merchant] Indeed, sir. The Q1 Pro supports Bluetooth 5.1 alongside a wired Type-C connection. Please note that a 2.4GHz dongle is not included.
 [Buyer] whats the warranty term... manufacturer or store?
 [Merchant] We provide a full 1 year of official warranty coverage, ma'am. All claims are directly processed at our service desk.
 [Buyer] can u show the tax invoice or customs docs to prove its legit retail channels
 [Merchant] Certainly, sir. I am sharing a real-time photograph of the factory-sealed box straight from our display shelf right now.
 [Buyer] sure it's not a refurb or customer return?
 [Merchant] We assure you it is completely brand new and factory sealed, ma'am. You will be the very first person to break the seal.
 [Buyer] why are u guys priced differently compared to marketplace sellers like Daraz
 [Merchant] Price variations typically stem from unofficial gray market imports, sir. Our units are 100% official and backed by complete paperwork.
 [Buyer] got it. thnx for the details
 [Merchant] You are very welcome, ma'am. Have a wonderful day ahead!",no,INQUIRY_DROPOUT,Skeptic,Keychron Q1 Pro Custom Keyboard,Computing & Peripherals
10425,ENG_426,"[Buyer] Viofo A129 Pro Duo 4K Dash Cam... hvae it?
 [Merchant] Hello! Yes, the Viofo A129 Pro Duo 4K Dash Cam is fully in stock and ready to ship.
 [Buyer] any other colors or variants available?
 [Merchant] we offer the Standard Bundle and the Bundle + HK3 Kit options. Both are available at the exact same price.
 [Buyer] works when car is off?
 [Merchant] Yes, it certainly does! However, you will need to get the optional HK3 Hardwire Kit to activate the buffered parking mode safely.
 [Buyer] ok wait... does it include a memory card?
 [Merchant] no memory card is included in the box, so you will need to buy one separately. We always suggest using High Endurance cards. Let me know if you need any other details!
 [Buyer] so back cam also 4k or what?
 [Merchant] Not quite! The front camera shoots in crystal-clear true 4K using the Sony Exmor R sensor, while the rear camera captures in 1080p with the Sony Starvis sensor.
 [Buyer] gps tracking included?
 [Merchant] yes, the GPS mount comes right in the box, and it logs your exact speed and location directly onto the recorded video.
 [Buyer] other places cheaper... why so high? is this safe?
 [Merchant] We operate as an authorized reseller with a real physical shop. If any issues pop up, you always have a trusted place to bring it back to.
 [Buyer] final price? lowest?
 [Merchant] sure for a brand new, factory-sealed unit, the price is strictly 23,500 taka.
 [Buyer] ship to house... how long and how much scam risk?
 [Merchant] We ship safely through reliable courier services. Delivery takes just 1 day inside Dhaka for 100, taka or 2 to 3 days for outside Dhaka for 160 taka
 [Buyer] ok too slow for me... never mind then.
 [Merchant] no worries at all! Feel free to reach out anytime if yuo change your mind.",no,INQUIRY_DROPOUT,TechSpecsNerd,Viofo A129 Pro Duo 4K Dash Cam,Automotive & Riding Gear
10426,ENG_427,"[Buyer] Good afternoon, I am looking for the Dyson Purifier Cool TP07. Can you confirm stock?
 [Merchant] Hi there! Thanks for reaching out. We do have it available.
 [Buyer] Perfect. Just confirming, this is a completely sealed, unopened unit right?
 [Merchant] Yes, it is guaranteed brand new and sealed. You'll be the first to open it.
 [Buyer] One more on the specs. How far does it oscillate?
 [Merchant] Happy to clarify: it features adjustable oscillation up to 350 degrees to project air across the whole room. That's straight from the official spec sheet.
 [Buyer] Another thing: how often do filters need replacing?
 [Merchant] Let me confirm that for you. Roughly every 12 months at 12 hours of daily use; the app tracks remaining filter life. Anything else you'd like to know?
 [Buyer] One more on the specs. Does it connect to WiFi?
 [Merchant] Checking the spec sheet - yes, you can control it and monitor air quality in real-time using the MyDyson app via WiFi. That's straight from the official spec sheet.
 [Buyer] Does it cool the room like an AC?
 [Merchant] Good question. No, it is a fan and purifier. It circulates purified air but does not have a compressor to lower the room temperature.
 [Buyer] How soon can it reach me? I need it urgently.
 [Merchant] If you confirm within the next hour, we can dispatch today for next-day delivery inside Dhaka.
 [Buyer] Great. What's your best price for this item?
 [Merchant] The item is priced at 68,000 taka.
 [Buyer] Is the price fixed or negotiable? I was hoping for 66,013 taka.
 [Merchant] I can't do 66,013, but as a special offer for a quick deal, I can offer 67,007 taka.
 [Buyer] Meet me at 66,707 taka and I'll pay immediately.
 [Merchant] You drive a hard bargain. 66,707 taka, final.
 [Buyer] 66,707 taka works. Please confirm my order. Okay, how does the delivery process work?
 [Merchant] We use premium courier services. It takes 1 day for Dhaka (100 taka) and 2-3 days outside (160 taka). To confirm the order, we require a small 500 taka advance via bKash to cover the courier booking fee. The rest is Cash on Delivery.
 [Buyer] Is the advance strictly necessary? I'd rather do full COD.
 [Merchant] Sir, it's just 500 taka for courier security. We have a solid 5-year track record and thousands of reviews. We cannot bypass this policy, unfortunately.
 [Buyer] Okay, I understand. I'll trust your page this time. Sending the advance now.
 [Merchant] Thank you for understanding! Please send 500 taka to 01719123693 (Merchant) and share the TrxID.
 [Buyer] Sent 500 taka. TrxID is BK42X458P. Please deliver to: Agrabad Commercial Area, GEC Circle, Chattogram. Mobile: 01611778899.
 [Merchant] Payment received and verified. Your order is confirmed. The remaining 66,307 taka will be collected on delivery.",yes,PURCHASE_COMMITTED,Urgent,Dyson Purifier Cool TP07,Home & Kitchen Appliances
10427,ENG_428,"[Buyer] Hello! I saw your post regarding the Viofo A129 Pro Duo 4K Dash Cam. Do you have it?
 [Merchant] Hi there! Thanks for reaching out. We do have it available.
 [Buyer] Do you have any color options, or just one?
 [Merchant] We currently stock Standard Bundle, Bundle + HK3 Kit. All at the same price.
 [Buyer] What makes your listing different from the ones on Daraz?
 [Merchant] Price differences usually come from unofficial imports. Ours is official, with paperwork.
 [Buyer] Does it record while parked?
 [Merchant] Checking the spec sheet - yes, but you need to purchase and install the optional HK3 Hardwire Kit to enable buffered parking mode. Anything else you'd like to know?
 [Buyer] Also, does it have built-in WiFi to download videos?
 [Merchant] Happy to clarify: yes, it features dual-band (2.4GHz & 5GHz) WiFi for fast video transfers to your phone. Anything else you'd like to know?
 [Buyer] Another thing: how does it handle heat in summer?
 [Merchant] Certainly. It uses a supercapacitor instead of a battery, which is far more heat-tolerant for Bangladesh summers. That's straight from the official spec sheet.
 [Buyer] One more on the specs. Is the rear camera also 4K?
 [Merchant] Right, so No, the front camera records in true 4K (Sony Exmor R), while the rear camera records in 1080p (Sony Starvis).
 [Buyer] Is there a GPS logger?
 [Merchant] Right, so Yes, the bundled GPS mount stamps speed and location onto the footage. Anything else you'd like to know?
 [Buyer] Perfect. Just confirming, this is a completely sealed, unopened unit right?
 [Merchant] Yes sir, we only deal in genuine, factory-sealed products. It's completely brand new.
 [Buyer] Great. What's your best price for this item?
 [Merchant] We are currently offering it for 23,500 taka.
 [Buyer] Do you deliver outside Dhaka?
 [Merchant] We use premium courier services. It takes 1 day for Dhaka (100 taka) and 2-3 days outside (160 taka). For order confirmation, a 500 taka advance via bKash is mandatory. The balance is full Cash on Delivery (COD).
 [Buyer] I am not comfortable sending an advance. I've had bad experiences with pages taking advance and blocking. Can you do full COD?
 [Merchant] I completely understand your concern. The advance simply ensures you are a serious buyer and covers our return shipping risk if the parcel is rejected. You can check our page reviews and physical shop address for peace of mind.
 [Buyer] Fair enough. I'll send the 500 taka to confirm the booking.
 [Merchant] Thank you for understanding! Please send 500 taka to 01780429673 (Merchant) and share the TrxID.
 [Buyer] Sent 500 taka. TrxID is BK16X303P. Please deliver to: House 14, Road 3, Dhanmondi, Dhaka. Mobile: 01734567890.
 [Merchant] Payment received and verified. Your order is confirmed. The remaining 23,160 taka will be collected on delivery.",yes,PURCHASE_COMMITTED,TechSpecsNerd,Viofo A129 Pro Duo 4K Dash Cam,Automotive & Riding Gear
10428,ENG_429,"[Buyer] so hey... lookin at the Fujifilm X-T30 II Mirrorless Camera. yall still got it?
 [Merchant] Greetings. Yes, this item is fully available in our inventory and ready for dispatch.
 [Buyer] if i grab like 3 units... any discount on each one?
 [Merchant] We do accommodate bulk purchases with adjusted pricing. However, meaningful tier discounts apply starting at 5+ units
 [Buyer] does it come with warranty tho? for how long?
 [Merchant] Every purchase includes a 1-year official manufacturer warranty. All valid claims are processed directly through our authorized service desk
 [Buyer] so cool... condition good? like 100% untouched?
 [Merchant] Rest assured, it is 100% brand new, authentic, and factory sealed containing all standard manufacturer accessories.
 [Buyer] ohh ok... does a kit lens come with this too?
 [Merchant] Yes, this specific bundle includes the XC 15-45mm OIS PZ lens, complying fully with official specifications.
 [Buyer] got a tech question... whats the sensor res?
 [Merchant] right this model features a 26.1MP X-Trans CMOS 4 APS-C sensor. Please let us know if you require further technical specifications
 [Buyer] can it do 4k video btw?
 [Merchant] yes, it is fully capable of recording oversampled 4K/30p video wiht zero crop factor.
 [Buyer] wait does it have in body stabilization... IBIS?
 [Merchant] the X-T30 II does not feature built-in IBIS. Image stabilization is achieved through compatible OIS lenses such as the one bundled in this package
 [Buyer] so alright... what's the absolute best price u can do?
 [Merchant] The fixed official retail price for this item is 98,000 taka.
 [Buyer] ok cool... how does shipping work tho
 [Merchant] sure standard delivery fees are 100 taka inside Dhaka adn 160 taka for locations outside Dhaka. All shipments are fully insured during transit
 [Buyer] alright thnx for the info
 [Merchant] you are most welcome. Thank you for choosing our store, and feel free to reach out anytime for further assistance.",no,INQUIRY_DROPOUT,BulkBuyer,Fujifilm X-T30 II Mirrorless Camera,Audio & Visual Gear
10429,ENG_430,"[Buyer] hello there... hoping u have the Dyson Purifier Cool TP07 in stock?
 [Merchant] Good day, valued customer. Yes ma'am, the Dyson Purifier Cool TP07 is currently available and ready for purchase
 [Buyer] oh nice... can u tell me waht sort of filters it takes?
 [Merchant] certainly, sir. It utilizes a fully sealed HEPA H13 standard filter designed to capture 99.97% of fine particles measuring down to 0.3 microns.
 [Buyer] ah ok, and how much are u asking for it?
 [Merchant] We are currently offering this exceptional unit at a special price of 68,000 taka
 [Buyer] thats not bad... i want it sent right to my place, how do we do that?
 [Merchant] right we utilize dependable courier services for home delivery. Delivery takes 1 day inside Dhaka for 100 taka, or 2 to 3 days outside Dhaka for 160 taka. We simply require a 500 taka security deposit sent to our merchant bKash account, and the remaining balance will be collected via cash on delivery
 [Buyer] cool, that works for me... let me send that 500 taka advance over.
 [Merchant] sure we truly appreciate your cooperation, sir. Please send the 500 taka to 01728326693 (Merchant) and kindly reply with the TrxID.
 [Buyer] done, sent the 500 taka... TrxID is BK42X900P. please ship it to House 102, Road 5, Block B, Bashundhara R/A, Dhaka, and my number is 01819876543, thnx!
 [Merchant] Your payment has been successfully received and verified. Your order is officially confirmed, and the remaining 67,660 taka will be collected at the time of delivery.",yes,PURCHASE_COMMITTED,Urgent,Dyson Purifier Cool TP07,Home & Kitchen Appliances
10430,ENG_431,"[Buyer] checking stock on Sony WH-1000XM5. you got it?
 [Merchant] good day, sir! Yes, the Sony WH-1000XM5 Wireless Headphones are currently available in our inventory
 [Buyer] how do these ANC specs and processor handling compare against the previous gen version?
 [Merchant] Please be assured, ma'am, that price variations generally stem from gray market units. We deal exclusively in official inventory complete with proper documentation.
 [Buyer] buying a batch for corporate use. do you offer wholesale discounts on volume?
 [Merchant] Indeed, sir, bulk purchases qualify for special pricing. Orders exceeding 5 units are eligible for substantial discounts.
 [Buyer] what's the Power Delivery rating on fast charge? PD 3.0 supported?
 [Merchant] allow me to reassure you: absolutely, plugging them in for just 3 minutes yields roughly 3 hours of listening time. Please let us know if yuo need any further technical details, ma'am!
 [Buyer] right which matte finishes are on hand right now?
 [Merchant] At this moment, sir, we carry Black, Silver, and Midnight Blue. Every color variant is offered at the exact same price point.
 [Buyer] what is the exact retail cost?
 [Merchant] We are currently offering thsi exceptional model for 32,000 taka, ma'am.
 [Buyer] so can you ship via courier to regional addresses outside city limits?
 [Merchant] ok we dispatch through secure courier services, sir. Delivery takes 1 day inside Dhaka for 100 taka and 2 to 3 days for locations outside the city for 160 taka.
 [Buyer] got it, thnx for the specs.
 [Merchant] Thank you for reaching out to us today, ma'am. Have a wonderful day!",no,INQUIRY_DROPOUT,LowBaller,Sony WH-1000XM5 Wireless Headphones,Audio & Visual Gear
10431,ENG_432,"[Buyer] Hello, is the Viofo A129 Pro Duo 4K Dash Cam currently in stock?
 [Merchant] Hello! Yes, the Viofo A129 Pro Duo 4K Dash Cam is available in our ready stock.
 [Buyer] I need this before tomorrow evening. Is that possible?
 [Merchant] Same-day is possible inside Dhaka via Pathao, but the charge would be higher, around 200 taka.
 [Buyer] I had a technical question. Is the rear camera also 4K?
 [Merchant] No, the front camera records in true 4K (Sony Exmor R), while the rear camera records in 1080p (Sony Starvis). That's straight from the official spec sheet.
 [Buyer] I had a technical question. How does it handle heat in summer?
 [Merchant] Absolutely. It uses a supercapacitor instead of a battery, which is far more heat-tolerant for Bangladesh summers. Hope that helps!
 [Buyer] Understood. Could you let me know the current price?
 [Merchant] The current official price is 23,500 taka.
 [Buyer] Do you deliver outside Dhaka?
 [Merchant] Delivery is 100 taka inside Dhaka and 160 taka outside. We dispatch immediately upon order confirmation. To confirm the order, we require a small 500 taka advance via bKash to cover the courier booking fee. The rest is Cash on Delivery.
 [Buyer] I prefer paying everything when I have the product in my hands. Can we skip the advance?
 [Merchant] Sir, it's just 500 taka for courier security. We have a solid 5-year track record and thousands of reviews. We cannot bypass this policy, unfortunately.
 [Buyer] Fair enough. I'll send the 500 taka to confirm the booking.
 [Merchant] Thank you for understanding! Please send 500 taka to 01710065294 (Merchant) and share the TrxID.
 [Buyer] Sent 500 taka. TrxID is BK98X812P. Please deliver to: Shaheb Bazar, Master Para, Rajshahi. Mobile: 01611778899.
 [Merchant] Payment received and verified. Your order is confirmed. The remaining 23,100 taka will be collected on delivery.",yes,PURCHASE_COMMITTED,Urgent,Viofo A129 Pro Duo 4K Dash Cam,Automotive & Riding Gear
10432,ENG_433,"[Buyer] fujifilm X-T30 II Mirrorless Camera. in stock?
 [Merchant] Hey there! Absolutely, the Fujifilm X-T30 II Mirrorless Camera is fully in stock and ready to ship out today!
 [Buyer] thnx for the quick reply
 [Merchant] Anytime! Our team is always here for yuo from 10 AM to 10 PM daily to grab yours before stock runs low!
 [Buyer] 4K video capability?
 [Merchant] Yes! It shoots gorgeous oversampled 4K/30p video with zero crop. You'll love the quality!
 [Buyer] mic input included?
 [Merchant] you bet! There is a 3.5mm mic jack, plus headphone monitoring via the USB-C adapter. 100% official specs guaranteed!
 [Buyer] cost?
 [Merchant] It's an amazing value at just 98,000 taka!
 [Buyer] too high. 95,589 taka final offer if we close now.
 [Merchant] let me help you out! I can shave some off for a loyal buyer. Rock-bottom price is 96,795 taka. Deal?
 [Buyer] drop to 96,495 taka and we have a deal.
 [Merchant] You drive a hard bargain! Okay, 96,495 taka is locked in for you, but that's my absolute floor!
 [Buyer] need time to think. will text later.
 [Merchant] Sure thing! Just don't wait too long since these are flying off the shelves. We'll be right here!",no,DEFERRED_CONSIDERATION,Standard,Fujifilm X-T30 II Mirrorless Camera,Audio & Visual Gear
10433,ENG_434,"[Buyer] Hello. Do you still have the Viofo A129 Pro Duo 4K Dash Cam?
 [Merchant] Hi there! Thanks for reaching out. We do have it available.
 [Buyer] Good to know. Can you confirm if this is official brand new stock with warranty?
 [Merchant] Brand new, untouched, seal intact. We don't sell refurbished items at all.
 [Buyer] Is this ready stock or pre-order? I need to be sure.
 [Merchant] It's physically in our shop, in hand. We can dispatch today.
 [Buyer] Is there any warranty coverage? For how long?
 [Merchant] You get 1 year of official warranty. Claims are handled through our service desk.
 [Buyer] Can I see the invoice or import papers to verify it's official?
 [Merchant] Yes, I can share the import invoice. We're a registered importer.
 [Buyer] Quick one - does it have built-in WiFi to download videos?
 [Merchant] Let me confirm that for you. Yes, it features dual-band (2.4GHz & 5GHz) WiFi for fast video transfers to your phone.
 [Buyer] Another thing: does it come with an SD card?
 [Merchant] No, the MicroSD card must be purchased separately. We recommend High Endurance cards.
 [Buyer] Alright. So what is the final price for this?
 [Merchant] For the genuine sealed unit, the price is 23,500 taka.
 [Buyer] Do you deliver outside Dhaka?
 [Merchant] Delivery is 100 taka inside Dhaka and 160 taka outside. We dispatch immediately upon order confirmation. To confirm the order, we require a small 500 taka advance via bKash to cover the courier booking fee. The rest is Cash on Delivery.
 [Buyer] Alright, that makes sense. I will send the 500 taka advance.
 [Merchant] Thank you for understanding! Please send 500 taka to 01765105016 (Merchant) and share the TrxID.
 [Buyer] Sent 500 taka. TrxID is BK89X550P. Please deliver to: House 14, Road 3, Dhanmondi, Dhaka. Mobile: 01734567890.
 [Merchant] Payment received and verified. Your order is confirmed. The remaining 23,100 taka will be collected on delivery.",yes,PURCHASE_COMMITTED,TrustSeeker,Viofo A129 Pro Duo 4K Dash Cam,Automotive & Riding Gear
10434,ENG_435,"[Buyer] well hi there! Hope you are having a nice day. Do you happen to have the Dyson Purifier Cool TP07 available right now?
 [Merchant] yes in stock
 [Buyer] Oh that is wonderful news! Could you tell me if there is any warranty coverage included, and for how long please?
 [Merchant] 1-year official coverage. water and physical damage not covered
 [Buyer] ok that makes sense. Would it be possible for me to see teh invoice or import papers to make sure it is official stock?
 [Merchant] sure can send invoice. registered importer here.
 [Buyer] Thank you so much for checking that for me! Just to be completely certain, this is a totally sealed and unopened unit right?
 [Merchant] ok brand new seal intact. no refurbished items.
 [Buyer] Brilliant! Which color options do you currently have sitting on your shelves?
 [Merchant] White/Silver, Black/Nickel available. same price.
 [Buyer] ah lovely choices. I was wondering, does it make a lot of noise when running at night?
 [Merchant] ok night mode limits fan speed and dims display.
 [Buyer] That sounds very thoughtful. Does it actually cool down the room like a standard air conditioner would?
 [Merchant] no ac compressor. fan and purifier only for air circulation. need anything else?
 [Buyer] I appreciate you explaining that. Another quick question, what kind of filters does this machine use?
 [Merchant] sealed HEPA H13 standard filter. captures 99.97% particles down to 0.3 microns. anything else?
 [Buyer] hmm that is super impressive filtration! Can I connect this device to my WiFi network at home?
 [Merchant] ok yes wifi enabled. control and monitor air via MyDyson app.
 [Buyer] ok just double-checking everything -- it is physically right there in your shop today and not something I have to wait to be ordered in?
 [Merchant] ready stock on shelf. not pre-order.
 [Buyer] Fantastic. Could yuo please let me know what the current price is for it?
 [Merchant] 68,000 taka official price.
 [Buyer] oh wow, that is a bit on the higher side. Would you be able to give me any sort of discount on that price?
 [Merchant] tight margin but okay for sale. 67,131 taka final.
 [Buyer] okay, I am happy with 67,131 taka. Please go ahead and book it for me. By the way, could you walk me through how the delivery process works?
 [Merchant] delivery via Steadfast/Pathao. Dhaka 100 taka (24 hours), outside 160 taka (48-72 hours). send 500 taka bKash advance for courier, rest is COD
 [Buyer] That sounds completely reasonable to me. I will send over that 500 taka right now to confirm my booking.
 [Merchant] thanks. send 500 taka to 01791577107 (Merchant) and drop TrxID
 [Buyer] Done! I just sent the 500 taka. The TrxID is BK89X704P. Please ship it to: Kandirpar, Victoria College Road, Cumilla. And my mobile number is 01822334455
 [Merchant] payment verified. order confirmed. remaining 66,731 taka on delivery.",yes,PURCHASE_COMMITTED,Skeptic,Dyson Purifier Cool TP07,Home & Kitchen Appliances
10435,ENG_436,"[Buyer] Hi, I want to buy the Breville Barista Express Espresso Machine. Let me know if it's available.
 [Merchant] Hello sir/ma'am. Yes, it's currently available for immediate delivery.
 [Buyer] Awesome. Before we proceed, is it completely brand new and factory sealed?
 [Merchant] Yes, it is guaranteed brand new and sealed. You'll be the first to open it.
 [Buyer] Could you share a picture of the sealed box with today's date?
 [Merchant] Attaching a real photo with our shop card next to it for verification.
 [Buyer] Is this ready stock or pre-order? I need to be sure.
 [Merchant] In hand and ready. You can even come see it at our outlet.
 [Buyer] One more on the specs. Is it a single or dual boiler?
 [Merchant] Absolutely. It uses a single Thermocoil heating system, meaning you brew espresso and steam milk sequentially, not simultaneously. Anything else you'd like to know?
 [Buyer] What's the rate on this one?
 [Merchant] For the genuine sealed unit, the price is 78,000 taka.
 [Buyer] Alright. Do you do home delivery? And what is the fee?
 [Merchant] Delivery is 100 taka inside Dhaka and 160 taka outside. We dispatch immediately upon order confirmation.
 [Buyer] The delivery timeline doesn't work for me. I'll source it locally instead.
 [Merchant] Okay, noted. Thanks for reaching out to us.",no,INQUIRY_DROPOUT,TrustSeeker,Breville Barista Express Espresso Machine,Home & Kitchen Appliances
10436,ENG_437,"[Buyer] Hey, I am interested in purchasing the Keychron Q1 Pro Custom Keyboard. Is it available?
 [Merchant] Hello sir/ma'am. Yes, it's currently available for immediate delivery.
 [Buyer] Could you share a picture of the sealed box with today's date?
 [Merchant] Of course - here's a short video of the actual box in our showroom.
 [Buyer] Awesome. Before we proceed, is it completely brand new and factory sealed?
 [Merchant] Of course. It's an official global version, sealed box, with full warranty.
 [Buyer] How heavy is it?
 [Merchant] To be precise, the full aluminum build weighs around 1.6 kg, so it stays firmly planted on the desk.
 [Buyer] One more on the specs. What is the keyboard layout size?
 [Merchant] To be precise, it's a 75% compact layout with a knob, so you keep the function row and arrow keys. Hope that helps!
 [Buyer] I had a technical question. Does it support QMK/VIA for key remapping?
 [Merchant] To be precise, yes, it fully supports QMK and VIA right out of the box for custom keymaps and macros.
 [Buyer] Another thing: is the body plastic or metal?
 [Merchant] Certainly. It has a premium full CNC machined aluminum body. Let me know if you need more detail.
 [Buyer] Okay, that sounds good. How much are you asking for it?
 [Merchant] We are currently offering it for 18,500 taka.
 [Buyer] Any chance you can lower the price a bit? Maybe 17,008 taka?
 [Merchant] Alright, I can give a small concession. Final price 17,754 taka. Deal?
 [Buyer] 17,754 taka works. Please confirm my order. Do you deliver outside Dhaka?
 [Merchant] We use premium courier services. It takes 1 day for Dhaka (100 taka) and 2-3 days outside (160 taka). We just need 500 taka sent to our merchant bKash as a security deposit for the courier. The remaining amount will be collected as COD.
 [Buyer] Too many scam pages these days. Why should I trust you with an advance?
 [Merchant] It is standard procedure to avoid fake courier requests. We offer an open-box inspection in front of the rider before you pay the remaining COD amount.
 [Buyer] Fair enough. I'll send the 500 taka to confirm the booking.
 [Merchant] Thank you for understanding! Please send 500 taka to 01776437981 (Merchant) and share the TrxID.
 [Buyer] Sent 500 taka. TrxID is BK18X432P. Please deliver to: Zindabazar, Lamabazar Road, Sylhet. Mobile: 01687654321.
 [Merchant] Payment received and verified. Your order is confirmed. The remaining 17,414 taka will be collected on delivery.",yes,PURCHASE_COMMITTED,Skeptic,Keychron Q1 Pro Custom Keyboard,Computing & Peripherals
10437,ENG_438,"[Buyer] hmm keychron Q1 Pro Custom Keyboard. In stock?
 [Merchant] hello there! Yes, it is fully in stock and ready to ship out today!
 [Buyer] right found cheaper elsewhere. Why your store?
 [Merchant] We completely understand your concern! Our items come with genuine quality assurance and full official warranty support, whereas lower-priced options are usually unofficial imports with zero local backup.
 [Buyer] ok cost?
 [Merchant] It is priced at 18,500 taka for you!
 [Buyer] ok shipping fees and delivery time?
 [Merchant] We ship safely all across Bangladesh through Steadfast or Pathao. Inside Dhaka costs 100 taka taking 24 hours, while Outside Dhaka is 160 taka taking 48-72 hours. We just ask for 500 taka sent to our merchant bKash as a courier deposit, and the rest is cash on delivery.
 [Buyer] Send bKash number.
 [Merchant] thanks so much for trusting us! Kindly transfer 500 taka to 01712712571 (Merchant) and drop the TrxID here
 [Buyer] well paid 500 taka. TrxID: BK69X638P. Address: College Road, Bogra Sadar, Bogura. Phone: 01819876543.
 [Merchant] Got it, payment checked and confirmed! Your parcel is being packed. The remaining 18,160 taka will be collected via cash on delivery",yes,PURCHASE_COMMITTED,LowBaller,Keychron Q1 Pro Custom Keyboard,Computing & Peripherals
10438,ENG_439,"[Buyer] Hello, do you have the Samsung T7 Shield 2TB Portable SSD in stock? Please confirm.
 [Merchant] Greetings! Yes, we have brand new units in stock.
 [Buyer] Which colors do you have in stock?
 [Merchant] Right now we have these in stock: Black, Beige, Blue.
 [Buyer] Nice. Does it come intact with the original factory seal?
 [Merchant] Brand new, untouched, seal intact. We don't sell refurbished items at all.
 [Buyer] Is this worth it over the previous generation?
 [Merchant] We're an authorized reseller with a physical outlet. If anything fails, you have somewhere to go.
 [Buyer] Is it rugged and drop-resistant?
 [Merchant] Happy to clarify: yes, it has a tough rubberized exterior and can survive drops from up to 3 meters. That's straight from the official spec sheet.
 [Buyer] Quick one - can I record Apple ProRes directly to it from an iPhone 15 Pro?
 [Merchant] Happy to clarify: yes, it is fully compatible for direct ProRes 4K recording from the iPhone 15 Pro.
 [Buyer] Another thing: what are the read and write speeds?
 [Merchant] Let me confirm that for you. It delivers sequential read/write speeds of up to 1050/1000 MB/s via USB 3.2 Gen 2. Let me know if you need more detail.
 [Buyer] What is the price? Please let me know.
 [Merchant] It's 22,500 taka, all inclusive.
 [Buyer] I appreciate the answers. Let me discuss this with my family and I'll get back to you tomorrow.
 [Merchant] Thanks for checking with us. Take care.",no,DEFERRED_CONSIDERATION,Ghoster,Samsung T7 Shield 2TB Portable SSD,Computing & Peripherals
10439,ENG_440,"[Buyer] Viofo A129 Pro Duo 4K Dash Cam in stock?
 [Merchant] Hello, sir! Yes, it is currently in stock and ready for immediate dispatch today.
 [Buyer] right sD card included?
 [Merchant] sure checking the details for you, ma'am - no, the MicroSD card is not included and must be bought separately. We suggest High Endurance cards. Please let me know if you have any other questions
 [Buyer] WiFi for downloads?
 [Merchant] i would be happy to clarify that for you, sir. Yes, it features dual-band (2.4GHz & 5GHz) WiFi to quickly transfer videos to your mobile device. Do let me know if you need any further details
 [Buyer] summer heat performance?
 [Merchant] it operates on a supercapacitor instead of a standard battery, providing much better heat tolerance for summers. I hope that answers your question, ma'am!
 [Buyer] Color options?
 [Merchant] We currently have the Standard Bundle and the Bundle + HK3 Kit available, sir. Both options are priced identically
 [Buyer] Factory sealed?
 [Merchant] Yes, sir, we guarantee 100% genuine and factory-sealed merchandise. It is completely brand new.
 [Buyer] Final price?
 [Merchant] the total price for this item is 23,500, taka ma'am.
 [Buyer] ok 22,042 taka?
 [Merchant] We apologize, sir, but we cannot reduce the price to that extent. Our absolute best price remains 23,500 taka for this premium product.
 [Buyer] so too expensive. Buying elsewhere
 [Merchant] That is completely understandable, ma'am. We wish you all the best and hope to serve you in the future",no,INQUIRY_DROPOUT,Ghoster,Viofo A129 Pro Duo 4K Dash Cam,Automotive & Riding Gear
10440,ENG_441,"[Buyer] Hello, is the Samsung T7 Shield 2TB Portable SSD currently in stock?
 [Merchant] Hello! In stock and ready to dispatch today.
 [Buyer] What kind of warranty do I get with this?
 [Merchant] Official 1-year coverage. Physical damage and water damage are excluded, as usual.
 [Buyer] Is this new or refurbished? I only want brand new.
 [Merchant] Yes, it is guaranteed brand new and sealed. You'll be the first to open it.
 [Buyer] What cables are included?
 [Merchant] Let me confirm that for you. You get both USB-C to C and USB-C to A cables in the box.
 [Buyer] Another thing: what are the read and write speeds?
 [Merchant] It delivers sequential read/write speeds of up to 1050/1000 MB/s via USB 3.2 Gen 2.
 [Buyer] Another thing: can I record Apple ProRes directly to it from an iPhone 15 Pro?
 [Merchant] Right, so Yes, it is fully compatible for direct ProRes 4K recording from the iPhone 15 Pro. Let me know if you need more detail.
 [Buyer] Also, is it water resistant?
 [Merchant] It has an IP65 rating for water and dust resistance, making it great for outdoor shoots. Hope that helps!
 [Buyer] Which colors do you have in stock?
 [Merchant] Right now we have these in stock: Black, Beige, Blue.
 [Buyer] What makes your listing different from the ones on Daraz?
 [Merchant] Price differences usually come from unofficial imports. Ours is official, with paperwork.
 [Buyer] Thanks. How much does it cost in total?
 [Merchant] We are currently offering it for 22,500 taka.
 [Buyer] Right, thanks for explaining everything.
 [Merchant] No problem at all. We're here if anything changes.",no,INQUIRY_DROPOUT,Skeptic,Samsung T7 Shield 2TB Portable SSD,Computing & Peripherals
10441,ENG_442,"[Buyer] Hi there, is the Fujifilm X-T30 II Mirrorless Camera available in ready stock?
 [Merchant] Hi! Absolutely, we have it ready for you.
 [Buyer] What's the rate on this one?
 [Merchant] For the genuine sealed unit, the price is 98,000 taka.
 [Buyer] What makes your listing different from the ones on Daraz?
 [Merchant] It's a genuine step up, and more importantly ours is official stock with real warranty support.
 [Buyer] Can it shoot 4K video?
 [Merchant] Yes, it records oversampled 4K/30p video with no crop. Since it's a high-value item, our policy requires a 500 taka advance payment. You can pay the rest to the delivery man.
 [Buyer] Great, full COD works for me. Let's do it.
 [Merchant] Perfect. Please share your full delivery address and mobile number to book the parcel.
 [Buyer] Address: Apartment 6B, House 42, Road 11, Banani, Dhaka. Mobile: 01711223388.
 [Merchant] Order confirmed and booked. Full 98,100 taka is payable to the rider on delivery.",yes,PURCHASE_COMMITTED,Ghoster,Fujifilm X-T30 II Mirrorless Camera,Audio & Visual Gear
10442,ENG_443,"[Buyer] Hello! Could you please let me know if the Breville Barista Express Espresso Machine is in stock right now?
 [Merchant] Hello there! Yes, absolutely, it is currently in stock and ready for fast delivery right to your door.
 [Buyer] Thank you. Could you please tell me how much water the tank can hold?
 [Merchant] Sure thing! The removable tank holds 2 litres, which gives you about 15-18 double shots.
 [Buyer] I appreciate that. Just one more question about the details... what size is the portafilter please?
 [Merchant] Not a problem at all. It features a standard 54mm stainless steel portafilter, which is very easy to use.
 [Buyer] That is wonderful. Could you kindly share your best price for this machine?
 [Merchant] It is priced at 78,000, taka adn that covers everything with no extra hidden charges.
 [Buyer] I understand completely. Thank you very much for your time and help today.
 [Merchant] You are very welcome! Thanks so much for reaching out to us today, have a lovely day!",no,INQUIRY_DROPOUT,LowBaller,Breville Barista Express Espresso Machine,Home & Kitchen Appliances
10443,ENG_444,"[Buyer] Garmin Forerunner 265 GPS Watch... stock?
 [Merchant] in stock.
 [Buyer] price?
 [Merchant] 46,500 taka.
 [Buyer] will gps drop signal in city? sure?
 [Merchant] uses Multi-band GNSS. accurate near tall buildings.
 [Buyer] box is untouched right? completely sealed?
 [Merchant] 100 percent sealed pack. factory fresh.
 [Buyer] buying 3 pcs. discount?
 [Merchant] need bulk qty details for wholesale price.
 [Buyer] other page selling cheaper. do 44,360 taka?
 [Merchant] can do 45,430 taka today.
 [Buyer] too high. make it 44,930 taka right now.
 [Merchant] ok 44,930 taka. final.
 [Buyer] drop more. 44,430 taka and deal.
 [Merchant] lowest price 44,430 taka. done.
 [Buyer] ok 44,430 taka. wait... how shipping works?
 [Merchant] dhaka 1 day 100, taka outside 2-3 days 160 taka. 500 taka advance mandatory.
 [Buyer] advance? sounds risky. can pay full COD?
 [Merchant] advance prevents fake orders. open box in front of rider.
 [Buyer] ugh fine. bkash number?
 [Merchant] 01736528320 (Merchant), send 500 taka.
 [Buyer] done. 500 taka sent. TrxID BK79X447P. College Road, Bogra Sadar, Bogura. 01711223388.
 [Merchant] verified. balance 44,090 taka COD.",yes,PURCHASE_COMMITTED,LowBaller,Garmin Forerunner 265 GPS Watch,Sports & Fitness
10444,ENG_445,"[Buyer] Hello. Do you still have the Keychron Q1 Pro Custom Keyboard?
 [Merchant] Hello! In stock and ready to dispatch today.
 [Buyer] Is the body plastic or metal?
 [Merchant] Let me confirm that for you. It has a premium full CNC machined aluminum body. Let me know if you need more detail.
 [Buyer] One more on the specs. Does it support wireless 2.4GHz dongle or only Bluetooth 5.1?
 [Merchant] Certainly. The Q1 Pro operates on Bluetooth 5.1 and Type-C wired mode. It does not come with a 2.4GHz dongle.
 [Buyer] I see. And What is the keyboard layout size?
 [Merchant] Good question. It's a 75% compact layout with a knob, so you keep the function row and arrow keys.
 [Buyer] I had a technical question. What type of switches does it come with?
 [Merchant] It comes pre-installed with Keychron K Pro Banana tactile switches, but it's fully hot-swappable.
 [Buyer] Nice. Does it come intact with the original factory seal?
 [Merchant] Yes sir, we only deal in genuine, factory-sealed products. It's completely brand new.
 [Buyer] If I take 3 units, can you give a better per-unit rate?
 [Merchant] For 3 or more units we can discuss a corporate rate. Please share your requirement in detail.
 [Buyer] Great. What's your best price for this item?
 [Merchant] It's 18,500 taka, all inclusive.
 [Buyer] Any chance you can lower the price a bit? Maybe 16,362 taka?
 [Merchant] Since you are confirming today, I can meet you in the middle at 17,431 taka.
 [Buyer] Meet me at 17,231 taka and I'll pay immediately.
 [Merchant] You drive a hard bargain. 17,231 taka, final.
 [Buyer] Okay, I'm happy with 17,231 taka. Book it for me. I need it delivered to my home. What's the procedure?
 [Merchant] Delivery charge is 100 taka for Dhaka, 160 taka outside. Packages are fully insured. Since it's a high-value item, our policy requires a 500 taka advance payment. You can pay the rest to the delivery man.
 [Buyer] I prefer paying everything when I have the product in my hands. Can we skip the advance?
 [Merchant] I completely understand your concern. The advance simply ensures you are a serious buyer and covers our return shipping risk if the parcel is rejected. You can check our page reviews and physical shop address for peace of mind.
 [Buyer] Okay, I understand. I'll trust your page this time. Sending the advance now.
 [Merchant] Thank you for understanding! Please send 500 taka to 01725680872 (Merchant) and share the TrxID.
 [Buyer] Sent 500 taka. TrxID is BK97X481P. Please deliver to: College Road, Bogra Sadar, Bogura. Mobile: 01711223388.
 [Merchant] Payment received and verified. Your order is confirmed. The remaining 16,831 taka will be collected on delivery.",yes,PURCHASE_COMMITTED,BulkBuyer,Keychron Q1 Pro Custom Keyboard,Computing & Peripherals
10445,ENG_446,"[Buyer] Hi there, is the Fujifilm X-T30 II Mirrorless Camera available in ready stock?
 [Merchant] Hello! In stock and ready to dispatch today.
 [Buyer] Does it have in-body image stabilization (IBIS)?
 [Merchant] To be precise, no, the X-T30 II does not have IBIS. Stabilization relies on OIS-equipped lenses like the one included.
 [Buyer] Quick one - can it shoot 4K video?
 [Merchant] Yes, it records oversampled 4K/30p video with no crop.
 [Buyer] Is this worth it over the previous generation?
 [Merchant] Price differences usually come from unofficial imports. Ours is official, with paperwork.
 [Buyer] Nice. Does it come intact with the original factory seal?
 [Merchant] Yes, it is guaranteed brand new and sealed. You'll be the first to open it.
 [Buyer] Understood. Could you let me know the current price?
 [Merchant] The current official price is 98,000 taka.
 [Buyer] Okay, how does the delivery process work?
 [Merchant] We offer home delivery all over Bangladesh via Steadfast/Pathao. Inside Dhaka is 100 taka (24 hours), Outside Dhaka is 160 taka (48-72 hours). Since it's a high-value item, our policy requires a 500 taka advance payment. You can pay the rest to the delivery man.
 [Buyer] Too many scam pages these days. Why should I trust you with an advance?
 [Merchant] It is standard procedure to avoid fake courier requests. We offer an open-box inspection in front of the rider before you pay the remaining COD amount.
 [Buyer] Okay, I understand. I'll trust your page this time. Sending the advance now.
 [Merchant] Thank you for understanding! Please send 500 taka to 01777476537 (Merchant) and share the TrxID.
 [Buyer] Sent 500 taka. TrxID is BK85X170P. Please deliver to: Flat 3A, House 7, Road 27, Mohammadpur, Dhaka. Mobile: 01822334455.
 [Merchant] Payment received and verified. Your order is confirmed. The remaining 97,600 taka will be collected on delivery.",yes,PURCHASE_COMMITTED,Comparator,Fujifilm X-T30 II Mirrorless Camera,Audio & Visual Gear
10446,ENG_447,"[Buyer] Good afternoon, I am looking for the Garmin Forerunner 265 GPS Watch. Can you confirm stock?
 [Merchant] Hello. Yes, Garmin Forerunner 265 GPS Watch is in stock.
 [Buyer] Alright. So what is the final price for this?
 [Merchant] We are currently offering it for 46,500 taka.
 [Buyer] Any chance this is a used or open-box piece?
 [Merchant] Yes, it is 100% official brand new, factory sealed with all accessories.
 [Buyer] I see. And How accurate is the GPS in the city?
 [Merchant] Certainly. It uses Multi-band GNSS technology, providing excellent accuracy even near tall buildings or dense tree cover. That's straight from the official spec sheet.
 [Buyer] Nice, most pages take hours to reply.
 [Merchant] Happy to help! We're online from 10 AM to 10 PM daily.
 [Buyer] That's a bit steep. Can you offer any discount on that?
 [Merchant] I can't do 45,006, but as a special offer for a quick deal, I can offer 45,753 taka.
 [Buyer] Alright, 45,753 taka sounds fair. I'll take it. What are the delivery options and charges?
 [Merchant] We use premium courier services. It takes 1 day for Dhaka (100 taka) and 2-3 days outside (160 taka). For order confirmation, a 500 taka advance via bKash is mandatory. The balance is full Cash on Delivery (COD).
 [Buyer] I prefer paying everything when I have the product in my hands. Can we skip the advance?
 [Merchant] It is standard procedure to avoid fake courier requests. We offer an open-box inspection in front of the rider before you pay the remaining COD amount.
 [Buyer] Alright, that makes sense. I will send the 500 taka advance.
 [Merchant] Thank you for understanding! Please send 500 taka to 01710236016 (Merchant) and share the TrxID.
 [Buyer] Sent 500 taka. TrxID is BK90X993P. Please deliver to: Shaheb Bazar, Master Para, Rajshahi. Mobile: 01711223388.
 [Merchant] Payment received and verified. Your order is confirmed. The remaining 45,353 taka will be collected on delivery.",yes,PURCHASE_COMMITTED,Standard,Garmin Forerunner 265 GPS Watch,Sports & Fitness
10447,ENG_448,"[Buyer] ok hi there! hope you are having a nice day. do you guys have the Fujifilm X-T30 II Mirrorless Camera available?
 [Merchant] yep, in stock now
 [Buyer] oh wonderful :) what sort of warranty comes with this piece?
 [Merchant] full 1-year warranty. bring invoice if any issue
 [Buyer] thanks for telling me! could you let me know what the sensor resolution is?
 [Merchant] 26.1MP X-Trans CMOS 4 APS-C sensor
 [Buyer] appreciate your help so far... just wondering, does this model support 4K video recording?
 [Merchant] yes, oversampled 4K/30p video, no crop
 [Buyer] ok that is super neat! roughly how many film simulation modes are built into it?
 [Merchant] 18 classic Fujifilm film simulation modes including Classic Neg and Eterna
 [Buyer] gotcha! thank you kindly. what is the exact price for it right now?
 [Merchant] 98,000 taka
 [Buyer] hmm hmm I see. is there any room for bargaining on that? was hoping around 96,334 taka
 [Merchant] can drop a bit. final pirce 97,167 taka. deal?
 [Buyer] we are almost there :) if you can do 96,667 taka then we have a deal
 [Merchant] ok fine, 96,667 taka final
 [Buyer] that is very kind of you! how does shipping work and what do you charge for it?
 [Merchant] dhaka 1 day for 100 taka, outside 2-3 days for 160 taka. need 500 taka advance via bKash for courier booking, rest cash on delivery
 [Buyer] okay let me think about this for a little bit and I will text yuo back soon
 [Merchant] sure, let me know",no,DEFERRED_CONSIDERATION,TechSpecsNerd,Fujifilm X-T30 II Mirrorless Camera,Audio & Visual Gear
10448,ENG_449,"[Buyer] Good afternoon. Could you please let me know if you currently have the Keychron Q1 Pro Custom Keyboard available?
 [Merchant] Greetings. We can confirm that the Keychron Q1 Pro Custom Keyboard is fully in stock and ready for purchase
 [Buyer] could you please tell me who deals with warranty claims if any issues arise?
 [Merchant] All units include our standard full 1-year warranty. Simply present your original invoice for complete service coverage.
 [Buyer] If you do not mind me asking, how much does it weigh, please?
 [Merchant] according to the official manufacturer specifications, the full aluminum build weighs approximately 1.6 kg to ensure optimal stability
 [Buyer] Could you also tell me what kind of switches are included with it, please?
 [Merchant] yes to clarify, it features factory-installed Keychron K Pro Banana tactile switches and is fully hot-swappable for your convenience
 [Buyer] Does it work with a 2.4GHz wireless dongle, or is it strictly Bluetooth 5.1, please?
 [Merchant] this model supports Bluetooth 5.1 and Type-C wired connectivity. Please note that a 2.4GHz dongle is not included.
 [Buyer] Thank you for explaining. Would you mind telling me the exact price for it, please?
 [Merchant] sure the authorized retail price for this item is set at 18,500 taka
 [Buyer] hmm thank you very much for all your help and the detailed information.
 [Merchant] You are most welcome. We guarantee 100% genuine products and wish you a pleasant day ahead.",no,INQUIRY_DROPOUT,LowBaller,Keychron Q1 Pro Custom Keyboard,Computing & Peripherals
10449,ENG_450,"[Buyer] Checking stock on the Fujifilm X-T30 II Mirrorless Camera. You got it?
 [Merchant] Hello there! Yes indeed, the Fujifilm X-T30 II Mirrorless Camera is fully in stock and ready to ship out to you
 [Buyer] need delivery before tomorrow evening. Any way to make that happen?
 [Merchant] No worries at all! Just lock in your order right away and we will rush it out with our very next dispatch today.
 [Buyer] right what's the max video resolution adn framerate? 4K supported?
 [Merchant] Absolutely, it handles oversampled 4K/30p video smoothly with zero crop factor. That is right from the official factory specs
 [Buyer] Does the body feature built-in sensor shift stabilization, or am I missing something?
 [Merchant] Great spot! Actually, the X-T30 II lacks IBIS, so you will be relying on OIS lenses like the bundled kit glass for steady shots.
 [Buyer] Got it. What is your current retail tag on this setup?
 [Merchant] It is priced at 98,000 taka, total wiht everything included.
 [Buyer] Competitors are listing it lower. Can you match 96,427 taka?
 [Merchant] our profit margins are razor thin, but we really want your business. Let us meet halfway at 97,214 taka.
 [Buyer] Drop it to 96,714 taka and I am pulling the trigger right now.
 [Merchant] That is absolute bottom dollar for us... but alright, 96,714 taka is yours since you are buying today.
 [Buyer] Alright, appreciate your help with this.
 [Merchant] You are very welcome! Thanks for reaching out, and do keep us in mind for future gear.",no,DEFERRED_CONSIDERATION,Urgent,Fujifilm X-T30 II Mirrorless Camera,Audio & Visual Gear
10450,ENG_451,"[Buyer] hey u guys got the samsung t7 shield 2tb portable ssd? lmk if it is in stock plz
 [Merchant] Hello! Absolutely, we have the Samsung T7 Shield 2TB Portable SSD ready to ship right now! Best-selling item, grab yours before it runs out!
 [Buyer] cool... what condition is it? 100% untouched?
 [Merchant] 100% brand new and factory sealed! You are getting a completely untouched unit, we never deal in refurbished stuff!
 [Buyer] um one more thing... is it water resistant?
 [Merchant] Yes! It features an IP65 rating for water and dust resistance, making it super reliable for outdoor shoots. Totally safe for your gear!
 [Buyer] can u record apple prores straight to it using an iphone 15 pro?
 [Merchant] Great news, yes! It is fully compatible for direct ProRes 4K recording from the iPhone 15 Pro. You will love how smooth the workflow is. Want me to lock one in for you?
 [Buyer] why buy from u guys instead of daraz tho
 [Merchant] We are an authorized reseller with a real physical storefront! If anything goes wrong, you have a safe place to bring it back to. Total peace of mind!
 [Buyer] ah ok i think ill just get the alternative model instead. thnx anyway
 [Merchant] No problem at all, thanks for checking us out! Feel free to reach out anytime if you need anything else!",no,INQUIRY_DROPOUT,Ghoster,Samsung T7 Shield 2TB Portable SSD,Computing & Peripherals
10451,ENG_452,"[Buyer] Hello, do you have the Sony WH-1000XM5 Wireless Headphones in stock? Please confirm.
 [Merchant] Hi! Absolutely, we have it ready for you.
 [Buyer] Which colors do you have in stock?
 [Merchant] You can pick from Black, Silver, Midnight Blue.
 [Buyer] Understood. Could you let me know the current price?
 [Merchant] For the genuine sealed unit, the price is 32,000 taka.
 [Buyer] Is the price fixed or negotiable? I was hoping for 30,324 taka.
 [Merchant] I can't do 30,324, but as a special offer for a quick deal, I can offer 31,162 taka.
 [Buyer] Can you shave off a little more? Round it to 30,662 taka and I'll confirm now.
 [Merchant] You drive a hard bargain. 30,662 taka, final.
 [Buyer] Okay, I'm happy with 30,662 taka. Book it for me. Alright. Do you do home delivery? And what is the fee?
 [Merchant] We use premium courier services. It takes 1 day for Dhaka (100 taka) and 2-3 days outside (160 taka). To confirm the order, we require a small 500 taka advance via bKash to cover the courier booking fee. The rest is Cash on Delivery.
 [Buyer] I am not comfortable sending an advance. I've had bad experiences with pages taking advance and blocking. Can you do full COD?
 [Merchant] Sir, it's just 500 taka for courier security. We have a solid 5-year track record and thousands of reviews. We cannot bypass this policy, unfortunately.
 [Buyer] Alright, that makes sense. I will send the 500 taka advance.
 [Merchant] Thank you for understanding! Please send 500 taka to 01776812445 (Merchant) and share the TrxID.
 [Buyer] Sent 500 taka. TrxID is BK78X780P. Please deliver to: Station Road, Gopalganj Sadar, Gopalganj. Mobile: 01923456789.
 [Merchant] Payment received and verified. Your order is confirmed. The remaining 30,262 taka will be collected on delivery.",yes,PURCHASE_COMMITTED,Urgent,Sony WH-1000XM5 Wireless Headphones,Audio & Visual Gear
10452,ENG_453,"[Buyer] Keychron Q1 Pro Custom Keyboard. available?
 [Merchant] good afternoon, ma'am. Yes, the Keychron Q1 Pro Custom Keyboard is currently available in our inventory
 [Buyer] warranty terms?
 [Merchant] You will receive a complete 1-year warranty, ma'am. Simply present your invoice for any service needs
 [Buyer] switch options?
 [Merchant] It features pre-installed Keychron K Pro Banana tactile switches, sir, and the board is fully hot-swappable for your convenience.
 [Buyer] cost?
 [Merchant] the official price for this model is 18,500 taka, sir.
 [Buyer] delivery charge and process?
 [Merchant] We charge 100 taka for Dhaka and 160 taka for outside Dhaka, ma'am. All shipments are fully insured. We only require a 500 taka security deposit sent to our merchant bKash, and the balance is payable via COD.
 [Buyer] right ok sending 500 advance
 [Merchant] We truly appreciate your cooperation, sir. Kindly transfer 500 taka to our merchant bKash number 01715175976 and reply with the TrxID
 [Buyer] TrxID BK26X987P sent 500. address: College Road, Bogra Sadar, Bogura. phone 01687654321
 [Merchant] Your payment has been successfully verified, sir. Your order is now confirmed, and teh remaining 18,100 taka will be collected upon delivery.",yes,PURCHASE_COMMITTED,BulkBuyer,Keychron Q1 Pro Custom Keyboard,Computing & Peripherals
10453,ENG_454,"[Buyer] ok good afternoon! Could you please let me know if you currently have the Dyson Purifier Cool TP07 available?
 [Merchant] Good day, sir or ma'am. Yes indeed, we have fresh brand new units ready in stock for you
 [Buyer] Thank you. May I ask how your offer differs from what people sell on Daraz, please?
 [Merchant] We are proud to be an authorized reseller with a real physical store, ma'am/sir. If anything ever goes wrong, you always have a trusted place to visit
 [Buyer] that is reassuring, thank you. Does the box come completely unopened with the factory seal intact, please?
 [Merchant] Certainly, sir or ma'am. It is 100% official, brand new, and factory sealed with all original accessories inside
 [Buyer] Thank you for confirming. Does the warranty take care of any manufacturing defects, please?
 [Merchant] Yes, you receive a full 1 year of official warranty, sir/ma'am. All claims are managed smoothly through our dedicated service desk.
 [Buyer] Could you also tell me if it connects to WiFi, please?
 [Merchant] to answer accurately, yes, you can easily control it and track air quality in real-time via WiFi using the MyDyson app. Please let me know if you need more details.
 [Buyer] Thank you. One more thing... does it actually chill the room like a regular air conditioner, please?
 [Merchant] yes an excellent inquiry, sir or ma'am. No, it functions as a fan and purifier combined. It circulates clean air thoroughly, but it lacks a compressor to drop room temperatures
 [Buyer] i see. Could you please tell me what kind of filters it uses?
 [Merchant] Certainly, sir/ma'am. It utilizes a fully sealed HEPA H13 standard filter designed to capture 99.97% of tiny particles as small as 0.3 microns. Please let me know if you require further details.
 [Buyer] right thank you. Just a quick question: is it noisy when running at night, please?
 [Merchant] Rest assured, sir or ma'am, there is a specialized night mode that restricts fan speeds and dims the display panel. That information comes directly from the official specification sheet
 [Buyer] That sounds wonderful. What is your best and final price for this item, please?
 [Merchant] for the genuine factory-sealed unit, our price is 68,000 taka, sir/ma'am.
 [Buyer] well would it be possible to get a small discount, please? My budget is closer to 65,263 taka
 [Merchant] i sincerely apologize, sir or ma'am, but 68,000 taka is our strict final price. Profit margins on official products are quite narrow.
 [Buyer] Ah, that is a bit too high for me. I think I will have to pass and buy from Daraz instead. Thank you anyway.
 [Merchant] Understood, sir/ma'am. Thank you so much for your time today, and please do keep us in mind for the future.",no,INQUIRY_DROPOUT,Comparator,Dyson Purifier Cool TP07,Home & Kitchen Appliances
10454,ENG_455,"[Buyer] Hello. Interested in the Sony WH-1000XM5 Wireless Headphones. Still selling?
 [Merchant] Hello! Yes, the Sony WH-1000XM5 Wireless Headphones is available in our ready stock.
 [Buyer] What is the price? Please let me know.
 [Merchant] Our selling price for this unit is 32,000 taka.
 [Buyer] What makes your listing different from the ones on Daraz?
 [Merchant] We're an authorized reseller with a physical outlet. If anything fails, you have somewhere to go.
 [Buyer] Can you send me a real photo of the actual unit, not a stock image?
 [Merchant] Of course - here's a short video of the actual box in our showroom.
 [Buyer] Another thing: can I use them wired if the battery dies?
 [Merchant] Good question. Yes, it comes with a 3.5mm headphone cable for passive wired listening.
 [Buyer] I had a technical question. What is the battery life like with ANC on?
 [Merchant] Yes - you get up to 30 hours of battery life with noise cancellation turned on.
 [Buyer] Does it fold up for travel?
 [Merchant] Good question. The XM5 does not fold at the hinges like the XM4, but it comes with a slim moulded carry case.
 [Buyer] Is there a quick charge feature?
 [Merchant] Let me confirm that for you. Yes, 3 minutes of charging gives you around 3 hours of playback. Hope that helps!
 [Buyer] Do you have any color options, or just one?
 [Merchant] Right now we have these in stock: Black, Silver, Midnight Blue.
 [Buyer] Is this new or refurbished? I only want brand new.
 [Merchant] Yes, it is 100% official brand new, factory sealed with all accessories.
 [Buyer] Can you do anything better? 30,270 taka and I'll confirm right now.
 [Merchant] For you, 31,135 taka. That's genuinely the floor.
 [Buyer] Meet me at 30,935 taka and I'll pay immediately.
 [Merchant] That's really the limit - but fine, 30,935 taka since you're ordering today.
 [Buyer] Appreciate the discount. Still, I want to think it through before confirming.
 [Merchant] Understood. Feel free to reach out any time - stock changes, though, so don't wait too long.",no,DEFERRED_CONSIDERATION,Skeptic,Sony WH-1000XM5 Wireless Headphones,Audio & Visual Gear
10455,ENG_456,"[Buyer] Hi, quick question - Dyson Purifier Cool TP07, in stock right now?
 [Merchant] Hi there! Thanks for reaching out. We do have it available.
 [Buyer] Great. What's your best price for this item?
 [Merchant] The current official price is 68,000 taka.
 [Buyer] Good to see an active page for once.
 [Merchant] Happy to help! We're online from 10 AM to 10 PM daily.
 [Buyer] What kind of filters does it use?
 [Merchant] To be precise, it uses a fully sealed HEPA H13 standard filter that captures 99.97% of particles as small as 0.3 microns. Let me know if you need more detail.
 [Buyer] What makes your listing different from the ones on Daraz?
 [Merchant] The main gains are in build quality and the warranty backing. Cheaper listings are often grey-market imports with no local service.
 [Buyer] Could you give a small discount? My budget is closer to 65,277 taka.
 [Merchant] Margin is tight, but I want to make this sale. I'll agree to 66,639 taka.
 [Buyer] Almost there. Do 66,439 taka and it's a deal.
 [Merchant] You drive a hard bargain. 66,439 taka, final.
 [Buyer] Alright, 66,439 taka sounds fair. I'll take it. Okay, how does the delivery process work?
 [Merchant] Delivery is 100 taka inside Dhaka and 160 taka outside. We dispatch immediately upon order confirmation. For order confirmation, a 500 taka advance via bKash is mandatory. The balance is full Cash on Delivery (COD).
 [Buyer] Is the advance strictly necessary? I'd rather do full COD.
 [Merchant] It is standard procedure to avoid fake courier requests. We offer an open-box inspection in front of the rider before you pay the remaining COD amount.
 [Buyer] Sure, I'll pay the advance. Please share your bKash number.
 [Merchant] Thank you for understanding! Please send 500 taka to 01751012516 (Merchant) and share the TrxID.
 [Buyer] Sent 500 taka. TrxID is BK44X840P. Please deliver to: Apartment 6B, House 42, Road 11, Banani, Dhaka. Mobile: 01819876543.
 [Merchant] Payment received and verified. Your order is confirmed. The remaining 66,039 taka will be collected on delivery.",yes,PURCHASE_COMMITTED,Ghoster,Dyson Purifier Cool TP07,Home & Kitchen Appliances
10456,ENG_457,"[Buyer] hi looking at sony wh-1000xm5 still got stock
 [Merchant] yes available now ready ship
 [Buyer] thnx wat is total price
 [Merchant] price is 32,000 taka
 [Buyer] fast chrg on dis one?
 [Merchant] yes 3 mins charge gives 3 hours playback need anything else?
 [Buyer] can u fold dem up for traveling
 [Merchant] xm5 doesn't fold like xm4 includes slim moulded carry case
 [Buyer] does it connect 2 bluetooth devices at once
 [Merchant] yes can connect two devices at same time phone and laptop
 [Buyer] ok can i plug in cable if battery runs out
 [Merchant] yes comes with 3.5mm headphone cable for wired use as per official specs
 [Buyer] ok thnx lemme check wid family n ping u tomorow
 [Merchant] sure text anytime",no,DEFERRED_CONSIDERATION,Standard,Sony WH-1000XM5 Wireless Headphones,Audio & Visual Gear
10457,ENG_458,"[Buyer] Hi there, is the Sony WH-1000XM5 Wireless Headphones available in ready stock?
 [Merchant] Hello! Yes, the Sony WH-1000XM5 Wireless Headphones is available in our ready stock.
 [Buyer] Nice, most pages take hours to reply.
 [Merchant] Always here for our customers. Ask me anything about the product.
 [Buyer] Is there a quick charge feature?
 [Merchant] Happy to clarify: yes, 3 minutes of charging gives you around 3 hours of playback.
 [Buyer] I had a technical question. What is the battery life like with ANC on?
 [Merchant] Right, so You get up to 30 hours of battery life with noise cancellation turned on. Anything else you'd like to know?
 [Buyer] Quick one - can I use them wired if the battery dies?
 [Merchant] Yes, it comes with a 3.5mm headphone cable for passive wired listening.
 [Buyer] I had a technical question. Does it fold up for travel?
 [Merchant] Certainly. The XM5 does not fold at the hinges like the XM4, but it comes with a slim moulded carry case. That's straight from the official spec sheet.
 [Buyer] Thanks. How much does it cost in total?
 [Merchant] The item is priced at 32,000 taka.
 [Buyer] Any chance you can lower the price a bit? Maybe 30,194 taka?
 [Merchant] I can't do 30,194, but as a special offer for a quick deal, I can offer 31,097 taka.
 [Buyer] Meet me at 30,597 taka and I'll pay immediately.
 [Merchant] Okay, 30,597 taka. But that's absolutely the last adjustment.
 [Buyer] Okay, thanks for the information.
 [Merchant] Alright, thanks for your time. Do keep us in mind.",no,DEFERRED_CONSIDERATION,Ghoster,Sony WH-1000XM5 Wireless Headphones,Audio & Visual Gear
10458,ENG_459,"[Buyer] hello, could you please check if the Sony WH-1000XM5 Wireless Headphones are currently in stock? Thank you.
 [Merchant] Greetings from our electronics inventory. Yes, the specified item is currently in stock.
 [Buyer] Could you please tell me if any warranty is included, and for what duration?
 [Merchant] We provide a complete 1-year warranty. Please retain teh official invoice to claim service under our policy.
 [Buyer] hmm that is wonderful. Please let me know, is thsi item 100% brand new and still factory sealed?
 [Merchant] Affirmative. thsi is an authentic global variant, factory sealed in its original box, backed by full warranty coverage.
 [Buyer] Can you kindly confirm if this model supports multi-point Bluetooth connection, please?
 [Merchant] Verifying technical specifications... Yes, yuo may pair it with two devices simultaneously, such as a smartphone and laptop.
 [Buyer] Would you mind sending a clear photo of the sealed box alongside today's date, please?
 [Merchant] Transmitting a verified photograph featuring our official store identity card for your inspection
 [Buyer] i just want to be sure - is the item physically present in your store right now, or does it need to be ordered?
 [Merchant] the unit is physically present in our showroom inventory, ready for immediate dispatch today.
 [Buyer] Alright, thank you. Could you please let me know the price you are asking for it?
 [Merchant] the verified retail price for the authentic sealed unit is 32,000 taka.
 [Buyer] Do you happen to provide delivery services outside of Dhaka as well, please?
 [Merchant] We utilize secure courier partners. Delivery requires 1 day within Dhaka for 100 taka, and 2-3 days for locations outside Dhaka for 160 taka.
 [Buyer] Unfortunately, that timeline does not work for my schedule. I will pass on this, but thank you very much for your time and help.
 [Merchant] Understood. Please feel free to contact us again should your requirements change.",no,INQUIRY_DROPOUT,TrustSeeker,Sony WH-1000XM5 Wireless Headphones,Audio & Visual Gear
10459,ENG_460,"[Buyer] Hi, quick question - Garmin Forerunner 265 GPS Watch, in stock right now?
 [Merchant] Hello. Yes, Garmin Forerunner 265 GPS Watch is in stock.
 [Buyer] Okay, that sounds good. How much are you asking for it?
 [Merchant] Our selling price for this unit is 46,500 taka.
 [Buyer] How accurate is the GPS in the city?
 [Merchant] Yes - it uses Multi-band GNSS technology, providing excellent accuracy even near tall buildings or dense tree cover.
 [Buyer] Is there a choice of colors or finishes?
 [Merchant] Available variants are Black/Powder Grey, Whitestone, Aqua.
 [Buyer] Alright. Do you do home delivery? And what is the fee?
 [Merchant] Delivery charge is 100 taka for Dhaka, 160 taka outside. Packages are fully insured. We just need 500 taka sent to our merchant bKash as a security deposit for the courier. The remaining amount will be collected as COD.
 [Buyer] Alright, that makes sense. I will send the 500 taka advance.
 [Merchant] Thank you for understanding! Please send 500 taka to 01722575775 (Merchant) and share the TrxID.
 [Buyer] Sent 500 taka. TrxID is BK19X524P. Please deliver to: Station Road, Gopalganj Sadar, Gopalganj. Mobile: 01734567890.
 [Merchant] Payment received and verified. Your order is confirmed. The remaining 46,160 taka will be collected on delivery.",yes,PURCHASE_COMMITTED,Ghoster,Garmin Forerunner 265 GPS Watch,Sports & Fitness
10460,ENG_461,"[Buyer] Hi, quick question - Fujifilm X-T30 II Mirrorless Camera, in stock right now?
 [Merchant] Hello! In stock and ready to dispatch today.
 [Buyer] I had a technical question. How many film simulation modes does it have?
 [Merchant] Let me confirm that for you. It features 18 classic Fujifilm film simulation modes, including Classic Neg and Eterna. Hope that helps!
 [Buyer] What if I order 5 of these? Does the price change?
 [Merchant] We do offer bulk pricing for offices. Let me know the exact quantity.
 [Buyer] Is there a choice of colors or finishes?
 [Merchant] Right now we have these in stock: Silver, Charcoal Black.
 [Buyer] What's the rate on this one?
 [Merchant] Our selling price for this unit is 98,000 taka.
 [Buyer] I've seen it slightly cheaper elsewhere. Can you do 96,016 taka?
 [Merchant] For you, 97,008 taka. That's genuinely the floor.
 [Buyer] Can you shave off a little more? Round it to 96,808 taka and I'll confirm now.
 [Merchant] That's really the limit - but fine, 96,808 taka since you're ordering today.
 [Buyer] Alright, 96,808 taka sounds fair. I'll take it. Do you deliver outside Dhaka?
 [Merchant] Delivery charge is 100 taka for Dhaka, 160 taka outside. Packages are fully insured. To confirm the order, we require a small 500 taka advance via bKash to cover the courier booking fee. The rest is Cash on Delivery.
 [Buyer] Why the advance? I want 100% Cash on Delivery without any prior payment.
 [Merchant] I completely understand your concern. The advance simply ensures you are a serious buyer and covers our return shipping risk if the parcel is rejected. You can check our page reviews and physical shop address for peace of mind.
 [Buyer] Fair enough. I'll send the 500 taka to confirm the booking.
 [Merchant] Thank you for understanding! Please send 500 taka to 01730503793 (Merchant) and share the TrxID.
 [Buyer] Sent 500 taka. TrxID is BK29X215P. Please deliver to: Flat 3A, House 7, Road 27, Mohammadpur, Dhaka. Mobile: 01822334455.
 [Merchant] Payment received and verified. Your order is confirmed. The remaining 96,468 taka will be collected on delivery.",yes,PURCHASE_COMMITTED,LowBaller,Fujifilm X-T30 II Mirrorless Camera,Audio & Visual Gear
10461,ENG_462,"[Buyer] right good afternoon. I am hoping to purchase the Samsung T7 Shield 2TB Portable SSD, please. Could you let me know if it is in stock?
 [Merchant] yes available ready stock
 [Buyer] Another store is selling a comparable model for less money. Could you tell me why I should purchase from your shop, please?
 [Merchant] ours official stock real warranty support
 [Buyer] Thank you for letting me know. Can you tell me what condition it is in, and is it completely 100% intact, please?
 [Merchant] brand new factory sealed all accessories included
 [Buyer] i understand. Would it be possible for me to record Apple ProRes directly onto it from an iPhone 15 Pro, please?
 [Merchant] checked specs - yes fully compatible direct prores 4k iphone 15 pro
 [Buyer] I have one technical question to ask. Could you please tell me what the read and write speeds are?
 [Merchant] up to 1050/1000 mb/s usb 3.2 gen 2
 [Buyer] I need to ask another technical question. Can you tell me which cables come in the box, please?
 [Merchant] usb-c to c & usb-c to a in box official spec
 [Buyer] What is the price, please? Kindly let me know.
 [Merchant] 22,500 taka
 [Buyer] would you be so kind as to offer a slight discount, please? My budget is closer to 21,291 taka.
 [Merchant] ok if confirm today can do 21,896 taka
 [Buyer] Could you please meet me at 21,396 taka? If so, I will make the payment right away.
 [Merchant] that lowest limit but ok 21,396 taka since ordering today
 [Buyer] I am completely fine with 21,396, taka thank you. Please go ahead and book it for me. Could you explain how the delivery procedure works, please?
 [Merchant] 100 taka inside dhaka 160 outside dispatch right away need 500 taka bKash security deposit rest on cod
 [Buyer] that sounds fine, and I will send the advance payment right now. Would you please provide your bKash number?
 [Merchant] sure send 500 taka to 01745276453 merchant and share trxid thnx
 [Buyer] I have successfully sent the 500, taka and the TrxID is BK84X617P. Please arrange the delivery to College Road, Bogra Sadar, Bogura, and my mobile number is 01712349911. Thank you very much.
 [Merchant] payment verified order confirmed rest 20,996 taka cod",yes,PURCHASE_COMMITTED,TechSpecsNerd,Samsung T7 Shield 2TB Portable SSD,Computing & Peripherals
10462,ENG_463,"[Buyer] hmm hey u guys got keychron q1 pro custom keyboard right now?
 [Merchant] ok hello! Yes indeed, we hvae it fully in stock and ready to ship out today!
 [Buyer] um how heavy is this thing anyway?
 [Merchant] let me pull up the official specs for you! The solid aluminum body tips the scales at about 1.6 kg, so it stays locked right in place on your desk!
 [Buyer] what switches come inside it btw?
 [Merchant] It features factory-installed Keychron K Pro Banana tactile switches, and don't worry, it's completely hot-swappable if you want to change them later!
 [Buyer] right wait is the casing made of plastic or metal tho?
 [Merchant] It features a gorgeous full CNC machined aluminum body. Let me know if you want to grab one before they sell out!
 [Buyer] what layout size is it tho...
 [Merchant] It's a very popular 75% compact layout complete with a handy knob, giving you all the arrow keys and function row you need straight from the official spec sheet!
 [Buyer] ok cool... how much for it
 [Merchant] That is only 18,500 taka for a 100% genuine sealed unit!
 [Buyer] ok cool thnx
 [Merchant] Anytime! Best of luck with your search, let us know when you're ready!",no,INQUIRY_DROPOUT,Standard,Keychron Q1 Pro Custom Keyboard,Computing & Peripherals
10463,ENG_464,"[Buyer] Hi, I want to buy the Viofo A129 Pro Duo 4K Dash Cam. Let me know if it's available.
 [Merchant] Hello! In stock and ready to dispatch today.
 [Buyer] How does it handle heat in summer?
 [Merchant] It uses a supercapacitor instead of a battery, which is far more heat-tolerant for Bangladesh summers. Hope that helps!
 [Buyer] One more on the specs. Does it record while parked?
 [Merchant] Yes, but you need to purchase and install the optional HK3 Hardwire Kit to enable buffered parking mode.
 [Buyer] Quick one - does it have built-in WiFi to download videos?
 [Merchant] Checking the spec sheet - yes, it features dual-band (2.4GHz & 5GHz) WiFi for fast video transfers to your phone. Hope that helps!
 [Buyer] Quick one - is the rear camera also 4K?
 [Merchant] No, the front camera records in true 4K (Sony Exmor R), while the rear camera records in 1080p (Sony Starvis). Let me know if you need more detail.
 [Buyer] Another shop is offering a similar item cheaper. Why should I buy from you?
 [Merchant] The main gains are in build quality and the warranty backing. Cheaper listings are often grey-market imports with no local service.
 [Buyer] Is there a choice of colors or finishes?
 [Merchant] You can pick from Standard Bundle, Bundle + HK3 Kit.
 [Buyer] Awesome. Before we proceed, is it completely brand new and factory sealed?
 [Merchant] Of course. It's an official global version, sealed box, with full warranty.
 [Buyer] Thanks. How much does it cost in total?
 [Merchant] The item is priced at 23,500 taka.
 [Buyer] What is your last price? I will take it for 22,027 taka.
 [Merchant] For you, 22,764 taka. That's genuinely the floor.
 [Buyer] Almost there. Do 22,564 taka and it's a deal.
 [Merchant] Okay, 22,564 taka. But that's absolutely the last adjustment.
 [Buyer] Almost there. Do 22,264 taka and it's a deal.
 [Merchant] That's really the limit - but fine, 22,264 taka since you're ordering today.
 [Buyer] Alright, 22,264 taka sounds fair. I'll take it. What are the delivery options and charges?
 [Merchant] Delivery is 100 taka inside Dhaka and 160 taka outside. We dispatch immediately upon order confirmation. Since it's a high-value item, our policy requires a 500 taka advance payment. You can pay the rest to the delivery man.
 [Buyer] Why the advance? I want 100% Cash on Delivery without any prior payment.
 [Merchant] I completely understand your concern. The advance simply ensures you are a serious buyer and covers our return shipping risk if the parcel is rejected. You can check our page reviews and physical shop address for peace of mind.
 [Buyer] Alright, that makes sense. I will send the 500 taka advance.
 [Merchant] Thank you for understanding! Please send 500 taka to 01758033329 (Merchant) and share the TrxID.
 [Buyer] Sent 500 taka. TrxID is BK52X325P. Please deliver to: Station Road, Gopalganj Sadar, Gopalganj. Mobile: 01712349911.
 [Merchant] Payment received and verified. Your order is confirmed. The remaining 21,864 taka will be collected on delivery.",yes,PURCHASE_COMMITTED,LowBaller,Viofo A129 Pro Duo 4K Dash Cam,Automotive & Riding Gear
10464,ENG_465,"[Buyer] Hello. Do you still have the Viofo A129 Pro Duo 4K Dash Cam?
 [Merchant] Hello. Yes, Viofo A129 Pro Duo 4K Dash Cam is in stock.
 [Buyer] Does it come with an SD card?
 [Merchant] No, the MicroSD card must be purchased separately. We recommend High Endurance cards. Hope that helps!
 [Buyer] Another thing: does it record while parked?
 [Merchant] Happy to clarify: yes, but you need to purchase and install the optional HK3 Hardwire Kit to enable buffered parking mode.
 [Buyer] Another thing: is there a GPS logger?
 [Merchant] Checking the spec sheet - yes, the bundled GPS mount stamps speed and location onto the footage.
 [Buyer] Does it have built-in WiFi to download videos?
 [Merchant] Yes, it features dual-band (2.4GHz & 5GHz) WiFi for fast video transfers to your phone.
 [Buyer] I had a technical question. How does it handle heat in summer?
 [Merchant] It uses a supercapacitor instead of a battery, which is far more heat-tolerant for Bangladesh summers.
 [Buyer] Nice. Does it come intact with the original factory seal?
 [Merchant] Brand new, untouched, seal intact. We don't sell refurbished items at all.
 [Buyer] Okay, that sounds good. How much are you asking for it?
 [Merchant] It's 23,500 taka, all inclusive.
 [Buyer] Alright. Do you do home delivery? And what is the fee?
 [Merchant] Delivery charge is 100 taka for Dhaka, 160 taka outside. Packages are fully insured. Since it's a high-value item, our policy requires a 500 taka advance payment. You can pay the rest to the delivery man.
 [Buyer] Fair enough. I'll send the 500 taka to confirm the booking.
 [Merchant] Thank you for understanding! Please send 500 taka to 01731635466 (Merchant) and share the TrxID.
 [Buyer] Sent 500 taka. TrxID is BK85X321P. Please deliver to: Sector 7, Road 18, House 5, Uttara, Dhaka. Mobile: 01822334455.
 [Merchant] Payment received and verified. Your order is confirmed. The remaining 23,100 taka will be collected on delivery.",yes,PURCHASE_COMMITTED,TechSpecsNerd,Viofo A129 Pro Duo 4K Dash Cam,Automotive & Riding Gear
10465,ENG_466,"[Buyer] hey, is the Samsung T7 Shield 2TB Portable SSD currently in stock?
 [Merchant] hello! yes we got it! stocks are moving super fast tho so grab yours quick!
 [Buyer] checking the ingress protection, does it actually handle water exposure?
 [Merchant] oh absolutely! IP65 dust and water resistance rating... totally ruggedized for field work! u wont regret it!
 [Buyer] what is the sustained transfer rate? need exact read and write figures.
 [Merchant] sure thing! u get blazing fast sequential read adn write up to 1050/1000 MB/s over USB 3.2 Gen 2. amazing performance guaranteed!
 [Buyer] hmm... those throughput numbers fall short of my workflow specs. appreciate the info though.
 [Merchant] no worries at all! do check back with us soon for more awesome gear!",no,INQUIRY_DROPOUT,Standard,Samsung T7 Shield 2TB Portable SSD,Computing & Peripherals
10466,ENG_467,"[Buyer] Checking stock on the Dyson Purifier Cool TP07. Need to confirm availability.
 [Merchant] hello there! Yes indeed, we have fresh stock ready and waiting for you.
 [Buyer] Outfitting an entire workspace here, so I'm buying in quantity. Do you offer volume discounts?
 [Merchant] Of course! We love supporting workspace orders. Buying 5+ units unlocks some very nice special savings for yuo
 [Buyer] What is the maximum sweep angle on the rotation motor?
 [Merchant] ok it is built with adjustable oscillation reaching up to 350 degrees to project purified air completely across the room. Please let me know if you need any other specs!
 [Buyer] curious how the hardware specs and sensor suite stack up against the entry-level variant.
 [Merchant] You get major upgrades in overall build quality and our official warranty backing. Plus, cheaper online listings are usually grey-market imports carrying zero local service support.
 [Buyer] What is the final unit price on this exact model?
 [Merchant] We currently have thsi priced at 68,000 taka.
 [Buyer] Got it. Appreciate the details.
 [Merchant] You're very welcome! Have a wonderful day ahead!",no,INQUIRY_DROPOUT,LowBaller,Dyson Purifier Cool TP07,Home & Kitchen Appliances
10467,ENG_468,"[Buyer] Hello. Interested in the Samsung T7 Shield 2TB Portable SSD. Still selling?
 [Merchant] Hi there! Thanks for reaching out. We do have it available.
 [Buyer] Any chance this is a used or open-box piece?
 [Merchant] Of course. It's an official global version, sealed box, with full warranty.
 [Buyer] Who handles warranty claims if something goes wrong?
 [Merchant] Full 1-year warranty. Just bring the invoice and we handle the rest.
 [Buyer] Another thing: can I record Apple ProRes directly to it from an iPhone 15 Pro?
 [Merchant] Happy to clarify: yes, it is fully compatible for direct ProRes 4K recording from the iPhone 15 Pro. Anything else you'd like to know?
 [Buyer] Quick one - what cables are included?
 [Merchant] Yes - you get both USB-C to C and USB-C to A cables in the box.
 [Buyer] One more on the specs. Is it water resistant?
 [Merchant] Yes - it has an IP65 rating for water and dust resistance, making it great for outdoor shoots. Let me know if you need more detail.
 [Buyer] Also, what are the read and write speeds?
 [Merchant] It delivers sequential read/write speeds of up to 1050/1000 MB/s via USB 3.2 Gen 2.
 [Buyer] Okay, that sounds good. How much are you asking for it?
 [Merchant] We are currently offering it for 22,500 taka.
 [Buyer] Could you give a small discount? My budget is closer to 21,394 taka.
 [Merchant] I can't do 21,394, but as a special offer for a quick deal, I can offer 21,947 taka.
 [Buyer] Meet me at 21,447 taka and I'll pay immediately.
 [Merchant] Okay, 21,447 taka. But that's absolutely the last adjustment.
 [Buyer] Okay, I'm happy with 21,447 taka. Book it for me. Okay, how does the delivery process work?
 [Merchant] Delivery charge is 100 taka for Dhaka, 160 taka outside. Packages are fully insured. For order confirmation, a 500 taka advance via bKash is mandatory. The balance is full Cash on Delivery (COD).
 [Buyer] I prefer paying everything when I have the product in my hands. Can we skip the advance?
 [Merchant] I completely understand your concern. The advance simply ensures you are a serious buyer and covers our return shipping risk if the parcel is rejected. You can check our page reviews and physical shop address for peace of mind.
 [Buyer] Alright, that makes sense. I will send the 500 taka advance.
 [Merchant] Thank you for understanding! Please send 500 taka to 01736602618 (Merchant) and share the TrxID.
 [Buyer] Sent 500 taka. TrxID is BK85X655P. Please deliver to: Shaheb Bazar, Master Para, Rajshahi. Mobile: 01819876543.
 [Merchant] Payment received and verified. Your order is confirmed. The remaining 21,047 taka will be collected on delivery.",yes,PURCHASE_COMMITTED,TechSpecsNerd,Samsung T7 Shield 2TB Portable SSD,Computing & Peripherals
10468,ENG_469,"[Buyer] Hello, is the Keychron Q1 Pro Custom Keyboard currently in stock?
 [Merchant] Greetings! Yes, we have brand new units in stock.
 [Buyer] Okay, that sounds good. How much are you asking for it?
 [Merchant] The current official price is 18,500 taka.
 [Buyer] Quick one - is the body plastic or metal?
 [Merchant] It has a premium full CNC machined aluminum body.
 [Buyer] Quick one - does it support wireless 2.4GHz dongle or only Bluetooth 5.1?
 [Merchant] The Q1 Pro operates on Bluetooth 5.1 and Type-C wired mode. It does not come with a 2.4GHz dongle.
 [Buyer] One more on the specs. What type of switches does it come with?
 [Merchant] Certainly. It comes pre-installed with Keychron K Pro Banana tactile switches, but it's fully hot-swappable.
 [Buyer] Could you give a small discount? My budget is closer to 16,852 taka.
 [Merchant] For you, 17,676 taka. That's genuinely the floor.
 [Buyer] Meet me at 17,176 taka and I'll pay immediately.
 [Merchant] You drive a hard bargain. 17,176 taka, final.
 [Buyer] Okay, I'm happy with 17,176 taka. Book it for me. Do you deliver outside Dhaka?
 [Merchant] We offer home delivery all over Bangladesh via Steadfast/Pathao. Inside Dhaka is 100 taka (24 hours), Outside Dhaka is 160 taka (48-72 hours). We just need 500 taka sent to our merchant bKash as a security deposit for the courier. The remaining amount will be collected as COD.
 [Buyer] Why the advance? I want 100% Cash on Delivery without any prior payment.
 [Merchant] Sir, it's just 500 taka for courier security. We have a solid 5-year track record and thousands of reviews. We cannot bypass this policy, unfortunately.
 [Buyer] Sure, I'll pay the advance. Please share your bKash number.
 [Merchant] Thank you for understanding! Please send 500 taka to 01772233733 (Merchant) and share the TrxID.
 [Buyer] Sent 500 taka. TrxID is BK64X673P. Please deliver to: College Road, Bogra Sadar, Bogura. Mobile: 01923456789.
 [Merchant] Payment received and verified. Your order is confirmed. The remaining 16,776 taka will be collected on delivery.",yes,PURCHASE_COMMITTED,DeliveryObsessed,Keychron Q1 Pro Custom Keyboard,Computing & Peripherals
10469,ENG_470,"[Buyer] Good afternoon, I am looking for the Breville Barista Express Espresso Machine. Can you confirm stock?
 [Merchant] Hello. Yes, Breville Barista Express Espresso Machine is in stock.
 [Buyer] Is this worth it over the previous generation?
 [Merchant] It's a genuine step up, and more importantly ours is official stock with real warranty support.
 [Buyer] Who handles warranty claims if something goes wrong?
 [Merchant] 1-year replacement warranty against manufacturing defects, processed at our outlet.
 [Buyer] Also, how long does it take to heat up?
 [Merchant] To be precise, about 30 seconds from cold to first shot thanks to the Thermocoil.
 [Buyer] I see. And What is the water tank capacity?
 [Merchant] Let me confirm that for you. The removable tank holds 2 litres, which is roughly 15-18 double shots. Let me know if you need more detail.
 [Buyer] Can you send me a real photo of the actual unit, not a stock image?
 [Merchant] Sure, sending a live photo of the sealed unit from our shelf right now.
 [Buyer] Sorry, one more time: is this in hand, or do you have to bring it in?
 [Merchant] Ready stock, sir. Not pre-order. It's on our shelf right now.
 [Buyer] Good to know. Can you confirm if this is official brand new stock with warranty?
 [Merchant] Yes sir, we only deal in genuine, factory-sealed products. It's completely brand new.
 [Buyer] Alright. So what is the final price for this?
 [Merchant] For the genuine sealed unit, the price is 78,000 taka.
 [Buyer] Any chance you can lower the price a bit? Maybe 75,135 taka?
 [Merchant] For you, 76,568 taka. That's genuinely the floor.
 [Buyer] Can you shave off a little more? Round it to 76,368 taka and I'll confirm now.
 [Merchant] You drive a hard bargain. 76,368 taka, final.
 [Buyer] Okay, I'm happy with 76,368 taka. Book it for me. I need it delivered to my home. What's the procedure?
 [Merchant] We use premium courier services. It takes 1 day for Dhaka (100 taka) and 2-3 days outside (160 taka). To confirm the order, we require a small 500 taka advance via bKash to cover the courier booking fee. The rest is Cash on Delivery.
 [Buyer] Great, full COD works for me. Let's do it.
 [Merchant] Perfect. Please share your full delivery address and mobile number to book the parcel.
 [Buyer] Address: Building 24, Road 8, Mirpur DOHS, Dhaka. Mobile: 01822334455.
 [Merchant] Order confirmed and booked. Full 76,528 taka is payable to the rider on delivery.",yes,PURCHASE_COMMITTED,Skeptic,Breville Barista Express Espresso Machine,Home & Kitchen Appliances
10470,ENG_471,"[Buyer] Dyson Purifier Cool TP07 stock?
 [Merchant] Hello ma'am! Yes, the Dyson Purifier Cool TP07 is currently in stock at our store.
 [Buyer] Who handles warranty service?
 [Merchant] we provide a 1-year replacement warranty for manufacturing defects, handled directly at our outlet, sir
 [Buyer] WiFi support?
 [Merchant] Yes ma'am, you can connect it to WiFi and manage air quality in real-time through the MyDyson app.
 [Buyer] Noisy sleeping?
 [Merchant] It features a dedicated night mode that lowers fan speed and darkens the display so you can sleep peacefully, sir.
 [Buyer] Better than old version?
 [Merchant] as an authorized reseller with a physical store, we ensure complete peace of mind if any issues arise, ma'am.
 [Buyer] Discount price?
 [Merchant] The fixed official price for this model is 68,000 taka, sir.
 [Buyer] Too high. Pass.
 [Merchant] Understood, ma'am! Feel free to reach out if you need assistance with anything else",no,INQUIRY_DROPOUT,Ghoster,Dyson Purifier Cool TP07,Home & Kitchen Appliances
10471,ENG_472,"[Buyer] good afternoon, please could you tell me if you have the Keychron Q1 Pro Custom Keyboard available right now?
 [Merchant] yes in stock.
 [Buyer] Thank you for checking. Could you please let me know how much it costs?
 [Merchant] 18,500 taka total
 [Buyer] Could you please tell me what the layout size of this keyboard is?
 [Merchant] 75% compact layout with knob. function row and arrows included.
 [Buyer] I was wondering, please, if it works with a wireless 2.4GHz dongle, or if it only supports Bluetooth 5.1?
 [Merchant] bluetooth 5.1 and wired type-c only. no 2.4ghz dongle included.
 [Buyer] That is a bit costly for me. Is there any discount yuo can offer, please?
 [Merchant] pirce is fixed pretty much... ok can do 17,778 taka for u.
 [Buyer] Thank you. If you can please do 17,578 taka, I will buy it right now.
 [Merchant] fine 17,578 taka final price.
 [Buyer] Thank you for your patience, but please let me think about it overnight and I will message you again if I decide to buy
 [Merchant] sure np text anytime",no,DEFERRED_CONSIDERATION,Urgent,Keychron Q1 Pro Custom Keyboard,Computing & Peripherals
10472,ENG_473,"[Buyer] Keychron Q1 Pro Custom Keyboard stock status?
 [Merchant] Greeting. Yes, the unit is currently in stock and available for immediate dispatch.
 [Buyer] Official warranty included?
 [Merchant] yes affirmative. This is 100% genuine factory sealed inventory backed by official warranty.
 [Buyer] Case material?
 [Merchant] The chassis features a full CNC machined aluminum body as per manufacturer specifications.
 [Buyer] switch options?
 [Merchant] It comes pre-built with Keychron K Pro Banana tactile switches and is fully hot-swappable
 [Buyer] QMK/VIA support?
 [Merchant] Yes, full QMK and VIA compatibility is supported natively for complete macro and key remapping.
 [Buyer] Improvements over last gen?
 [Merchant] enhanced build quality and official warranty coverage differentiate this from unauthorized imports lacking local service.
 [Buyer] Cost?
 [Merchant] The official retail pricing is set at 18,500 taka.
 [Buyer] Noted.
 [Merchant] Understood. Please let us know if you require further assistance with your purchase decision.",no,DEFERRED_CONSIDERATION,Standard,Keychron Q1 Pro Custom Keyboard,Computing & Peripherals
10473,ENG_474,"[Buyer] Hi there, is the Viofo A129 Pro Duo 4K Dash Cam available in ready stock?
 [Merchant] Hello! In stock and ready to dispatch today.
 [Buyer] Any chance this is a used or open-box piece?
 [Merchant] Yes, it is 100% official brand new, factory sealed with all accessories.
 [Buyer] How soon can it reach me? I need it urgently.
 [Merchant] We can prioritize your parcel. Confirm now and it goes out with today's pickup.
 [Buyer] Sorry, one more time: is this in hand, or do you have to bring it in?
 [Merchant] In hand and ready. You can even come see it at our outlet.
 [Buyer] Which colors do you have in stock?
 [Merchant] We currently stock Standard Bundle, Bundle + HK3 Kit. All at the same price.
 [Buyer] Does it record while parked?
 [Merchant] Happy to clarify: yes, but you need to purchase and install the optional HK3 Hardwire Kit to enable buffered parking mode.
 [Buyer] Another thing: does it have built-in WiFi to download videos?
 [Merchant] Good question. Yes, it features dual-band (2.4GHz & 5GHz) WiFi for fast video transfers to your phone. Let me know if you need more detail.
 [Buyer] I see. And How does it handle heat in summer?
 [Merchant] It uses a supercapacitor instead of a battery, which is far more heat-tolerant for Bangladesh summers. Anything else you'd like to know?
 [Buyer] Also, is there a GPS logger?
 [Merchant] Yes, the bundled GPS mount stamps speed and location onto the footage.
 [Buyer] Great. What's your best price for this item?
 [Merchant] It's 23,500 taka, all inclusive.
 [Buyer] Could you give a small discount? My budget is closer to 20,517 taka.
 [Merchant] Margin is tight, but I want to make this sale. I'll agree to 22,009 taka.
 [Buyer] Okay, I'm happy with 22,009 taka. Book it for me. What are the delivery options and charges?
 [Merchant] We offer home delivery all over Bangladesh via Steadfast/Pathao. Inside Dhaka is 100 taka (24 hours), Outside Dhaka is 160 taka (48-72 hours). Since it's a high-value item, our policy requires a 500 taka advance payment. You can pay the rest to the delivery man.
 [Buyer] Is the advance strictly necessary? I'd rather do full COD.
 [Merchant] Okay, since you're local and reachable by phone, we'll do full COD this time.
 [Buyer] Great, full COD works for me. Let's do it.
 [Merchant] Perfect. Please share your full delivery address and mobile number to book the parcel.
 [Buyer] Address: Flat 3A, House 7, Road 27, Mohammadpur, Dhaka. Mobile: 01819876543.
 [Merchant] Order confirmed and booked. Full 22,109 taka is payable to the rider on delivery.",yes,PURCHASE_COMMITTED,Urgent,Viofo A129 Pro Duo 4K Dash Cam,Automotive & Riding Gear
10474,ENG_475,"[Buyer] so hey... is the Keychron Q1 Pro Custom Keyboard currently in physical inventory?
 [Merchant] yes greetings. Yes, this unit is currently in stock and available for immediate dispatch
 [Buyer] quick chassis check... is the enclosure molded polymer or milled alloy?
 [Merchant] We can confirm that it features a precision-engineered full CNC machined aluminum body, ensuring maximum durability and structural integrity.
 [Buyer] got it. just to double check, is the retail box unblemished and factory sealed?
 [Merchant] Affirmative. All units are 100% official, brand new, factory sealed, and include original manufacturer accessories alongside our standard warranty coverage.
 [Buyer] perfect. what's the exact price tag on this?
 [Merchant] The retail price for this model is fixed at 18,500 taka.
 [Buyer] alright, appreciate teh details.
 [Merchant] ok thank you for your inquiry. Please feel free to reach out whenever you are ready to proceed with your purchase.",no,DEFERRED_CONSIDERATION,LowBaller,Keychron Q1 Pro Custom Keyboard,Computing & Peripherals
10475,ENG_476,"[Buyer] hello there... hope you are well. do you happen to have the Dyson Purifier Cool TP07 in stock right now? plz confirm
 [Merchant] thank you for contacting our store. We can confirm that this model is currently available in our inventory
 [Buyer] oh thats wonderful! can u arrange a same day delivery by any chance? buying this as a present adn time is running out fast...
 [Merchant] should yuor order be confirmed within the upcoming hour, dispatch will occur today for delivery by tomorrow within Dhaka.
 [Buyer] awesome news. before we move forward though, is it totally brand new adn properly factory sealed?
 [Merchant] Every unit is factory sealed, brand new, and completely untouched. Our establishment strictly prohibits the sale of refurbished merchandise.
 [Buyer] got a quick tech query for u... does this one connect to wifi properly?
 [Merchant] ok yes, connectivity via WiFi is fully supported, allowing real-time air quality tracking and device operation through the MyDyson application.
 [Buyer] also just wondering, does it actually cool down a room like a regular AC unit?
 [Merchant] ok to clarify our product specifications, it functions strictly as a fan and purifier combination. Purified airflow is circulated, but no refrigeration compressor is present to reduce ambient room temperature.
 [Buyer] ah i see... um, how wide is the oscillation sweep?
 [Merchant] that is an insightful inquiry. The appliance incorporates customizable oscillation reaching up to 350 degrees for comprehensive air distribution throughout the entire space
 [Buyer] well hope it isnt too loud or noisy during nighttime use?
 [Merchant] We are pleased to reassure you that a dedicated night mode is integrated, automatically limiting fan velocity and dimming the illumination.
 [Buyer] makes total sense. could you please tell me what the current pirce is?
 [Merchant] teh verified retail price for this authentic, sealed unit is established at 68,000 taka.
 [Buyer] right hey is there any best pirce possible? if u can do 65,215 taka i'll take it right now thnx
 [Merchant] yes we appreciate your offer, adn while we cannot drop that low, a modest price adjustment can be applied. The absolute final rate is 66,608 taka. Do we have an agreement?
 [Buyer] deal agreed at 66,608 taka then! lets go ahead wiht it. what are the delivery charges and choices available?
 [Merchant] yes nationwide home delivery is facilitated through Steadfast and Pathao courier services. Dhaka city deliveries cost 100 taka arriving within 24 hours, whereas locations outside Dhaka cost 160 taka taking 48 to 72 hours. Order finalization necessitates a minor 500 taka advance payment via bKash for the courier booking, with the remaining balance collected via Cash on Delivery.
 [Buyer] sounds fair, i will clear the advance right away. kindly give me your bKash merchant number plz
 [Merchant] Thank you for yuor cooperation and trust. Please transfer 500 taka to our merchant account at 01732377273 and provide the transaction reference ID
 [Buyer] payment of 500 taka sent successfully. trxid is BK58X226P. delivery details: Flat 3A, House 7, Road 27, Mohammadpur, Dhaka. phone is 01712349911. thnx again!
 [Merchant] the transaction has been successfully received and authenticated. Your purchase is officially confirmed. The outstanding balance of 66,208 taka will be collected upon final delivery.",yes,PURCHASE_COMMITTED,DeliveryObsessed,Dyson Purifier Cool TP07,Home & Kitchen Appliances
10476,ENG_477,"[Buyer] Good afternoon, I am looking for the Dyson Purifier Cool TP07. Can you confirm stock?
 [Merchant] Hello! In stock and ready to dispatch today.
 [Buyer] Another shop is offering a similar item cheaper. Why should I buy from you?
 [Merchant] Price differences usually come from unofficial imports. Ours is official, with paperwork.
 [Buyer] What variants are available right now?
 [Merchant] Available variants are White/Silver, Black/Nickel.
 [Buyer] Quick one - does it connect to WiFi?
 [Merchant] Checking the spec sheet - yes, you can control it and monitor air quality in real-time using the MyDyson app via WiFi. That's straight from the official spec sheet.
 [Buyer] Another thing: how often do filters need replacing?
 [Merchant] Roughly every 12 months at 12 hours of daily use; the app tracks remaining filter life. Let me know if you need more detail.
 [Buyer] I had a technical question. What kind of filters does it use?
 [Merchant] It uses a fully sealed HEPA H13 standard filter that captures 99.97% of particles as small as 0.3 microns.
 [Buyer] I see. And How far does it oscillate?
 [Merchant] It features adjustable oscillation up to 350 degrees to project air across the whole room. Let me know if you need more detail.
 [Buyer] Okay, that sounds good. How much are you asking for it?
 [Merchant] For the genuine sealed unit, the price is 68,000 taka.
 [Buyer] Right, thanks for explaining everything.
 [Merchant] That's alright. Best of luck with your search!",no,INQUIRY_DROPOUT,LowBaller,Dyson Purifier Cool TP07,Home & Kitchen Appliances
10477,ENG_478,"[Buyer] ok hi there! I was wondering if you happen to have the Breville Barista Express Espresso Machine available right now?
 [Merchant] yes good day, ma'am. Yes, absolutely, we have it in stock and ready for dispatch
 [Buyer] Hope you're having a good day. Are these factory fresh or used pieces? I only buy unopened ones.
 [Merchant] sure rest assured, ma'am, it is entirely brand new with the factory seals intact. We never deal in refurbished products
 [Buyer] thanks for checking that. Just one more little question about the specs... what is the portafilter size on this one?
 [Merchant] Certainly, sir. It comes equipped wiht a standard 54mm stainless steel portafilter. I hope that helps you decide.
 [Buyer] well ah sounds wonderful. Could you please let me know what the price is on this?
 [Merchant] The price for this item is set at 78,000 taka, sir.
 [Buyer] Hmm can you do a better price? If u can make it 76,661 taka I will take it today.
 [Merchant] for you, sir, we can offer a special price of 77,331 taka. Please understand that is our absolute lowest limit.
 [Buyer] We are very close now... meet me at 77,031 taka and we have a deal, alright?
 [Merchant] sure you are a very tough negotiator, sir. Very well, 77,031 taka is our final price.
 [Buyer] ok ok 77,031 taka is fine by me. Please lock in my order... how soon can u ship it out to my place?
 [Merchant] sure we ship safely across Bangladesh through Steadfast and Pathao, sir. Delivery inside Dhaka is 100 taka taking 24 hours, while outside Dhaka is 160 taka taking 48-72 hours. We simply require an advance of 500 taka sent to our bKash merchant account as a security deposit, and the rest will be paid via cash on delivery.
 [Buyer] Why do I need to send advance money though? Is there any way to do complete cash on delivery without any prior payment?
 [Merchant] This advance deposit is our standard policy to prevent fake orders, sir. To give you complete peace of mind, we also provide an open-box inspection right in front of the delivery agent before you pay the remaining balance.
 [Buyer] hmm alright that makes sense, I will send the advance now. Kindly drop your bKash number here.
 [Merchant] Thank you so much for your kind cooperation, sir. Kindly transfer 500 taka to our merchant bKash number at 01717198446 and provide us with the TrxID.
 [Buyer] done, sent 500 taka. Here is the TrxID: BK32X807P. Please ship to Flat 3A, House 7, Road 27, Mohammadpur, Dhaka. Contact number is 01923456789
 [Merchant] we have successfully received and verified your payment, sir. Your order is now officially confirmed, and the remaining 76,631 taka will be collected at the time of delivery.",yes,PURCHASE_COMMITTED,Standard,Breville Barista Express Espresso Machine,Home & Kitchen Appliances
10478,ENG_479,"[Buyer] hi u guys got breville barista express espresso machine ready?
 [Merchant] Greetings, valued customer! Yes, we currently have brand new units in stock, ready for immediate purchase.
 [Buyer] ok cool jsut makin sure it's 100% sealed and unopened tho
 [Merchant] Rest assured, it is completely brand new with the factory seal fully intact. We never deal in refurbished items.
 [Buyer] wait just to be safe... it's actually in store right now right? no waiting?
 [Merchant] Yes, sir, this is physical ready stock, absolutely no pre-order required. It is sitting on our showroom shelf right now.
 [Buyer] got any receipt or papers to prove it's legit?
 [Merchant] Certainly! Allow us to share a quick video showing the exact box we have here in our showroom.
 [Buyer] one more thing abt features... can u use it to steam milk manually for art?
 [Merchant] Let us check the specifications for you. Yes, it features a powerful steam wand designed specifically for hand-texturing microfoam milk for latte art.
 [Buyer] is it single boiler or dual boiler tho?
 [Merchant] According to the official spec sheet, it is equipped with a single Thermocoil heating system, meaning you will brew your espresso and steam your milk sequentially rather than simultaneously.
 [Buyer] thnx. whats the final price btw?
 [Merchant] The fixed selling price for this machine is 78,000 taka, ma'am/sir.
 [Buyer] any discount? 76,431 taka and ill take it rn
 [Merchant] We sincerely apologize, sir, but we are unable to accept that offer. Our price of 78,000 taka is already set as low as possible for 100% authentic stock.
 [Buyer] ah ok got it thnx for clearing it up
 [Merchant] Understood, thank you very much for getting in touch with us today. Have a wonderful day!",no,INQUIRY_DROPOUT,Skeptic,Breville Barista Express Espresso Machine,Home & Kitchen Appliances
10479,ENG_480,"[Buyer] hey u guys got sony wh-1000xm5 right now?
 [Merchant] Hello! Absolutely, we have fresh pieces ready to ship out today!
 [Buyer] how much better is the anc than xm4 tho
 [Merchant] Great inquiry! It packs two processors and 8 microphones for a massive leap in noise cancellation, particularly on high-frequency sounds. Grab yours before someone else does!
 [Buyer] got fast charging?
 [Merchant] Yes indeed, plugging it in for just 3 minutes nets you about 3 hours of playback!
 [Buyer] other places sell it lower tho why u guys
 [Merchant] Our units are 100 percent official inventory backed by genuine warranty support, so you are getting total peace of mind!
 [Buyer] thnx... whats the total price tho
 [Merchant] It is set at 32,000 taka.
 [Buyer] oof a bit high any discount plz
 [Merchant] I can't go down to 29,841, but for a fast decision right now, I can give it to you for 30,921 taka!
 [Buyer] thnx for the drop but lemme think abt it 1st ok
 [Merchant] No problem at all! Drop us a message whenever you are ready, but hurry because our stock is moving super fast!",no,DEFERRED_CONSIDERATION,Ghoster,Sony WH-1000XM5 Wireless Headphones,Audio & Visual Gear
10480,ENG_481,"[Buyer] Keychron Q1 Pro Custom Keyboard. Available?
 [Merchant] ok hello there! Yes, it's fully in stock and ready for us to ship out today!
 [Buyer] Layout size?
 [Merchant] It is a 75% compact layout featuring a convenient knob, so all your function and arrow keys stay right there.
 [Buyer] hmm aluminum or plastic casing?
 [Merchant] It features a gorgeous full CNC machined aluminum body, feels very solid!
 [Buyer] Need it today. Possible?
 [Merchant] If you can finalize the order within the next hour, we'll dispatch it today so it arrives tomorrow inside Dhaka.
 [Buyer] hmm price?
 [Merchant] the price for the item is 18,500 taka.
 [Buyer] 16,637 taka?
 [Merchant] We can do 17,569 taka just for you. That is truly the lowest we can go
 [Buyer] Shipping terms and costs?
 [Merchant] We use trusted couriers. Dhaka delivery takes 1 day for 100 taka, and outside takes 2-3 days for 160 taka. We only require 500 taka sent to our merchant bKash as a security deposit for shipping, and the rest is collected via COD.
 [Buyer] No advance. COD for full amount only.
 [Merchant] I totally understand why you'd feel that way! The small advance just helps us confirm orders are genuine and protects us against return shipping costs if a parcel gets rejected. Please feel free to check our glowing page reviews and our physical shop address to feel completely secure.
 [Buyer] No prepayments here. Getting it offline. Cancel.
 [Merchant] No problem at all, I am cancelling it now. We are sorry we couldn't make this work for yuo this time!",no,EXPLICIT_REJECTION,Urgent,Keychron Q1 Pro Custom Keyboard,Computing & Peripherals
10481,ENG_482,"[Buyer] Hello, do you have the Fujifilm X-T30 II Mirrorless Camera in stock? Please confirm.
 [Merchant] Hello! In stock and ready to dispatch today.
 [Buyer] What makes your listing different from the ones on Daraz?
 [Merchant] It's a genuine step up, and more importantly ours is official stock with real warranty support.
 [Buyer] What is the sensor resolution?
 [Merchant] Happy to clarify: it uses a 26.1MP X-Trans CMOS 4 APS-C sensor. Anything else you'd like to know?
 [Buyer] I had a technical question. Can it shoot 4K video?
 [Merchant] Happy to clarify: yes, it records oversampled 4K/30p video with no crop. Hope that helps!
 [Buyer] Quick one - does it have in-body image stabilization (IBIS)?
 [Merchant] No, the X-T30 II does not have IBIS. Stabilization relies on OIS-equipped lenses like the one included. Hope that helps!
 [Buyer] I had a technical question. Does it have a microphone input?
 [Merchant] Yes, there's a 3.5mm mic jack, and headphone monitoring works via the USB-C adapter. Hope that helps!
 [Buyer] Okay, that sounds good. How much are you asking for it?
 [Merchant] The current official price is 98,000 taka.
 [Buyer] That's a bit steep. Can you offer any discount on that?
 [Merchant] Since you are confirming today, I can meet you in the middle at 97,363 taka.
 [Buyer] Almost there. Do 97,163 taka and it's a deal.
 [Merchant] That's really the limit - but fine, 97,163 taka since you're ordering today.
 [Buyer] Alright, 97,163 taka sounds fair. I'll take it. Do you deliver outside Dhaka?
 [Merchant] We offer home delivery all over Bangladesh via Steadfast/Pathao. Inside Dhaka is 100 taka (24 hours), Outside Dhaka is 160 taka (48-72 hours). We just need 500 taka sent to our merchant bKash as a security deposit for the courier. The remaining amount will be collected as COD.
 [Buyer] I prefer paying everything when I have the product in my hands. Can we skip the advance?
 [Merchant] I completely understand your concern. The advance simply ensures you are a serious buyer and covers our return shipping risk if the parcel is rejected. You can check our page reviews and physical shop address for peace of mind.
 [Buyer] Sure, I'll pay the advance. Please share your bKash number.
 [Merchant] Thank you for understanding! Please send 500 taka to 01726601338 (Merchant) and share the TrxID.
 [Buyer] Sent 500 taka. TrxID is BK68X466P. Please deliver to: House 102, Road 5, Block B, Bashundhara R/A, Dhaka. Mobile: 01819876543.
 [Merchant] Payment received and verified. Your order is confirmed. The remaining 96,823 taka will be collected on delivery.",yes,PURCHASE_COMMITTED,Ghoster,Fujifilm X-T30 II Mirrorless Camera,Audio & Visual Gear
10482,ENG_483,"[Buyer] hi u guys have sony wh-1000xm5 right now
 [Merchant] Hello there! Yes indeed, we have brand new units available right now.
 [Buyer] wait just to be sure... u actually have it ready or have to order it
 [Merchant] Totally ready and in stock! You are also welcome to drop by our outlet to check it out in person.
 [Buyer] can u use them with a cable if battery runs out
 [Merchant] That is a very good question! Yes, it includes a 3.5mm headphone cable so you can listen passively.
 [Buyer] whats the warranty on this
 [Merchant] It comes with a full 1-year warranty. Just keep your invoice with you and we will take care of everything else!
 [Buyer] one more thing does it do multipoint bluetooth
 [Merchant] Yes, absolutely! You can connect to two devices at the same time, like your phone and laptop seamlessly.
 [Buyer] ah damn thats not what i need thnx anyway
 [Merchant] Not a problem at all. Best of luck with your search!",no,INQUIRY_DROPOUT,Skeptic,Sony WH-1000XM5 Wireless Headphones,Audio & Visual Gear
10483,ENG_484,"[Buyer] Hello. Interested in the Keychron Q1 Pro Custom Keyboard. Still selling?
 [Merchant] Hi! Absolutely, we have it ready for you.
 [Buyer] Alright. So what is the final price for this?
 [Merchant] For the genuine sealed unit, the price is 18,500 taka.
 [Buyer] Can I see the invoice or import papers to verify it's official?
 [Merchant] Of course - here's a short video of the actual box in our showroom.
 [Buyer] What kind of warranty do I get with this?
 [Merchant] 1-year replacement warranty against manufacturing defects, processed at our outlet.
 [Buyer] Does it support wireless 2.4GHz dongle or only Bluetooth 5.1?
 [Merchant] Yes - the Q1 Pro operates on Bluetooth 5.1 and Type-C wired mode. It does not come with a 2.4GHz dongle. Anything else you'd like to know?
 [Buyer] I see. And What is the keyboard layout size?
 [Merchant] It's a 75% compact layout with a knob, so you keep the function row and arrow keys.
 [Buyer] Does it support QMK/VIA for key remapping?
 [Merchant] Let me confirm that for you. Yes, it fully supports QMK and VIA right out of the box for custom keymaps and macros. Let me know if you need more detail.
 [Buyer] Good to know. Can you confirm if this is official brand new stock with warranty?
 [Merchant] Of course. It's an official global version, sealed box, with full warranty.
 [Buyer] Any chance you can lower the price a bit? Maybe 17,221 taka?
 [Merchant] Since you are confirming today, I can meet you in the middle at 17,861 taka.
 [Buyer] Deal at 17,861 taka. Let's proceed. Alright. Do you do home delivery? And what is the fee?
 [Merchant] Delivery charge is 100 taka for Dhaka, 160 taka outside. Packages are fully insured. We just need 500 taka sent to our merchant bKash as a security deposit for the courier. The remaining amount will be collected as COD.
 [Buyer] Great, full COD works for me. Let's do it.
 [Merchant] Perfect. Please share your full delivery address and mobile number to book the parcel.
 [Buyer] Address: Station Road, Gopalganj Sadar, Gopalganj. Mobile: 01711223388.
 [Merchant] Order confirmed and booked. Full 17,961 taka is payable to the rider on delivery.",yes,PURCHASE_COMMITTED,Skeptic,Keychron Q1 Pro Custom Keyboard,Computing & Peripherals
10484,ENG_485,"[Buyer] Hello! I saw your post regarding the Sony WH-1000XM5 Wireless Headphones. Do you have it?
 [Merchant] Hi! Absolutely, we have it ready for you.
 [Buyer] Does it support multi-point Bluetooth connection?
 [Merchant] Checking the spec sheet - yes, you can connect it to two devices simultaneously, like your phone and laptop.
 [Buyer] Another thing: what is the battery life like with ANC on?
 [Merchant] To be precise, you get up to 30 hours of battery life with noise cancellation turned on. That's straight from the official spec sheet.
 [Buyer] Sorry, one more time: is this in hand, or do you have to bring it in?
 [Merchant] In hand and ready. You can even come see it at our outlet.
 [Buyer] Is this new or refurbished? I only want brand new.
 [Merchant] Yes, it is 100% official brand new, factory sealed with all accessories.
 [Buyer] Could you share a picture of the sealed box with today's date?
 [Merchant] Of course - here's a short video of the actual box in our showroom.
 [Buyer] Great. What's your best price for this item?
 [Merchant] For the genuine sealed unit, the price is 32,000 taka.
 [Buyer] Any chance you can lower the price a bit? Maybe 30,828 taka?
 [Merchant] I can't do 30,828, but as a special offer for a quick deal, I can offer 31,414 taka.
 [Buyer] Can you shave off a little more? Round it to 31,214 taka and I'll confirm now.
 [Merchant] That's really the limit - but fine, 31,214 taka since you're ordering today.
 [Buyer] Alright, 31,214 taka sounds fair. I'll take it. How fast can you deliver it to my address?
 [Merchant] We use premium courier services. It takes 1 day for Dhaka (100 taka) and 2-3 days outside (160 taka). We just need 500 taka sent to our merchant bKash as a security deposit for the courier. The remaining amount will be collected as COD.
 [Buyer] Why the advance? I want 100% Cash on Delivery without any prior payment.
 [Merchant] It is standard procedure to avoid fake courier requests. We offer an open-box inspection in front of the rider before you pay the remaining COD amount.
 [Buyer] Fair enough. I'll send the 500 taka to confirm the booking.
 [Merchant] Thank you for understanding! Please send 500 taka to 01769215267 (Merchant) and share the TrxID.
 [Buyer] Sent 500 taka. TrxID is BK77X886P. Please deliver to: Station Road, Gopalganj Sadar, Gopalganj. Mobile: 01822334455.
 [Merchant] Payment received and verified. Your order is confirmed. The remaining 30,814 taka will be collected on delivery.",yes,PURCHASE_COMMITTED,Skeptic,Sony WH-1000XM5 Wireless Headphones,Audio & Visual Gear
10485,ENG_486,"[Buyer] hey... u guys still got the Dyson Purifier Cool TP07?
 [Merchant] Hello there! Yes, absolutely, the Dyson Purifier Cool TP07 is currently in stock and ready to ship.
 [Buyer] is it too loud when tryna sleep?
 [Merchant] We completely understand your concern! It features a dedicated night mode that automatically lowers the fan speed and dims the display so you can sleep peacefully.
 [Buyer] also umm how often do filters need changing?
 [Merchant] On average, the filter lasts about 12 months if used for 12 hours a day. Plus, the app conveniently tracks the exact remaining filter life for you!
 [Buyer] does it have wifi tho?
 [Merchant] Yes it does! You can easily control all settings and check your indoor air quality in real-time through the MyDyson app over WiFi. Hope that helps!
 [Buyer] wait does it chill the room like an ac?
 [Merchant] Just to clarify, it functions as a high-end fan and air purifier. While it circulates clean, purified air wonderfully, it does not include a compressor to drop room temperature like an air conditioner.
 [Buyer] ok cool... what's the last price?
 [Merchant] Our standard price for this premium unit is 68,000 taka.
 [Buyer] damn thats pricey. any discount plz?
 [Merchant] We cannot go down to 65,194, taka but to help you out for a quick deal, we can offer a special price of 66,597 taka.
 [Buyer] hmm close. make it 66,097 taka n we have a deal
 [Merchant] Alright, taka 66,097 it is! Please keep in mind that this is our absolute final price adjustment.
 [Buyer] need home delivery. how does it work?
 [Merchant] The delivery charge is 100 taka inside Dhaka and 160 taka for outside Dhaka. All our packages are fully insured for your safety. To secure your booking, we kindly ask for a small 500 taka advance via bKash, and the remaining amount can be paid via Cash on Delivery.
 [Buyer] nah sry I dont trust sending advance cuz pages block u after. can u do full cod?
 [Merchant] We completely understand your hesitation. Please rest assured that the small advance only secures your order and covers return shipping if the package gets rejected unexpectedly. Feel free to check our glowing customer reviews and our physical shop location for complete peace of mind.
 [Buyer] hmm lemme think bout the advance thing and ill get back to u ok?
 [Merchant] Take all the time you need! Just keep in mind that our stock updates quite fast, so try not to wait too long. We are always here to help!",no,DEFERRED_CONSIDERATION,LowBaller,Dyson Purifier Cool TP07,Home & Kitchen Appliances
10486,ENG_487,"[Buyer] Hello there! Hope you're having a nice day. I'm looking to grab the Samsung T7 Shield 2TB Portable SSD, jsut wanted to check if you have it in stock
 [Merchant] sure yes. samsung t7 shield 2tb portable ssd available now
 [Buyer] That's wonderful! Could you tell me what kind of warranty comes with this item?
 [Merchant] official 1-year coverage. water and physical damage not included, standard policy.
 [Buyer] thanks so much for explaining. By any chance, do you have a quick video showing the actual item in your store?
 [Merchant] sure, sending short clip of real box from showroom.
 [Buyer] well oh that's helpful, thank you. Just to be completely sure, do you actually have this right here, or is it something you need to order?
 [Merchant] ready stock. not pre-order. shelf item.
 [Buyer] ok awesome! I just want to double-check, is it rugged and resistant to drops?
 [Merchant] tough rubber body, survives drops up to 3 meters. official specs say so.
 [Buyer] that sounds amazing! Could you please let me know the price for it?
 [Merchant] price is 22,500 taka.
 [Buyer] I see, thanks. Is there any room for a tiny discount? My budget is sitting around 21,308 taka.
 [Merchant] yes locking it in today? okay, can do 21,904 taka for you.
 [Buyer] That would be fantastic. I need it sent right to my house, could you tell me how that works?
 [Merchant] yes fast courier delivery. dhaka takes 1 day for 100 taka, outside takes 2-3 days for 160 taka
 [Buyer] Perfect, I appreciate all your help! Let me just figure out my schedule for when it arrives and I will message you back shortly.
 [Merchant] ok, message anytime. inventory moves fast though",no,DEFERRED_CONSIDERATION,TrustSeeker,Samsung T7 Shield 2TB Portable SSD,Computing & Peripherals
10487,ENG_488,"[Buyer] Hi, quick question - Keychron Q1 Pro Custom Keyboard, in stock right now?
 [Merchant] Hello! In stock and ready to dispatch today.
 [Buyer] Good to know. Can you confirm if this is official brand new stock with warranty?
 [Merchant] Brand new, untouched, seal intact. We don't sell refurbished items at all.
 [Buyer] Does the warranty cover manufacturing defects?
 [Merchant] Full 1-year warranty. Just bring the invoice and we handle the rest.
 [Buyer] What type of switches does it come with?
 [Merchant] Absolutely. It comes pre-installed with Keychron K Pro Banana tactile switches, but it's fully hot-swappable.
 [Buyer] Is the body plastic or metal?
 [Merchant] Absolutely. It has a premium full CNC machined aluminum body. Let me know if you need more detail.
 [Buyer] I see. And What is the keyboard layout size?
 [Merchant] It's a 75% compact layout with a knob, so you keep the function row and arrow keys. That's straight from the official spec sheet.
 [Buyer] Quick one - does it support QMK/VIA for key remapping?
 [Merchant] Happy to clarify: yes, it fully supports QMK and VIA right out of the box for custom keymaps and macros. Anything else you'd like to know?
 [Buyer] What is the price? Please let me know.
 [Merchant] The current official price is 18,500 taka.
 [Buyer] Could you give a small discount? My budget is closer to 16,638 taka.
 [Merchant] Since you are confirming today, I can meet you in the middle at 17,569 taka.
 [Buyer] Meet me at 17,069 taka and I'll pay immediately.
 [Merchant] Okay, 17,069 taka. But that's absolutely the last adjustment.
 [Buyer] 17,069 taka works. Please confirm my order. What are the delivery options and charges?
 [Merchant] We use premium courier services. It takes 1 day for Dhaka (100 taka) and 2-3 days outside (160 taka). We just need 500 taka sent to our merchant bKash as a security deposit for the courier. The remaining amount will be collected as COD.
 [Buyer] Why the advance? I want 100% Cash on Delivery without any prior payment.
 [Merchant] We sympathize, but this is a strict company policy for items over 10,000 taka to prevent fake orders. You can verify our trade license and physical store in Multiplan Center.
 [Buyer] Alright, that makes sense. I will send the 500 taka advance.
 [Merchant] Thank you for understanding! Please send 500 taka to 01788686240 (Merchant) and share the TrxID.
 [Buyer] Sent 500 taka. TrxID is BK18X211P. Please deliver to: Sector 7, Road 18, House 5, Uttara, Dhaka. Mobile: 01712349911.
 [Merchant] Payment received and verified. Your order is confirmed. The remaining 16,669 taka will be collected on delivery.",yes,PURCHASE_COMMITTED,Ghoster,Keychron Q1 Pro Custom Keyboard,Computing & Peripherals
10488,ENG_489,"[Buyer] Sony WH-1000XM5 Wireless Headphones in stock?
 [Merchant] hello there! Yes indeed, the Sony WH-1000XM5 Wireless Headphones are fully in stock and ready to ship.
 [Buyer] Physical inventory on hand right now?
 [Merchant] right right here in our inventory! yuo are also most welcome to drop by our outlet to check it out.
 [Buyer] Delivery timeline? Need urgently.
 [Merchant] If you can lock in the order within the next hour, we will dispatch it today for delivery inside Dhaka by tomorrow!
 [Buyer] Does it fold?
 [Merchant] let me double check for you! The XM5 doesn't fold at the hinges like the previous XM4 version, but it does include a very sleek moulded carry case.
 [Buyer] Multi-point Bluetooth supported?
 [Merchant] Let me double check for you! Yes absolutely, yuo can link it with two separate devices at the same time, like your laptop and phone.
 [Buyer] right total price?
 [Merchant] The total price for this unit comes to 32,000 taka.
 [Buyer] Home delivery steps?
 [Merchant] Delivery charges are 100 taka inside Dhaka and 160 taka outside. We ship right away after order confirmation. We just request a 500 taka advance sent to our merchant bKash as a security deposit for courier handling, and the balance will be collected via COD.
 [Buyer] why advance? Too many scams.
 [Merchant] We completely understand your concern! It is simply our standard procedure to prevent fake orders. Plus, we always allow an open-box inspection in front of the delivery rider before you pay teh remaining COD amount
 [Buyer] so okay. Sending 500 taka now
 [Merchant] We truly appreciate your trust! Kindly send the 500 taka to 01712207230 (Merchant) and drop teh TrxID here.
 [Buyer] 500 taka sent. TrxID: BK23X303P. Address: Building 24, Road 8, Mirpur DOHS, Dhaka. Phone: 01819876543
 [Merchant] Payment verified successfully! Your order is all set. The remaining balance of 31,600 taka will be collected upon delivery",yes,PURCHASE_COMMITTED,Urgent,Sony WH-1000XM5 Wireless Headphones,Audio & Visual Gear
10489,ENG_490,"[Buyer] Good afternoon, I am looking for the Samsung T7 Shield 2TB Portable SSD. Can you confirm stock?
 [Merchant] Hi there! Thanks for reaching out. We do have it available.
 [Buyer] Great. What condition is it in? Is it 100% intact?
 [Merchant] Of course. It's an official global version, sealed box, with full warranty.
 [Buyer] Is there any warranty coverage? For how long?
 [Merchant] Full 1-year warranty. Just bring the invoice and we handle the rest.
 [Buyer] I had a technical question. Does it work with both Windows and Mac?
 [Merchant] Yes, it ships exFAT formatted and works on Windows, macOS, and Android out of the box.
 [Buyer] I need multiple pieces for my office. Any bulk pricing?
 [Merchant] Yes, bulk orders get a better rate. For 5+ units we offer meaningful savings.
 [Buyer] Thanks. How much does it cost in total?
 [Merchant] The current official price is 22,500 taka.
 [Buyer] Could you give a small discount? My budget is closer to 21,426 taka.
 [Merchant] Margin is tight, but I want to make this sale. I'll agree to 21,963 taka.
 [Buyer] Deal at 21,963 taka. Let's proceed. What are the delivery options and charges?
 [Merchant] We use premium courier services. It takes 1 day for Dhaka (100 taka) and 2-3 days outside (160 taka). Since it's a high-value item, our policy requires a 500 taka advance payment. You can pay the rest to the delivery man.
 [Buyer] Is the advance strictly necessary? I'd rather do full COD.
 [Merchant] Fine, we can make an exception. Full Cash on Delivery, no advance needed.
 [Buyer] Great, full COD works for me. Let's do it.
 [Merchant] Perfect. Please share your full delivery address and mobile number to book the parcel.
 [Buyer] Address: Zindabazar, Lamabazar Road, Sylhet. Mobile: 01687654321.
 [Merchant] Order confirmed and booked. Full 22,063 taka is payable to the rider on delivery.",yes,PURCHASE_COMMITTED,BulkBuyer,Samsung T7 Shield 2TB Portable SSD,Computing & Peripherals
10490,ENG_491,"[Buyer] Hello, is the Dyson Purifier Cool TP07 currently in stock?
 [Merchant] Hello! Yes, the Dyson Purifier Cool TP07 is available in our ready stock.
 [Buyer] I see. And Is it loud at night?
 [Merchant] Good question. There's a dedicated night mode that caps fan speed and dims the display. Anything else you'd like to know?
 [Buyer] I had a technical question. How far does it oscillate?
 [Merchant] It features adjustable oscillation up to 350 degrees to project air across the whole room.
 [Buyer] I had a technical question. How often do filters need replacing?
 [Merchant] Absolutely. Roughly every 12 months at 12 hours of daily use; the app tracks remaining filter life.
 [Buyer] What kind of warranty do I get with this?
 [Merchant] Full 1-year warranty. Just bring the invoice and we handle the rest.
 [Buyer] Can you send me a real photo of the actual unit, not a stock image?
 [Merchant] Yes, I can share the import invoice. We're a registered importer.
 [Buyer] Okay, that sounds good. How much are you asking for it?
 [Merchant] Our selling price for this unit is 68,000 taka.
 [Buyer] Any chance you can lower the price a bit? Maybe 66,189 taka?
 [Merchant] Since you are confirming today, I can meet you in the middle at 67,095 taka.
 [Buyer] Deal at 67,095 taka. Let's proceed. How fast can you deliver it to my address?
 [Merchant] We offer home delivery all over Bangladesh via Steadfast/Pathao. Inside Dhaka is 100 taka (24 hours), Outside Dhaka is 160 taka (48-72 hours). We just need 500 taka sent to our merchant bKash as a security deposit for the courier. The remaining amount will be collected as COD.
 [Buyer] Great, full COD works for me. Let's do it.
 [Merchant] Perfect. Please share your full delivery address and mobile number to book the parcel.
 [Buyer] Address: Shaheb Bazar, Master Para, Rajshahi. Mobile: 01734567890.
 [Merchant] Order confirmed and booked. Full 67,195 taka is payable to the rider on delivery.",yes,PURCHASE_COMMITTED,Skeptic,Dyson Purifier Cool TP07,Home & Kitchen Appliances
10491,ENG_492,"[Buyer] ok hello, could you please tell me if the Breville Barista Express Espresso Machine is currently in stock?
 [Merchant] Hello there! Yes indeed, we have it ready and waiting for immediate delivery today
 [Buyer] Thank you for letting me know. Does this particular model come with a built-in grinder, please?
 [Merchant] sure that is a great question. Yes it does! It features an integrated precision conical burr grinder complete with dose control. I hope this information is helpful to you.
 [Buyer] I appreciate that. Could you kindly tell me what size the portafilter is?
 [Merchant] To give yuo the exact detail, it is equipped with a standard 54mm stainless steel portafilter.
 [Buyer] Thank you. Another quick question if I may: approximately how long does it take to heat up?
 [Merchant] wonderful question! It takes about 30 seconds from a cold start to your very first shot, all thanks to the built-in Thermocoil.
 [Buyer] well thank you for the clarification. Is there any possibility that this is a used or open-box item, please?
 [Merchant] Not at all, it is an official global version, completely factory sealed in its box, and backed by a full warranty.
 [Buyer] thank you so much. Would you be so kind as to share a real photograph of the actual unit rather than just a stock image?
 [Merchant] yes, absolutely! I can gladly share the official import invoice with you as well. We are a fully registered importer.
 [Buyer] that is very reassuring, thank you. Could you please tell me the total cost for the machine?
 [Merchant] we are currently running a special offer, pricing it at 78,000 taka.
 [Buyer] hmm thank you. Would you perhaps consider lowering the price just a little bit, maybe down to 76,585 taka please?
 [Merchant] our profit margins are quite tight, but we really want to make this sale happen for you. I can agree to a special pirce of 77,293 taka.
 [Buyer] 77,293 taka sounds fair to me, thank you. Please confirm my order, and kindly let me know how quickly you can deliver it to my location
 [Merchant] We provide dependable home delivery across all of Bangladesh through Steadfast and Pathao. Delivery inside Dhaka is 100 taka taking about 24 hours, while outside Dhaka is 160 taka taking 48 to 72 hours. We simply require a small 500 taka security deposit sent to our merchant bKash account for courier confirmation, and the remaining balance will be collected via cash on delivery.
 [Buyer] I am terribly sorry, but I feel quite uncomfortable sending any advance payment because I have had negative experiences with pages taking deposits and disappearing. Would it be possible to do a fully cash-on-delivery transaction, please?
 [Merchant] I completely understand your concern, but please rest assured that the 500 taka is strictly for courier security. We have a solid 5-year track record and thousands of wonderful customer reviews to back us up. Unfortunately, we cannot bypass this mandatory policy.
 [Buyer] hmm alright, I understand your position and appreciate your patience with me. I will go ahead and send the 500 taka advance now, thank you.
 [Merchant] thank you so much for your understanding and cooperation! Please send the 500 taka to 01716307703 (Merchant bKash) and kindly share the Transaction ID with us.
 [Buyer] Thank you, I have just sent the 500 taka. The TrxID is BK56X793P. Please deliver the package to: Apartment 6B, House 42, Road 11, Banani, Dhaka. My contact mobile number is 01687654321.
 [Merchant] we have successfully received and verified your payment! Your order is now officially confirmed. The remaining balance of 76,893 taka will be conveniently collected upon delivery. Thank you for shopping with us!",yes,PURCHASE_COMMITTED,Skeptic,Breville Barista Express Espresso Machine,Home & Kitchen Appliances
10492,ENG_493,"[Buyer] Hello. Interested in the Fujifilm X-T30 II Mirrorless Camera. Still selling?
 [Merchant] Hello sir/ma'am. Yes, it's currently available for immediate delivery.
 [Buyer] Does this include a kit lens?
 [Merchant] Yes, this package includes the XC 15-45mm OIS PZ lens. Let me know if you need more detail.
 [Buyer] Can it shoot 4K video?
 [Merchant] Yes, it records oversampled 4K/30p video with no crop.
 [Buyer] Sorry, one more time: is this in hand, or do you have to bring it in?
 [Merchant] In hand and ready. You can even come see it at our outlet.
 [Buyer] How soon can it reach me? I need it urgently.
 [Merchant] We can prioritize your parcel. Confirm now and it goes out with today's pickup.
 [Buyer] Great. What's your best price for this item?
 [Merchant] For the genuine sealed unit, the price is 98,000 taka.
 [Buyer] That's a bit steep. Can you offer any discount on that?
 [Merchant] Margin is tight, but I want to make this sale. I'll agree to 96,965 taka.
 [Buyer] Can you shave off a little more? Round it to 96,465 taka and I'll confirm now.
 [Merchant] You drive a hard bargain. 96,465 taka, final.
 [Buyer] Deal at 96,465 taka. Let's proceed. Do you deliver outside Dhaka?
 [Merchant] Delivery charge is 100 taka for Dhaka, 160 taka outside. Packages are fully insured. For order confirmation, a 500 taka advance via bKash is mandatory. The balance is full Cash on Delivery (COD).
 [Buyer] Why the advance? I want 100% Cash on Delivery without any prior payment.
 [Merchant] It is standard procedure to avoid fake courier requests. We offer an open-box inspection in front of the rider before you pay the remaining COD amount.
 [Buyer] Okay, I understand. I'll trust your page this time. Sending the advance now.
 [Merchant] Thank you for understanding! Please send 500 taka to 01737287915 (Merchant) and share the TrxID.
 [Buyer] Sent 500 taka. TrxID is BK75X984P. Please deliver to: Sector 7, Road 18, House 5, Uttara, Dhaka. Mobile: 01687654321.
 [Merchant] Payment received and verified. Your order is confirmed. The remaining 96,125 taka will be collected on delivery.",yes,PURCHASE_COMMITTED,Urgent,Fujifilm X-T30 II Mirrorless Camera,Audio & Visual Gear
10493,ENG_494,"[Buyer] Hi, I want to buy the Sony WH-1000XM5 Wireless Headphones. Let me know if it's available.
 [Merchant] Greetings! Yes, we have brand new units in stock.
 [Buyer] Is this worth it over the previous generation?
 [Merchant] It's a genuine step up, and more importantly ours is official stock with real warranty support.
 [Buyer] What variants are available right now?
 [Merchant] Right now we have these in stock: Black, Silver, Midnight Blue.
 [Buyer] Great. What condition is it in? Is it 100% intact?
 [Merchant] Yes, it is guaranteed brand new and sealed. You'll be the first to open it.
 [Buyer] I had a technical question. Does it fold up for travel?
 [Merchant] Certainly. The XM5 does not fold at the hinges like the XM4, but it comes with a slim moulded carry case. That's straight from the official spec sheet.
 [Buyer] Quick one - how is the active noise cancellation compared to the XM4?
 [Merchant] Certainly. The XM5 uses two processors and 8 microphones for significantly improved noise cancellation, especially for high-frequency sounds.
 [Buyer] Who handles warranty claims if something goes wrong?
 [Merchant] Official 1-year coverage. Physical damage and water damage are excluded, as usual.
 [Buyer] Thanks. How much does it cost in total?
 [Merchant] It's 32,000 taka, all inclusive.
 [Buyer] Alright. Do you do home delivery? And what is the fee?
 [Merchant] We offer home delivery all over Bangladesh via Steadfast/Pathao. Inside Dhaka is 100 taka (24 hours), Outside Dhaka is 160 taka (48-72 hours). Since it's a high-value item, our policy requires a 500 taka advance payment. You can pay the rest to the delivery man.
 [Buyer] I am not comfortable sending an advance. I've had bad experiences with pages taking advance and blocking. Can you do full COD?
 [Merchant] It is standard procedure to avoid fake courier requests. We offer an open-box inspection in front of the rider before you pay the remaining COD amount.
 [Buyer] Okay, I understand. I'll trust your page this time. Sending the advance now.
 [Merchant] Thank you for understanding! Please send 500 taka to 01775440844 (Merchant) and share the TrxID.
 [Buyer] Sent 500 taka. TrxID is BK50X279P. Please deliver to: College Road, Bogra Sadar, Bogura. Mobile: 01734567890.
 [Merchant] Payment received and verified. Your order is confirmed. The remaining 31,660 taka will be collected on delivery.",yes,PURCHASE_COMMITTED,Ghoster,Sony WH-1000XM5 Wireless Headphones,Audio & Visual Gear
10494,ENG_495,"[Buyer] Hello. Do you still have the Keychron Q1 Pro Custom Keyboard?
 [Merchant] Hello sir/ma'am. Yes, it's currently available for immediate delivery.
 [Buyer] Thanks. How much does it cost in total?
 [Merchant] For the genuine sealed unit, the price is 18,500 taka.
 [Buyer] How heavy is it?
 [Merchant] Absolutely. The full aluminum build weighs around 1.6 kg, so it stays firmly planted on the desk.
 [Buyer] One more on the specs. What type of switches does it come with?
 [Merchant] Checking the spec sheet - it comes pre-installed with Keychron K Pro Banana tactile switches, but it's fully hot-swappable. Hope that helps!
 [Buyer] Quick one - is the body plastic or metal?
 [Merchant] Certainly. It has a premium full CNC machined aluminum body. Let me know if you need more detail.
 [Buyer] I've seen it slightly cheaper elsewhere. Can you do 16,325 taka?
 [Merchant] Margin is tight, but I want to make this sale. I'll agree to 17,413 taka.
 [Buyer] Deal at 17,413 taka. Let's proceed. I need it delivered to my home. What's the procedure?
 [Merchant] We offer home delivery all over Bangladesh via Steadfast/Pathao. Inside Dhaka is 100 taka (24 hours), Outside Dhaka is 160 taka (48-72 hours). For order confirmation, a 500 taka advance via bKash is mandatory. The balance is full Cash on Delivery (COD).
 [Buyer] Great, full COD works for me. Let's do it.
 [Merchant] Perfect. Please share your full delivery address and mobile number to book the parcel.
 [Buyer] Address: Zindabazar, Lamabazar Road, Sylhet. Mobile: 01687654321.
 [Merchant] Order confirmed and booked. Full 17,513 taka is payable to the rider on delivery.",yes,PURCHASE_COMMITTED,DeliveryObsessed,Keychron Q1 Pro Custom Keyboard,Computing & Peripherals
10495,ENG_496,"[Buyer] sony wh-1000xm5 available?
 [Merchant] Greetings. Yes, the Sony WH-1000XM5 Wireless Headphones are currently in stock and available for purchase.
 [Buyer] how fast u send... need it super fast
 [Merchant] We provide same-day delivery inside Dhaka via Pathao courier service. Please note that expedited delivery incurs a standard fee of approximately 200 taka.
 [Buyer] got fast charge tho? hope it works
 [Merchant] Yes, it features rapid charging technology. A brief 3 minutes of charging provides approximately 3 hours of continuous playback.
 [Buyer] wait is this actually ready stock or waiting for import? dont wanna get scammed
 [Merchant] All our products are 100% authentic with official warranty coverage. The items are physical ready stock in our inventory, and you are welcome to visit our physical outlet to inspect them personally.
 [Buyer] ok... what's final price then
 [Merchant] The official retail price for this unit is 32,000 taka, inclusive of all standard warranty benefits.
 [Buyer] any drop plz? can u do 30,887 taka... thats all i have
 [Merchant] Our profit margins are strictly regulated, but we can offer a promotional price of 31,444 taka to finalize this transaction.
 [Buyer] thnx for lowering... but let me check first, bit scared to order online
 [Merchant] Certainly, take your time to review our official policies. Please be advised that inventory is limited and subject to availability, so we recommend confirming promptly.",no,DEFERRED_CONSIDERATION,Urgent,Sony WH-1000XM5 Wireless Headphones,Audio & Visual Gear
10496,ENG_497,"[Buyer] hi saw ur post about garmin forerunner 265 gps watch u got it in stock?
 [Merchant] Hello, ma'am! Yes, we certainly do have it in stock and ready for delivery.
 [Buyer] nice fast reply usually people take forever
 [Merchant] We always strive to respond promptly to all our customers within a few minutes.
 [Buyer] can u put music on the watch itself
 [Merchant] Yes, sir! It features 8GB of internal storage so you can easily download your music for phone-free workouts.
 [Buyer] gps good round town?
 [Merchant] It features advanced Multi-band GNSS technology, ensuring exceptional tracking accuracy even around tall buildings.
 [Buyer] what colors u got
 [Merchant] Currently, we have the Black/Powder Grey, Whitestone, and Aqua variants available.
 [Buyer] thnx how much total
 [Merchant] The fixed price for this premium model is 46,500 taka, ma'am.
 [Buyer] any discount last price 45,449 taka?
 [Merchant] As a special courtesy for your purchase today, we can offer it to you for 45,975 taka.
 [Buyer] alright lemme think bout it
 [Merchant] Take all the time you need, sir. Please let us know whenever you are ready.",no,DEFERRED_CONSIDERATION,Ghoster,Garmin Forerunner 265 GPS Watch,Sports & Fitness
10497,ENG_498,"[Buyer] Hi there, is the Viofo A129 Pro Duo 4K Dash Cam available in ready stock?
 [Merchant] Hello sir/ma'am. Yes, it's currently available for immediate delivery.
 [Buyer] Understood. Could you let me know the current price?
 [Merchant] The current official price is 23,500 taka.
 [Buyer] Which colors do you have in stock?
 [Merchant] We currently stock Standard Bundle, Bundle + HK3 Kit. All at the same price.
 [Buyer] Does it record while parked?
 [Merchant] Yes, but you need to purchase and install the optional HK3 Hardwire Kit to enable buffered parking mode.
 [Buyer] Is there a GPS logger?
 [Merchant] Good question. Yes, the bundled GPS mount stamps speed and location onto the footage.
 [Buyer] I had a technical question. Does it have built-in WiFi to download videos?
 [Merchant] Yes, it features dual-band (2.4GHz & 5GHz) WiFi for fast video transfers to your phone. Hope that helps!
 [Buyer] Is the price fixed or negotiable? I was hoping for 21,531 taka.
 [Merchant] For you, 22,516 taka. That's genuinely the floor.
 [Buyer] Almost there. Do 22,316 taka and it's a deal.
 [Merchant] Okay, 22,316 taka. But that's absolutely the last adjustment.
 [Buyer] 22,316 taka works. Please confirm my order. What are the delivery options and charges?
 [Merchant] We offer home delivery all over Bangladesh via Steadfast/Pathao. Inside Dhaka is 100 taka (24 hours), Outside Dhaka is 160 taka (48-72 hours). For order confirmation, a 500 taka advance via bKash is mandatory. The balance is full Cash on Delivery (COD).
 [Buyer] Is the advance strictly necessary? I'd rather do full COD.
 [Merchant] It is standard procedure to avoid fake courier requests. We offer an open-box inspection in front of the rider before you pay the remaining COD amount.
 [Buyer] Sure, I'll pay the advance. Please share your bKash number.
 [Merchant] Thank you for understanding! Please send 500 taka to 01795646417 (Merchant) and share the TrxID.
 [Buyer] Sent 500 taka. TrxID is BK18X687P. Please deliver to: House 102, Road 5, Block B, Bashundhara R/A, Dhaka. Mobile: 01711223388.
 [Merchant] Payment received and verified. Your order is confirmed. The remaining 21,916 taka will be collected on delivery.",yes,PURCHASE_COMMITTED,Ghoster,Viofo A129 Pro Duo 4K Dash Cam,Automotive & Riding Gear
10498,ENG_499,"[Buyer] Hello! I saw your post regarding the Dyson Purifier Cool TP07. Do you have it?
 [Merchant] Greetings! Yes, we have brand new units in stock.
 [Buyer] Do you have any color options, or just one?
 [Merchant] Available variants are White/Silver, Black/Nickel.
 [Buyer] Perfect. Just confirming, this is a completely sealed, unopened unit right?
 [Merchant] Of course. It's an official global version, sealed box, with full warranty.
 [Buyer] How does this compare to the model one tier below it?
 [Merchant] The main gains are in build quality and the warranty backing. Cheaper listings are often grey-market imports with no local service.
 [Buyer] I had a technical question. Does it cool the room like an AC?
 [Merchant] Let me confirm that for you. No, it is a fan and purifier. It circulates purified air but does not have a compressor to lower the room temperature. Hope that helps!
 [Buyer] I had a technical question. How often do filters need replacing?
 [Merchant] Right, so Roughly every 12 months at 12 hours of daily use; the app tracks remaining filter life. Anything else you'd like to know?
 [Buyer] Quick one - what kind of filters does it use?
 [Merchant] It uses a fully sealed HEPA H13 standard filter that captures 99.97% of particles as small as 0.3 microns. Hope that helps!
 [Buyer] Quick one - does it connect to WiFi?
 [Merchant] Checking the spec sheet - yes, you can control it and monitor air quality in real-time using the MyDyson app via WiFi.
 [Buyer] Alright. So what is the final price for this?
 [Merchant] Our selling price for this unit is 68,000 taka.
 [Buyer] I've seen it slightly cheaper elsewhere. Can you do 66,463 taka?
 [Merchant] For you, 67,232 taka. That's genuinely the floor.
 [Buyer] Can you shave off a little more? Round it to 66,732 taka and I'll confirm now.
 [Merchant] You drive a hard bargain. 66,732 taka, final.
 [Buyer] Okay, I'm happy with 66,732 taka. Book it for me. Do you deliver outside Dhaka?
 [Merchant] We offer home delivery all over Bangladesh via Steadfast/Pathao. Inside Dhaka is 100 taka (24 hours), Outside Dhaka is 160 taka (48-72 hours). Since it's a high-value item, our policy requires a 500 taka advance payment. You can pay the rest to the delivery man.
 [Buyer] I am not comfortable sending an advance. I've had bad experiences with pages taking advance and blocking. Can you do full COD?
 [Merchant] Sir, it's just 500 taka for courier security. We have a solid 5-year track record and thousands of reviews. We cannot bypass this policy, unfortunately.
 [Buyer] Fair enough. I'll send the 500 taka to confirm the booking.
 [Merchant] Thank you for understanding! Please send 500 taka to 01792720629 (Merchant) and share the TrxID.
 [Buyer] Sent 500 taka. TrxID is BK11X823P. Please deliver to: College Road, Bogra Sadar, Bogura. Mobile: 01611778899.
 [Merchant] Payment received and verified. Your order is confirmed. The remaining 66,332 taka will be collected on delivery.",yes,PURCHASE_COMMITTED,Ghoster,Dyson Purifier Cool TP07,Home & Kitchen Appliances
10499,ENG_500,"[Buyer] Hey, I am interested in purchasing the Sony WH-1000XM5 Wireless Headphones. Is it available?
 [Merchant] Hello! Yes, the Sony WH-1000XM5 Wireless Headphones is available in our ready stock.
 [Buyer] Is there any warranty coverage? For how long?
 [Merchant] Full 1-year warranty. Just bring the invoice and we handle the rest.
 [Buyer] Could you share a picture of the sealed box with today's date?
 [Merchant] Yes, I can share the import invoice. We're a registered importer.
 [Buyer] Just double-checking - it's physically in your shop right now, not on order?
 [Merchant] In hand and ready. You can even come see it at our outlet.
 [Buyer] How is the active noise cancellation compared to the XM4?
 [Merchant] The XM5 uses two processors and 8 microphones for significantly improved noise cancellation, especially for high-frequency sounds. That's straight from the official spec sheet.
 [Buyer] Also, can I use them wired if the battery dies?
 [Merchant] Let me confirm that for you. Yes, it comes with a 3.5mm headphone cable for passive wired listening.
 [Buyer] I had a technical question. Is there a quick charge feature?
 [Merchant] Yes, 3 minutes of charging gives you around 3 hours of playback. Hope that helps!
 [Buyer] How does this compare to the model one tier below it?
 [Merchant] Price differences usually come from unofficial imports. Ours is official, with paperwork.
 [Buyer] Great. What condition is it in? Is it 100% intact?
 [Merchant] Brand new, untouched, seal intact. We don't sell refurbished items at all.
 [Buyer] Okay, that sounds good. How much are you asking for it?
 [Merchant] We are currently offering it for 32,000 taka.
 [Buyer] I've seen it slightly cheaper elsewhere. Can you do 29,761 taka?
 [Merchant] Alright, I can give a small concession. Final price 30,881 taka. Deal?
 [Buyer] Can you shave off a little more? Round it to 30,381 taka and I'll confirm now.
 [Merchant] Okay, 30,381 taka. But that's absolutely the last adjustment.
 [Buyer] Alright, 30,381 taka sounds fair. I'll take it. What are the delivery options and charges?
 [Merchant] Delivery is 100 taka inside Dhaka and 160 taka outside. We dispatch immediately upon order confirmation. To confirm the order, we require a small 500 taka advance via bKash to cover the courier booking fee. The rest is Cash on Delivery.
 [Buyer] Too many scam pages these days. Why should I trust you with an advance?
 [Merchant] We sympathize, but this is a strict company policy for items over 10,000 taka to prevent fake orders. You can verify our trade license and physical store in Multiplan Center.
 [Buyer] Fair enough. I'll send the 500 taka to confirm the booking.
 [Merchant] Thank you for understanding! Please send 500 taka to 01772309387 (Merchant) and share the TrxID.
 [Buyer] Sent 500 taka. TrxID is BK52X142P. Please deliver to: House 14, Road 3, Dhanmondi, Dhaka. Mobile: 01711223388.
 [Merchant] Payment received and verified. Your order is confirmed. The remaining 29,981 taka will be collected on delivery.",yes,PURCHASE_COMMITTED,Skeptic,Sony WH-1000XM5 Wireless Headphones,Audio & Visual Gear
